#
# A fatal error has been detected by the Java Runtime Environment:
#
#  EXCEPTION_ACCESS_VIOLATION (0xc0000005) at pc=0x00007ffb25bded33, pid=15348, tid=4760
#
# JRE version: Java(TM) SE Runtime Environment (21.0.8+12) (build 21.0.8+12-LTS-250)
# Java VM: Java HotSpot(TM) 64-Bit Server VM (21.0.8+12-LTS-250, mixed mode, emulated-client, sharing, tiered, compressed oops, compressed class ptrs, g1 gc, windows-amd64)
# Problematic frame:
# V  [jvm.dll+0x26ed33]
#
# No core dump will be written. Minidumps are not enabled by default on client versions of Windows
#
# If you would like to submit a bug report, please visit:
#   https://bugreport.java.com/bugreport/crash.jsp
#

---------------  S U M M A R Y ------------

Command Line: -agentlib:jdwp=transport=dt_socket,address=127.0.0.1:55850,suspend=y,server=n -javaagent:C:\Users\trung\AppData\Local\JetBrains\IntelliJIdea2025.2\captureAgent\debugger-agent.jar=file:///C:/Users/trung/AppData/Local/Temp/capture1705928215475656846.props -agentpath:C:\Users\trung\AppData\Local\Temp\idea_libasyncProfiler_dll_temp_folder4275\libasyncProfiler.dll=version,jfr,event=wall,interval=10ms,cstack=no,file=C:\Users\trung\IdeaSnapshots\VibetalkApiApplication_2025_09_17_112231.jfr,dbghelppath=C:\Users\trung\AppData\Local\Temp\idea_dbghelp_dll_temp_folder25192\dbghelp.dll,log=C:\Users\trung\AppData\Local\Temp\VibetalkApiApplication_2025_09_17_112231.jfr.log.txt,logLevel=DEBUG -XX:TieredStopAtLevel=1 -Dspring.output.ansi.enabled=always -Dcom.sun.management.jmxremote -Dspring.jmx.enabled=true -Dspring.liveBeansView.mbeanDomain -Dspring.application.admin.enabled=true -Dmanagement.endpoints.jmx.exposure.include=* -Dkotlinx.coroutines.debug.enable.creation.stack.trace=false -Ddebugger.agent.enable.coroutines=true -Dkotlinx.coroutines.debug.enable.flows.stack.trace=true -Dkotlinx.coroutines.debug.enable.mutable.state.flows.stack.trace=true -Dfile.encoding=UTF-8 -Dsun.stdout.encoding=UTF-8 -Dsun.stderr.encoding=UTF-8 com.gnxrt.vibetalkapi.VibetalkApiApplication

Host: AMD Ryzen 7 4800H with Radeon Graphics         , 16 cores, 15G,  Windows 11 , 64 bit Build 26100 (10.0.26100.1591)
Time: Wed Sep 17 11:22:40 2025 SE Asia Standard Time elapsed time: 8.369740 seconds (0d 0h 0m 8s)

---------------  T H R E A D  ---------------

Current thread (0x0000024d483e6290):  JavaThread "restartedMain"        [_thread_in_vm, id=4760, stack(0x00000080a1b00000,0x00000080a1c00000) (1024K)]

Stack: [0x00000080a1b00000,0x00000080a1c00000],  sp=0x00000080a1bfd618,  free space=1013k
Native frames: (J=compiled Java code, j=interpreted, Vv=VM code, C=native code)
V  [jvm.dll+0x26ed33]

Java frames: (J=compiled Java code, j=interpreted, Vv=VM code)
j  org.hibernate.sql.model.internal.TableUpdateStandard.accept(Lorg/hibernate/sql/ast/SqlAstWalker;)V+2
j  org.hibernate.sql.ast.spi.AbstractSqlAstTranslator.translateTableMutation(Lorg/hibernate/sql/model/ast/TableMutation;)Lorg/hibernate/sql/exec/spi/JdbcOperation;+2
j  org.hibernate.sql.ast.spi.AbstractSqlAstTranslator.translate(Lorg/hibernate/sql/exec/spi/JdbcParameterBindings;Lorg/hibernate/query/spi/QueryOptions;)Lorg/hibernate/sql/exec/spi/JdbcOperation;+30
j  org.hibernate.sql.model.ast.AbstractTableMutation.createMutationOperation(Lorg/hibernate/sql/model/ValuesAnalysis;Lorg/hibernate/engine/spi/SessionFactoryImplementor;)Lorg/hibernate/sql/model/MutationOperation;+33
j  org.hibernate.persister.entity.mutation.AbstractMutationCoordinator.createOperationGroup(Lorg/hibernate/sql/model/ValuesAnalysis;Lorg/hibernate/sql/model/ast/MutationGroup;)Lorg/hibernate/sql/model/MutationOperationGroup;+52
j  org.hibernate.persister.entity.mutation.UpdateCoordinatorStandard.buildStaticUpdateGroup()Lorg/hibernate/sql/model/MutationOperationGroup;+83
j  org.hibernate.persister.entity.mutation.UpdateCoordinatorStandard.<init>(Lorg/hibernate/persister/entity/AbstractEntityPersister;Lorg/hibernate/engine/spi/SessionFactoryImplementor;)V+8
j  org.hibernate.persister.entity.AbstractEntityPersister.buildUpdateCoordinator()Lorg/hibernate/persister/entity/mutation/UpdateCoordinator;+42
j  org.hibernate.persister.entity.AbstractEntityPersister.doLateInit()V+161
j  org.hibernate.persister.entity.AbstractEntityPersister.postInstantiate()V+1
j  org.hibernate.metamodel.model.domain.internal.MappingMetamodelImpl.finishInitialization(Lorg/hibernate/metamodel/spi/RuntimeModelCreationContext;)V+148
j  org.hibernate.internal.SessionFactoryImpl.initializeMappingModel(Lorg/hibernate/metamodel/model/domain/internal/MappingMetamodelImpl;Lorg/hibernate/boot/spi/BootstrapContext;Lorg/hibernate/boot/spi/MetadataImplementor;Lorg/hibernate/boot/spi/SessionFactoryOptions;)V+18
j  org.hibernate.internal.SessionFactoryImpl.<init>(Lorg/hibernate/boot/spi/MetadataImplementor;Lorg/hibernate/boot/spi/SessionFactoryOptions;Lorg/hibernate/boot/spi/BootstrapContext;)V+599
j  org.hibernate.boot.internal.SessionFactoryBuilderImpl.build()Lorg/hibernate/SessionFactory;+16
j  org.hibernate.jpa.boot.internal.EntityManagerFactoryBuilderImpl.build()Ljakarta/persistence/EntityManagerFactory;+22
j  org.springframework.orm.jpa.vendor.SpringHibernateJpaPersistenceProvider.createContainerEntityManagerFactory(Ljakarta/persistence/spi/PersistenceUnitInfo;Ljava/util/Map;)Ljakarta/persistence/EntityManagerFactory;+59
j  org.springframework.orm.jpa.LocalContainerEntityManagerFactoryBean.createNativeEntityManagerFactory()Ljakarta/persistence/EntityManagerFactory;+111
j  org.springframework.orm.jpa.AbstractEntityManagerFactoryBean.buildNativeEntityManagerFactory()Ljakarta/persistence/EntityManagerFactory;+1
j  org.springframework.orm.jpa.AbstractEntityManagerFactoryBean.afterPropertiesSet()V+192
j  org.springframework.orm.jpa.LocalContainerEntityManagerFactoryBean.afterPropertiesSet()V+81
j  org.springframework.beans.factory.support.AbstractAutowireCapableBeanFactory.invokeInitMethods(Ljava/lang/String;Ljava/lang/Object;Lorg/springframework/beans/factory/support/RootBeanDefinition;)V+56
j  org.springframework.beans.factory.support.AbstractAutowireCapableBeanFactory.initializeBean(Ljava/lang/String;Ljava/lang/Object;Lorg/springframework/beans/factory/support/RootBeanDefinition;)Ljava/lang/Object;+34
j  org.springframework.beans.factory.support.AbstractAutowireCapableBeanFactory.doCreateBean(Ljava/lang/String;Lorg/springframework/beans/factory/support/RootBeanDefinition;[Ljava/lang/Object;)Ljava/lang/Object;+228
j  org.springframework.beans.factory.support.AbstractAutowireCapableBeanFactory.createBean(Ljava/lang/String;Lorg/springframework/beans/factory/support/RootBeanDefinition;[Ljava/lang/Object;)Ljava/lang/Object;+153
j  org.springframework.beans.factory.support.AbstractBeanFactory.lambda$doGetBean$0(Ljava/lang/String;Lorg/springframework/beans/factory/support/RootBeanDefinition;[Ljava/lang/Object;)Ljava/lang/Object;+4
j  org.springframework.beans.factory.support.AbstractBeanFactory$$Lambda+0x0000024d03302998.getObject()Ljava/lang/Object;+16
j  org.springframework.beans.factory.support.DefaultSingletonBeanRegistry.getSingleton(Ljava/lang/String;Lorg/springframework/beans/factory/ObjectFactory;)Ljava/lang/Object;+897
J 3496 c1 org.springframework.beans.factory.support.AbstractBeanFactory.doGetBean(Ljava/lang/String;Ljava/lang/Class;[Ljava/lang/Object;Z)Ljava/lang/Object; (787 bytes) @ 0x0000024d769df92c [0x0000024d769df2a0+0x000000000000068c]
J 3500 c1 org.springframework.beans.factory.support.AbstractBeanFactory.getBean(Ljava/lang/String;Ljava/lang/Class;)Ljava/lang/Object; (9 bytes) @ 0x0000024d769d5bb4 [0x0000024d769d5b40+0x0000000000000074]
j  org.springframework.context.support.AbstractApplicationContext.finishBeanFactoryInitialization(Lorg/springframework/beans/factory/config/ConfigurableListableBeanFactory;)V+220
j  org.springframework.context.support.AbstractApplicationContext.refresh()V+94
j  org.springframework.boot.web.servlet.context.ServletWebServerApplicationContext.refresh()V+1
j  org.springframework.boot.SpringApplication.refresh(Lorg/springframework/context/ConfigurableApplicationContext;)V+1
j  org.springframework.boot.SpringApplication.refreshContext(Lorg/springframework/context/ConfigurableApplicationContext;)V+19
j  org.springframework.boot.SpringApplication.run([Ljava/lang/String;)Lorg/springframework/context/ConfigurableApplicationContext;+113
j  org.springframework.boot.SpringApplication.run([Ljava/lang/Class;[Ljava/lang/String;)Lorg/springframework/context/ConfigurableApplicationContext;+9
j  org.springframework.boot.SpringApplication.run(Ljava/lang/Class;[Ljava/lang/String;)Lorg/springframework/context/ConfigurableApplicationContext;+9
j  com.gnxrt.vibetalkapi.VibetalkApiApplication.main([Ljava/lang/String;)V+3
j  java.lang.invoke.LambdaForm$DMH+0x0000024d03003000.invokeStatic(Ljava/lang/Object;Ljava/lang/Object;)V+10 java.base@21.0.8
j  java.lang.invoke.LambdaForm$MH+0x0000024d03191000.invoke(Ljava/lang/Object;Ljava/lang/Object;Ljava/lang/Object;)Ljava/lang/Object;+33 java.base@21.0.8
j  java.lang.invoke.Invokers$Holder.invokeExact_MT(Ljava/lang/Object;Ljava/lang/Object;Ljava/lang/Object;Ljava/lang/Object;)Ljava/lang/Object;+20 java.base@21.0.8
j  jdk.internal.reflect.DirectMethodHandleAccessor.invokeImpl(Ljava/lang/Object;[Ljava/lang/Object;)Ljava/lang/Object;+55 java.base@21.0.8
j  jdk.internal.reflect.DirectMethodHandleAccessor.invoke(Ljava/lang/Object;[Ljava/lang/Object;)Ljava/lang/Object;+23 java.base@21.0.8
j  java.lang.reflect.Method.invoke(Ljava/lang/Object;[Ljava/lang/Object;)Ljava/lang/Object;+102 java.base@21.0.8
j  org.springframework.boot.devtools.restart.RestartLauncher.run()V+47
v  ~StubRoutines::call_stub 0x0000024d75ea100d

siginfo: EXCEPTION_ACCESS_VIOLATION (0xc0000005), reading address 0x0000024d40ca64f4


Registers:
RAX=0x0000000000000054, RBX=0x0000024d40ca620a, RCX=0x0000024d40ca620a, RDX=0x0000000000000054
RSP=0x00000080a1bfd618, RBP=0x00000080a1bfd750, RSI=0x0000024d488dfd80, RDI=0x0000024d483e6290
R8 =0x00007ffb25bdf0b6, R9 =0x0000024d46cae3a0, R10=0x0000024d75ea0000, R11=0x0000024d46caee50
R12=0x0000000000000000, R13=0x0000024d47d45ca0, R14=0x00000000000000b9, R15=0x0000024d47d45c90
RIP=0x00007ffb25bded33, EFLAGS=0x0000000000010202


Register to memory mapping:

RAX=0x0000000000000054 is an unknown value
RBX=0x0000024d40ca620a is an unknown value
RCX=0x0000024d40ca620a is an unknown value
RDX=0x0000000000000054 is an unknown value
RSP=0x00000080a1bfd618 is pointing into the stack for thread: 0x0000024d483e6290
RBP=0x00000080a1bfd750 is pointing into the stack for thread: 0x0000024d483e6290
RSI=0x0000024d488dfd80 points into unknown readable memory: 0x2f6176616a4c3b02 | 02 3b 4c 6a 61 76 61 2f
RDI=0x0000024d483e6290 is a thread
R8 =0x00007ffb25bdf0b6 jvm.dll
R9 =0x0000024d46cae3a0 is pointing into metadata
R10=0x0000024d75ea0000 points into unknown readable memory: 0x0000000000000006 | 06 00 00 00 00 00 00 00
R11={method} {0x0000024d46caee58} 'accept' '(Lorg/hibernate/sql/ast/SqlAstWalker;)V' in 'org/hibernate/sql/model/internal/TableUpdateStandard'
R12=0x0 is null
R13=0x0000024d47d45ca0 points into unknown readable memory: 0x00003e74696e693c | 3c 69 6e 69 74 3e 00 00
R14=0x00000000000000b9 is an unknown value
R15=0x0000024d47d45c90 points into unknown readable memory: 0x0000000000000000 | 00 00 00 00 00 00 00 00

Top of Stack: (sp=0x00000080a1bfd618)
0x00000080a1bfd618:   00007ffb25ab636e 00000080a1bfd6b0
0x00000080a1bfd628:   00007ffb25f41d0d 0000000000000000
0x00000080a1bfd638:   0000024d46cae800 0000024d46caee50
0x00000080a1bfd648:   00007ffb25d48115 00000080a1bfd740
0x00000080a1bfd658:   0000000000000000 0000024d483e6290
0x00000080a1bfd668:   00007ffb25f442ed 0000024d483e6290
0x00000080a1bfd678:   00000080a1bfd7f0 0000024d46caee50
0x00000080a1bfd688:   0000024d483e6290 0000da0297a434f0
0x00000080a1bfd698:   0000024d483e6209 0000024d46c92a2b
0x00000080a1bfd6a8:   00000080a1bfd9a0 0000024d46caee2a
0x00000080a1bfd6b8:   0000024d000000b9 0000024d46caee50
0x00000080a1bfd6c8:   0000000000000000 0000020000000000
0x00000080a1bfd6d8:   00000080a1bfda08 00000080a1bfd9b0
0x00000080a1bfd6e8:   00000080a1bfd9b0 0000024d75ec35dd
0x00000080a1bfd6f8:   0000024d75ea8190 0000000000000000
0x00000080a1bfd708:   0000020000000000 00000080a1bfda08
0x00000080a1bfd718:   00000080a1bfd9b0 00000080a1bfd820
0x00000080a1bfd728:   00007ffb25d0f182 0000024d483e6290
0x00000080a1bfd738:   00000080a1bfd810 00000080a1bfd870
0x00000080a1bfd748:   0000000000000000 0000024d483e6290
0x00000080a1bfd758:   00007ffb25df702d 0000024d483e6290
0x00000080a1bfd768:   0000024d46caee2a 00000080a1bfda20
0x00000080a1bfd778:   0000024d483e6290 000000070d1944f0
0x00000080a1bfd788:   00000000000000b9 00000080a1bfd8a0
0x00000080a1bfd798:   00007ffb25d478dd 0000024d46caee50
0x00000080a1bfd7a8:   0000000000000000 00000000000003d8
0x00000080a1bfd7b8:   0000024d47d46078 0000024d02048058
0x00000080a1bfd7c8:   00000080a1bfd820 000000070d1944f0
0x00000080a1bfd7d8:   00007ffb25f460bf 000000070d1944f0
0x00000080a1bfd7e8:   0000024d46c92a2b 00000080a1bfd8c8
0x00000080a1bfd7f8:   00007ffb25b14372 0000024d75eb2901
0x00000080a1bfd808:   00000080a1bfda01 0000024d483e6290 

Instructions: (pc=0x00007ffb25bded33)
0x00007ffb25bdec33:   5b e9 27 19 40 00 0f b7 49 38 0f b6 c1 c0 e8 02
0x00007ffb25bdec43:   a8 01 75 0c b8 fd ff 00 00 66 23 c8 66 89 4b 38
0x00007ffb25bdec53:   48 83 c4 20 5b c3 cc cc cc cc cc cc cc 48 89 5c
0x00007ffb25bdec63:   24 08 57 48 83 ec 20 48 8b 41 10 49 8b d8 8b fa
0x00007ffb25bdec73:   48 8b 48 10 48 85 c9 75 04 33 c0 eb 06 ff 15 9a
0x00007ffb25bdec83:   83 94 00 4c 8b c3 8b d7 48 8b c8 48 8b 5c 24 30
0x00007ffb25bdec93:   48 83 c4 20 5f e9 63 00 44 00 cc cc cc 48 89 5c
0x00007ffb25bdeca3:   24 08 57 48 83 ec 20 4c 8b 51 20 49 8b f8 44 8b
0x00007ffb25bdecb3:   da 48 8b d9 4d 85 d2 74 1d 41 83 3a 00 74 17 41
0x00007ffb25bdecc3:   0f b7 42 06 45 0f b7 4a 04 c1 e0 10 41 0b c1 99
0x00007ffb25bdecd3:   2b c2 d1 f8 eb 02 33 c0 44 3b d8 74 40 41 8b d3
0x00007ffb25bdece3:   2b d0 43 8d 04 1b 48 63 c8 45 0f b7 4c 4a 02 41
0x00007ffb25bdecf3:   0f b7 04 4a 48 8b cb 41 c1 e1 10 44 0b c8 49 63
0x00007ffb25bded03:   c1 45 0f b7 44 42 06 41 83 c0 02 45 8d 04 50 45
0x00007ffb25bded13:   2b 02 45 03 c1 4c 8b cf e8 10 ef ff ff 48 8b 5c
0x00007ffb25bded23:   24 30 48 83 c4 20 5f c3 cc cc cc cc cc 48 63 c2
0x00007ffb25bded33:   0f b7 44 c1 4a c3 cc cc cc cc cc cc cc 48 8b 41
0x00007ffb25bded43:   20 48 8b 08 33 c0 8b 11 ff ca 85 d2 0f 4f c2 48
0x00007ffb25bded53:   98 48 8d 04 45 0f 00 00 00 48 c1 e8 03 c3 cc cc
0x00007ffb25bded63:   cc cc cc cc cc cc cc cc cc cc cc cc cc 48 8b 41
0x00007ffb25bded73:   20 48 8b 08 8b 01 8d 04 85 07 00 00 00 c3 cc cc
0x00007ffb25bded83:   cc cc cc cc cc cc cc cc cc cc cc cc cc 8b 41 3c
0x00007ffb25bded93:   83 c0 09 c3 cc cc cc cc cc cc cc cc cc 48 89 5c
0x00007ffb25bdeda3:   24 08 48 89 6c 24 10 48 89 74 24 18 57 48 83 ec
0x00007ffb25bdedb3:   20 48 63 fa 48 8b d9 48 8b 09 41 8b d0 49 8b e9
0x00007ffb25bdedc3:   41 8b f0 e8 75 fb ff ff 48 85 c0 75 48 48 8b 03
0x00007ffb25bdedd3:   48 8b d5 48 8b 4c f8 48 e8 c0 e5 4e 00 48 83 7d
0x00007ffb25bdede3:   08 00 48 8b f8 74 04 33 c0 eb 2a 48 8b 03 48 8b
0x00007ffb25bdedf3:   48 10 48 8b 49 10 48 85 c9 75 04 33 c0 eb 06 ff
0x00007ffb25bdee03:   15 18 82 94 00 4c 8b c7 8b d6 48 8b c8 e8 eb fe
0x00007ffb25bdee13:   43 00 48 8b c7 48 8b 5c 24 30 48 8b 6c 24 38 48
0x00007ffb25bdee23:   8b 74 24 40 48 83 c4 20 5f c3 cc cc cc 48 63 c2 


Stack slot to memory mapping:

stack at sp + 0 slots: 0x00007ffb25ab636e jvm.dll
stack at sp + 1 slots: 0x00000080a1bfd6b0 is pointing into the stack for thread: 0x0000024d483e6290
stack at sp + 2 slots: 0x00007ffb25f41d0d jvm.dll
stack at sp + 3 slots: 0x0 is null
stack at sp + 4 slots: 0x0000024d46cae800 is pointing into metadata
stack at sp + 5 slots: {method} {0x0000024d46caee58} 'accept' '(Lorg/hibernate/sql/ast/SqlAstWalker;)V' in 'org/hibernate/sql/model/internal/TableUpdateStandard'
stack at sp + 6 slots: 0x00007ffb25d48115 jvm.dll
stack at sp + 7 slots: 0x00000080a1bfd740 is pointing into the stack for thread: 0x0000024d483e6290


Compiled method (c1)    8395 3496   !   1       org.springframework.beans.factory.support.AbstractBeanFactory::doGetBean (787 bytes)
 total in heap  [0x0000024d769deb10,0x0000024d769e7530] = 35360
 relocation     [0x0000024d769dec70,0x0000024d769df298] = 1576
 main code      [0x0000024d769df2a0,0x0000024d769e2468] = 12744
 stub code      [0x0000024d769e2468,0x0000024d769e28e8] = 1152
 oops           [0x0000024d769e28e8,0x0000024d769e2948] = 96
 metadata       [0x0000024d769e2948,0x0000024d769e2bc0] = 632
 scopes data    [0x0000024d769e2bc0,0x0000024d769e4778] = 7096
 scopes pcs     [0x0000024d769e4778,0x0000024d769e65a8] = 7728
 dependencies   [0x0000024d769e65a8,0x0000024d769e66b0] = 264
 handler table  [0x0000024d769e66b0,0x0000024d769e7448] = 3480
 nul chk table  [0x0000024d769e7448,0x0000024d769e7530] = 232

[Constant Pool (empty)]

[MachCode]
[Entry Point]
  # {method} {0x0000024d440ef3b0} 'doGetBean' '(Ljava/lang/String;Ljava/lang/Class;[Ljava/lang/Object;Z)Ljava/lang/Object;' in 'org/springframework/beans/factory/support/AbstractBeanFactory'
  # this:     rdx:rdx   = 'org/springframework/beans/factory/support/AbstractBeanFactory'
  # parm0:    r8:r8     = 'java/lang/String'
  # parm1:    r9:r9     = 'java/lang/Class'
  # parm2:    rdi:rdi   = '[Ljava/lang/Object;'
  # parm3:    rsi       = boolean
  #           [sp+0x2e0]  (sp of caller)
  0x0000024d769df2a0: 448b 5208 | 49bb 0000 | 0002 4d02 | 0000 4d03 | d34c 3bd0 

  0x0000024d769df2b4: ;   {runtime_call ic_miss_stub}
  0x0000024d769df2b4: 0f85 c6f4 | 50ff 660f | 1f44 0000 
[Verified Entry Point]
  0x0000024d769df2c0: 8984 2400 | 80ff ff55 | 4881 ecd0 | 0200 0090 | 4181 7f20 | 0600 0000 

  0x0000024d769df2d8: ;   {runtime_call StubRoutines (final stubs)}
  0x0000024d769df2d8: 7405 e881 

  0x0000024d769df2dc: ;*aload_0 {reexecute=0 rethrow=0 return_oop=0}
                      ; - org.springframework.beans.factory.support.AbstractBeanFactory::doGetBean@0 (line 246)
  0x0000024d769df2dc: 5a4f ff48 | 8994 24d0 | 0000 004c | 8984 24f0 | 0000 004c | 898c 24e8 | 0000 0048 | 89bc 24d8 
  0x0000024d769df2fc: 0000 0089 | b424 e000 | 0000 498b 

  0x0000024d769df308: ;*invokestatic transformedBeanName {reexecute=0 rethrow=0 return_oop=0}
                      ; - org.springframework.beans.factory.support.AbstractBeanFactory::transformedBeanName@2 (line 1285)
                      ; - org.springframework.beans.factory.support.AbstractBeanFactory::doGetBean@2 (line 246)
  0x0000024d769df308: d066 0f1f 

  0x0000024d769df30c: ;   {static_call}
  0x0000024d769df30c: 4400 00e8 

  0x0000024d769df310: ; ImmutableOopMap {[208]=Oop [216]=Oop [232]=Oop [240]=Oop }
                      ;*invokestatic transformedBeanName {reexecute=0 rethrow=0 return_oop=0}
                      ; - org.springframework.beans.factory.support.AbstractBeanFactory::transformedBeanName@2 (line 1285)
                      ; - org.springframework.beans.factory.support.AbstractBeanFactory::doGetBean@2 (line 246)
  0x0000024d769df310: 4c16 fdff 

  0x0000024d769df314: ;   {other}
  0x0000024d769df314: 0f1f 8400 

  0x0000024d769df318: ;*invokestatic transformedBeanName {reexecute=0 rethrow=0 return_oop=0}
                      ; - org.springframework.beans.factory.support.AbstractBeanFactory::transformedBeanName@2 (line 1285)
                      ; - org.springframework.beans.factory.support.AbstractBeanFactory::doGetBean@2 (line 246)
  0x0000024d769df318: 0408 0000 | 4889 8424 | 0001 0000 | 488b f0e9 

  0x0000024d769df328: ;*aload_0 {reexecute=0 rethrow=0 return_oop=0}
                      ; - org.springframework.core.SimpleAliasRegistry::canonicalName@2 (line 229)
                      ; - org.springframework.beans.factory.support.AbstractBeanFactory::transformedBeanName@5 (line 1285)
                      ; - org.springframework.beans.factory.support.AbstractBeanFactory::doGetBean@2 (line 246)
  0x0000024d769df328: 2700 0000 | 0f1f 4000 | 488b b424 | f800 0000 | e903 0000 

  0x0000024d769df33c: ;*aload_3 {reexecute=0 rethrow=0 return_oop=0}
                      ; - org.springframework.core.SimpleAliasRegistry::canonicalName@22 (line 234)
                      ; - org.springframework.beans.factory.support.AbstractBeanFactory::transformedBeanName@5 (line 1285)
                      ; - org.springframework.beans.factory.support.AbstractBeanFactory::doGetBean@2 (line 246)
  0x0000024d769df33c: 0049 8bf0 | 4d8b 9750 

  0x0000024d769df344: ; ImmutableOopMap {r8=Oop rsi=Oop [208]=Oop [216]=Oop [232]=Oop [240]=Oop [256]=Oop }
                      ;*ifnonnull {reexecute=1 rethrow=0 return_oop=0}
                      ; - (reexecute) org.springframework.core.SimpleAliasRegistry::canonicalName@23 (line 234)
                      ; - org.springframework.beans.factory.support.AbstractBeanFactory::transformedBeanName@5 (line 1285)
                      ; - org.springframework.beans.factory.support.AbstractBeanFactory::doGetBean@2 (line 246)
                      ;   {poll}
  0x0000024d769df344: 0400 0041 | 8502 4d85 | c00f 847c 

  0x0000024d769df350: ;*ifnonnull {reexecute=0 rethrow=0 return_oop=0}
                      ; - org.springframework.core.SimpleAliasRegistry::canonicalName@23 (line 234)
                      ; - org.springframework.beans.factory.support.AbstractBeanFactory::transformedBeanName@5 (line 1285)
                      ; - org.springframework.beans.factory.support.AbstractBeanFactory::doGetBean@2 (line 246)
  0x0000024d769df350: 0000 0048 | 8b94 24d0 | 0000 008b | 7a10 48c1 

  0x0000024d769df360: ;*getfield aliasMap {reexecute=0 rethrow=0 return_oop=0}
                      ; - org.springframework.core.SimpleAliasRegistry::canonicalName@3 (line 229)
                      ; - org.springframework.beans.factory.support.AbstractBeanFactory::transformedBeanName@5 (line 1285)
                      ; - org.springframework.beans.factory.support.AbstractBeanFactory::doGetBean@2 (line 246)
  0x0000024d769df360: e703 4c8b 

  0x0000024d769df364: ;*invokeinterface get {reexecute=0 rethrow=0 return_oop=0}
                      ; - org.springframework.core.SimpleAliasRegistry::canonicalName@7 (line 229)
                      ; - org.springframework.beans.factory.support.AbstractBeanFactory::transformedBeanName@5 (line 1285)
                      ; - org.springframework.beans.factory.support.AbstractBeanFactory::doGetBean@2 (line 246)
  0x0000024d769df364: c648 8bd7 | 4889 b424 | f800 0000 | 0f1f 4400 | 0048 b840 | 4f06 024d 

  0x0000024d769df37c: ;   {virtual_call}
  0x0000024d769df37c: 0200 00e8 

  0x0000024d769df380: ; ImmutableOopMap {[208]=Oop [216]=Oop [232]=Oop [240]=Oop [248]=Oop [256]=Oop }
                      ;*invokeinterface get {reexecute=0 rethrow=0 return_oop=0}
                      ; - org.springframework.core.SimpleAliasRegistry::canonicalName@7 (line 229)
                      ; - org.springframework.beans.factory.support.AbstractBeanFactory::transformedBeanName@5 (line 1285)
                      ; - org.springframework.beans.factory.support.AbstractBeanFactory::doGetBean@2 (line 246)
  0x0000024d769df380: 1c58 61ff 

  0x0000024d769df384: ;   {other}
  0x0000024d769df384: 0f1f 8400 

  0x0000024d769df388: ;*invokeinterface get {reexecute=0 rethrow=0 return_oop=0}
                      ; - org.springframework.core.SimpleAliasRegistry::canonicalName@7 (line 229)
                      ; - org.springframework.beans.factory.support.AbstractBeanFactory::transformedBeanName@5 (line 1285)
                      ; - org.springframework.beans.factory.support.AbstractBeanFactory::doGetBean@2 (line 246)
  0x0000024d769df388: 7408 0002 | 4885 c00f | 8429 0000 

  0x0000024d769df394: ;   {metadata('java/lang/String')}
  0x0000024d769df394: 0048 be40 | e700 024d | 0200 0044 | 8b48 0849 | ba00 0000 | 024d 0200 | 004d 03ca | 493b f10f 
  0x0000024d769df3b4: 85ce 1d00 | 00e9 0000 | 0000 4c8b 

  0x0000024d769df3c0: ;*checkcast {reexecute=0 rethrow=0 return_oop=0}
                      ; - org.springframework.core.SimpleAliasRegistry::canonicalName@12 (line 229)
                      ; - org.springframework.beans.factory.support.AbstractBeanFactory::transformedBeanName@5 (line 1285)
                      ; - org.springframework.beans.factory.support.AbstractBeanFactory::doGetBean@2 (line 246)
  0x0000024d769df3c0: c04d 85c0 | 0f84 66ff | ffff e96e 

  0x0000024d769df3cc: ;*ifnull {reexecute=0 rethrow=0 return_oop=0}
                      ; - org.springframework.core.SimpleAliasRegistry::canonicalName@17 (line 230)
                      ; - org.springframework.beans.factory.support.AbstractBeanFactory::transformedBeanName@5 (line 1285)
                      ; - org.springframework.beans.factory.support.AbstractBeanFactory::doGetBean@2 (line 246)
  0x0000024d769df3cc: ffff ff4c | 8bc6 41b9 | 0100 0000 | 488b 9424 

  0x0000024d769df3dc: ;*invokevirtual getSingleton {reexecute=0 rethrow=0 return_oop=0}
                      ; - org.springframework.beans.factory.support.DefaultSingletonBeanRegistry::getSingleton@3 (line 198)
                      ; - org.springframework.beans.factory.support.AbstractBeanFactory::doGetBean@10 (line 250)
  0x0000024d769df3dc: d000 0000 | 4889 b424 | 0801 0000 | 0f1f 8000 

  0x0000024d769df3ec: ;   {optimized virtual_call}
  0x0000024d769df3ec: 0000 00e8 

  0x0000024d769df3f0: ; ImmutableOopMap {[208]=Oop [216]=Oop [232]=Oop [240]=Oop [264]=Oop }
                      ;*invokevirtual getSingleton {reexecute=0 rethrow=0 return_oop=0}
                      ; - org.springframework.beans.factory.support.DefaultSingletonBeanRegistry::getSingleton@3 (line 198)
                      ; - org.springframework.beans.factory.support.AbstractBeanFactory::doGetBean@10 (line 250)
  0x0000024d769df3f0: cc2d fdff 

  0x0000024d769df3f4: ;   {other}
  0x0000024d769df3f4: 0f1f 8400 

  0x0000024d769df3f8: ;*invokevirtual getSingleton {reexecute=0 rethrow=0 return_oop=0}
                      ; - org.springframework.beans.factory.support.DefaultSingletonBeanRegistry::getSingleton@3 (line 198)
                      ; - org.springframework.beans.factory.support.AbstractBeanFactory::doGetBean@10 (line 250)
  0x0000024d769df3f8: e408 0003 | 4885 c00f | 8411 0000 

  0x0000024d769df404: ;*ifnull {reexecute=0 rethrow=0 return_oop=0}
                      ; - org.springframework.beans.factory.support.AbstractBeanFactory::doGetBean@17 (line 251)
  0x0000024d769df404: 0048 8bbc | 24d8 0000 | 0048 85ff | 0f84 ee0c 

  0x0000024d769df414: ;*ifnonnull {reexecute=0 rethrow=0 return_oop=0}
                      ; - org.springframework.beans.factory.support.AbstractBeanFactory::doGetBean@21 (line 251)
  0x0000024d769df414: 0000 4889 | 8424 1001 | 0000 4c8b | 8424 0801 | 0000 488b | 9424 d000 

  0x0000024d769df42c: ;*invokevirtual isPrototypeCurrentlyInCreation {reexecute=0 rethrow=0 return_oop=0}
                      ; - org.springframework.beans.factory.support.AbstractBeanFactory::doGetBean@98 (line 267)
                      ;   {optimized virtual_call}
  0x0000024d769df42c: 0000 90e8 

  0x0000024d769df430: ; ImmutableOopMap {[208]=Oop [216]=Oop [232]=Oop [240]=Oop [264]=Oop [272]=Oop }
                      ;*invokevirtual isPrototypeCurrentlyInCreation {reexecute=0 rethrow=0 return_oop=0}
                      ; - org.springframework.beans.factory.support.AbstractBeanFactory::doGetBean@98 (line 267)
  0x0000024d769df430: 5930 0000 

  0x0000024d769df434: ;   {other}
  0x0000024d769df434: 0f1f 8400 

  0x0000024d769df438: ;*invokevirtual isPrototypeCurrentlyInCreation {reexecute=0 rethrow=0 return_oop=0}
                      ; - org.springframework.beans.factory.support.AbstractBeanFactory::doGetBean@98 (line 267)
  0x0000024d769df438: 2409 0004 | 85c0 0f85 

  0x0000024d769df440: ;*ifeq {reexecute=0 rethrow=0 return_oop=0}
                      ; - org.springframework.beans.factory.support.AbstractBeanFactory::doGetBean@101 (line 267)
  0x0000024d769df440: b817 0000 | 488b 9424 | d000 0000 | 8b72 6848 

  0x0000024d769df450: ;*getfield parentBeanFactory {reexecute=0 rethrow=0 return_oop=0}
                      ; - org.springframework.beans.factory.support.AbstractBeanFactory::getParentBeanFactory@1 (line 806)
                      ; - org.springframework.beans.factory.support.AbstractBeanFactory::doGetBean@115 (line 272)
  0x0000024d769df450: c1e6 0348 | 89b4 2418 | 0100 0048 | 85f6 0f84 

  0x0000024d769df460: ;*ifnull {reexecute=0 rethrow=0 return_oop=0}
                      ; - org.springframework.beans.factory.support.AbstractBeanFactory::doGetBean@122 (line 273)
  0x0000024d769df460: 4b00 0000 | 488b bc24 | 0801 0000 | 4885 ff0f | 84e7 1600 

  0x0000024d769df474: ;*ifnonnull {reexecute=0 rethrow=0 return_oop=0}
                      ; - org.springframework.util.Assert::notNull@1 (line 180)
                      ; - org.springframework.beans.factory.support.DefaultListableBeanFactory::containsBeanDefinition@3 (line 417)
                      ; - org.springframework.beans.factory.support.AbstractBeanFactory::doGetBean@128 (line 273)
  0x0000024d769df474: 008b 9aec | 0000 0048 

  0x0000024d769df47c: ;*getfield beanDefinitionMap {reexecute=0 rethrow=0 return_oop=0}
                      ; - org.springframework.beans.factory.support.DefaultListableBeanFactory::containsBeanDefinition@7 (line 418)
                      ; - org.springframework.beans.factory.support.AbstractBeanFactory::doGetBean@128 (line 273)
  0x0000024d769df47c: c1e3 034c | 8bc7 488b 

  0x0000024d769df484: ;*invokeinterface containsKey {reexecute=0 rethrow=0 return_oop=0}
                      ; - org.springframework.beans.factory.support.DefaultListableBeanFactory::containsBeanDefinition@11 (line 418)
                      ; - org.springframework.beans.factory.support.AbstractBeanFactory::doGetBean@128 (line 273)
  0x0000024d769df484: d348 89bc | 2408 0100 | 0048 b8ff | ffff ffff 

  0x0000024d769df494: ;   {virtual_call}
  0x0000024d769df494: ffff ffe8 

  0x0000024d769df498: ; ImmutableOopMap {[208]=Oop [216]=Oop [232]=Oop [240]=Oop [264]=Oop [272]=Oop [280]=Oop }
                      ;*invokeinterface containsKey {reexecute=0 rethrow=0 return_oop=0}
                      ; - org.springframework.beans.factory.support.DefaultListableBeanFactory::containsBeanDefinition@11 (line 418)
                      ; - org.springframework.beans.factory.support.AbstractBeanFactory::doGetBean@128 (line 273)
  0x0000024d769df498: e4f8 50ff 

  0x0000024d769df49c: ;   {other}
  0x0000024d769df49c: 0f1f 8400 

  0x0000024d769df4a0: ;*invokeinterface containsKey {reexecute=0 rethrow=0 return_oop=0}
                      ; - org.springframework.beans.factory.support.DefaultListableBeanFactory::containsBeanDefinition@11 (line 418)
                      ; - org.springframework.beans.factory.support.AbstractBeanFactory::doGetBean@128 (line 273)
  0x0000024d769df4a0: 8c09 0005 | 83e0 0185 | c00f 84a8 

  0x0000024d769df4ac: ;*ifne {reexecute=0 rethrow=0 return_oop=0}
                      ; - org.springframework.beans.factory.support.AbstractBeanFactory::doGetBean@131 (line 273)
  0x0000024d769df4ac: 0a00 008b | b424 e000 | 0000 85f6 | 0f85 1e00 

  0x0000024d769df4bc: ;*ifne {reexecute=0 rethrow=0 return_oop=0}
                      ; - org.springframework.beans.factory.support.AbstractBeanFactory::doGetBean@210 (line 292)
  0x0000024d769df4bc: 0000 4c8b | 8424 0801 | 0000 488b | 9424 d000 

  0x0000024d769df4cc: ;*invokevirtual markBeanAsCreated {reexecute=0 rethrow=0 return_oop=0}
                      ; - org.springframework.beans.factory.support.AbstractBeanFactory::doGetBean@216 (line 293)
                      ;   {optimized virtual_call}
  0x0000024d769df4cc: 0000 90e8 

  0x0000024d769df4d0: ; ImmutableOopMap {[208]=Oop [216]=Oop [232]=Oop [240]=Oop [264]=Oop [272]=Oop [280]=Oop }
                      ;*invokevirtual markBeanAsCreated {reexecute=0 rethrow=0 return_oop=0}
                      ; - org.springframework.beans.factory.support.AbstractBeanFactory::doGetBean@216 (line 293)
  0x0000024d769df4d0: d92f 0000 

  0x0000024d769df4d4: ;   {other}
  0x0000024d769df4d4: 0f1f 8400 

  0x0000024d769df4d8: ;*invokevirtual markBeanAsCreated {reexecute=0 rethrow=0 return_oop=0}
                      ; - org.springframework.beans.factory.support.AbstractBeanFactory::doGetBean@216 (line 293)
  0x0000024d769df4d8: c409 0006 | 4c8b 8c24 | e800 0000 | 488b 9424 | d000 0000 | 448b 829c | 0000 0049 

  0x0000024d769df4f4: ;*getfield applicationStartup {reexecute=0 rethrow=0 return_oop=0}
                      ; - org.springframework.beans.factory.support.AbstractBeanFactory::doGetBean@220 (line 296)
  0x0000024d769df4f4: c1e0 034d | 85c0 0f84 | 2a00 0000 

  0x0000024d769df500: ;   {metadata('org/springframework/core/metrics/DefaultApplicationStartup')}
  0x0000024d769df500: 48b8 107b | 1103 4d02 | 0000 418b | 5808 49ba | 0000 0002 | 4d02 0000 | 4903 da48 | 3b43 380f 
  0x0000024d769df520: 856b 1c00 | 00e9 0000 | 0000 498b 

  0x0000024d769df52c: ;*invokeinterface start {reexecute=0 rethrow=0 return_oop=0}
                      ; - org.springframework.beans.factory.support.AbstractBeanFactory::doGetBean@225 (line 296)
  0x0000024d769df52c: f049 3b00 | 4d85 c90f | 8460 0000 

  0x0000024d769df538: ;*ifnull {reexecute=0 rethrow=0 return_oop=0}
                      ; - org.springframework.beans.factory.support.AbstractBeanFactory::doGetBean@241 (line 299)
  0x0000024d769df538: 004d 85c9 | 0f84 8a15 

  0x0000024d769df540: ;*ifnonnull {reexecute=0 rethrow=0 return_oop=0}
                      ; - java.util.Objects::requireNonNull@1 (line 232)
                      ; - org.springframework.beans.factory.support.AbstractBeanFactory::doGetBean@250 (line 300)
                      ;   {oop(a 'java/lang/Class'{0x0000000709f79608} = 'org/springframework/beans/factory/support/AbstractBeanFactory$$Lambda+0x0000024d03302170')}
  0x0000024d769df540: 0000 49b8 | 0896 f709 | 0700 0000 

  0x0000024d769df54c: ;   {oop(a 'jdk/internal/misc/Unsafe'{0x000000070986c9e0})}
  0x0000024d769df54c: 48ba e0c9 | 8609 0700 

  0x0000024d769df554: ;*invokevirtual allocateInstance {reexecute=0 rethrow=0 return_oop=0}
                      ; - java.lang.invoke.DirectMethodHandle::allocateInstance@12 (line 501)
                      ; - java.lang.invoke.DirectMethodHandle$Holder::newInvokeSpecial@1
                      ; - java.lang.invoke.Invokers$Holder::linkToTargetMethod@5
                      ; - org.springframework.beans.factory.support.AbstractBeanFactory::doGetBean@254 (line 300)
                      ;   {optimized virtual_call}
  0x0000024d769df554: 0000 90e8 

  0x0000024d769df558: ; ImmutableOopMap {[208]=Oop [216]=Oop [232]=Oop [240]=Oop [264]=Oop [272]=Oop [280]=Oop }
                      ;*invokevirtual allocateInstance {reexecute=0 rethrow=0 return_oop=0}
                      ; - java.lang.invoke.DirectMethodHandle::allocateInstance@12 (line 501)
                      ; - java.lang.invoke.DirectMethodHandle$Holder::newInvokeSpecial@1
                      ; - java.lang.invoke.Invokers$Holder::linkToTargetMethod@5
                      ; - org.springframework.beans.factory.support.AbstractBeanFactory::doGetBean@254 (line 300)
  0x0000024d769df558: 0488 86ff 

  0x0000024d769df55c: ;   {other}
  0x0000024d769df55c: 0f1f 8400 

  0x0000024d769df560: ;*invokevirtual allocateInstance {reexecute=0 rethrow=0 return_oop=0}
                      ; - java.lang.invoke.DirectMethodHandle::allocateInstance@12 (line 501)
                      ; - java.lang.invoke.DirectMethodHandle$Holder::newInvokeSpecial@1
                      ; - java.lang.invoke.Invokers$Holder::linkToTargetMethod@5
                      ; - org.springframework.beans.factory.support.AbstractBeanFactory::doGetBean@254 (line 300)
  0x0000024d769df560: 4c0a 0007 | 450f be47 | 4045 85c0 | 0f85 281c | 0000 4c8b | 8c24 e800 | 0000 4d8b | d149 c1ea 
  0x0000024d769df580: 0344 8950 | 0c4c 8bc0 | 4d33 c149 | c1e8 1549 | 83f8 000f | 8526 1c00 

  0x0000024d769df598: ;*putfield arg$1 {reexecute=0 rethrow=0 return_oop=0}
                      ; - org.springframework.beans.factory.support.AbstractBeanFactory$$Lambda/0x0000024d03302170::<init>@6
                      ; - java.lang.invoke.DirectMethodHandle$Holder::newInvokeSpecial@16
                      ; - java.lang.invoke.Invokers$Holder::linkToTargetMethod@5
                      ; - org.springframework.beans.factory.support.AbstractBeanFactory::doGetBean@254 (line 300)
  0x0000024d769df598: 004c 8b84 | 2408 0100 | 0048 8b94 | 24d0 0000 

  0x0000024d769df5a8: ;*invokevirtual getMergedLocalBeanDefinition {reexecute=0 rethrow=0 return_oop=0}
                      ; - org.springframework.beans.factory.support.AbstractBeanFactory::doGetBean@268 (line 302)
  0x0000024d769df5a8: 0066 0f1f 

  0x0000024d769df5ac: ;   {optimized virtual_call}
  0x0000024d769df5ac: 4400 00e8 

  0x0000024d769df5b0: ; ImmutableOopMap {[208]=Oop [216]=Oop [232]=Oop [240]=Oop [264]=Oop [272]=Oop [280]=Oop }
                      ;*invokevirtual getMergedLocalBeanDefinition {reexecute=0 rethrow=0 return_oop=0}
                      ; - org.springframework.beans.factory.support.AbstractBeanFactory::doGetBean@268 (line 302)
  0x0000024d769df5b0: cc44 fdff 

  0x0000024d769df5b4: ;   {other}
  0x0000024d769df5b4: 0f1f 8400 

  0x0000024d769df5b8: ;*invokevirtual getMergedLocalBeanDefinition {reexecute=0 rethrow=0 return_oop=0}
                      ; - org.springframework.beans.factory.support.AbstractBeanFactory::doGetBean@268 (line 302)
  0x0000024d769df5b8: a40a 0008 | 4889 8424 | 2001 0000 | 4c8b c04c | 8b8c 2408 | 0100 0048 | 8bbc 24d8 | 0000 0048 
  0x0000024d769df5d8: 8b94 24d0 

  0x0000024d769df5dc: ;*invokevirtual checkMergedBeanDefinition {reexecute=0 rethrow=0 return_oop=0}
                      ; - org.springframework.beans.factory.support.AbstractBeanFactory::doGetBean@279 (line 303)
                      ;   {optimized virtual_call}
  0x0000024d769df5dc: 0000 00e8 

  0x0000024d769df5e0: ; ImmutableOopMap {[208]=Oop [216]=Oop [232]=Oop [240]=Oop [264]=Oop [272]=Oop [280]=Oop [288]=Oop }
                      ;*invokevirtual checkMergedBeanDefinition {reexecute=0 rethrow=0 return_oop=0}
                      ; - org.springframework.beans.factory.support.AbstractBeanFactory::doGetBean@279 (line 303)
  0x0000024d769df5e0: e92e 0000 

  0x0000024d769df5e4: ;   {other}
  0x0000024d769df5e4: 0f1f 8400 

  0x0000024d769df5e8: ;*invokevirtual checkMergedBeanDefinition {reexecute=0 rethrow=0 return_oop=0}
                      ; - org.springframework.beans.factory.support.AbstractBeanFactory::doGetBean@279 (line 303)
  0x0000024d769df5e8: d40a 0009 | 488b 8424 | 2001 0000 

  0x0000024d769df5f4: ; implicit exception: dispatches to 0x0000024d769e11d7
  0x0000024d769df5f4: 8b70 3848 

  0x0000024d769df5f8: ;*getfield dependsOn {reexecute=0 rethrow=0 return_oop=0}
                      ; - org.springframework.beans.factory.support.AbstractBeanDefinition::getDependsOn@1 (line 724)
                      ; - org.springframework.beans.factory.support.AbstractBeanFactory::doGetBean@284 (line 306)
  0x0000024d769df5f8: c1e6 0348 | 89b4 2438 | 0100 0048 | 85f6 0f84 

  0x0000024d769df608: ;*ifnull {reexecute=0 rethrow=0 return_oop=0}
                      ; - org.springframework.beans.factory.support.AbstractBeanFactory::doGetBean@291 (line 307)
  0x0000024d769df608: 8a01 0000 

  0x0000024d769df60c: ; implicit exception: dispatches to 0x0000024d769e11dc
                      ;*arraylength {reexecute=0 rethrow=0 return_oop=0}
                      ; - org.springframework.beans.factory.support.AbstractBeanFactory::doGetBean@300 (line 308)
  0x0000024d769df60c: 8b5e 0c89 | 9c24 3001 | 0000 b900 | 0000 00e9 

  0x0000024d769df61c: ;*iload {reexecute=0 rethrow=0 return_oop=0}
                      ; - org.springframework.beans.factory.support.AbstractBeanFactory::doGetBean@306 (line 308)
  0x0000024d769df61c: 4e01 0000 | 4c63 c146 | 8b6c 8610 

  0x0000024d769df628: ;*aaload {reexecute=0 rethrow=0 return_oop=0}
                      ; - org.springframework.beans.factory.support.AbstractBeanFactory::doGetBean@317 (line 308)
  0x0000024d769df628: 49c1 e503 | 448b 725c 

  0x0000024d769df630: ;*getfield dependentBeanMap {reexecute=0 rethrow=0 return_oop=0}
                      ; - org.springframework.beans.factory.support.DefaultSingletonBeanRegistry::isDependent@1 (line 628)
                      ; - org.springframework.beans.factory.support.AbstractBeanFactory::doGetBean@325 (line 309)
  0x0000024d769df630: 49c1 e603 | 4c8d 8424 | b002 0000 | 4d89 7008 

  0x0000024d769df640: ; implicit exception: dispatches to 0x0000024d769e11e1
  0x0000024d769df640: 498b 0648 | 83c8 0149 | 8900 f04d | 0fb1 060f | 8412 0000 | 0048 2bc4 | 4825 07f0 | ffff 4989 
  0x0000024d769df660: 000f 857f | 1b00 0049 | ff87 4805 

  0x0000024d769df66c: ;*monitorenter {reexecute=0 rethrow=0 return_oop=0}
                      ; - org.springframework.beans.factory.support.DefaultSingletonBeanRegistry::isDependent@6 (line 628)
                      ; - org.springframework.beans.factory.support.AbstractBeanFactory::doGetBean@325 (line 309)
  0x0000024d769df66c: 0000 4d8b | c34d 8bcd 

  0x0000024d769df674: ;   {oop(nullptr)}
  0x0000024d769df674: 48bf 0000 | 0000 0000 | 0000 488b | 9424 d000 

  0x0000024d769df684: ;*invokevirtual isDependent {reexecute=0 rethrow=0 return_oop=0}
                      ; - org.springframework.beans.factory.support.DefaultSingletonBeanRegistry::isDependent@11 (line 629)
                      ; - org.springframework.beans.factory.support.AbstractBeanFactory::doGetBean@325 (line 309)
  0x0000024d769df684: 0000 4c89 | b424 4001 | 0000 898c | 24e4 0000 | 004c 899c | 2408 0100 | 004c 89ac | 2428 0100 
  0x0000024d769df6a4: ;   {optimized virtual_call}
  0x0000024d769df6a4: 0066 90e8 

  0x0000024d769df6a8: ; ImmutableOopMap {[208]=Oop [216]=Oop [232]=Oop [240]=Oop [264]=Oop [272]=Oop [280]=Oop [288]=Oop [296]=Oop [312]=Oop [320]=Oop [696]=Oop }
                      ;*invokevirtual isDependent {reexecute=0 rethrow=0 return_oop=0}
                      ; - org.springframework.beans.factory.support.DefaultSingletonBeanRegistry::isDependent@11 (line 629)
                      ; - org.springframework.beans.factory.support.AbstractBeanFactory::doGetBean@325 (line 309)
  0x0000024d769df6a8: d931 0000 

  0x0000024d769df6ac: ;   {other}
  0x0000024d769df6ac: 0f1f 8400 | 9c0b 000a 

  0x0000024d769df6b4: ;*invokevirtual isDependent {reexecute=0 rethrow=0 return_oop=0}
                      ; - org.springframework.beans.factory.support.DefaultSingletonBeanRegistry::isDependent@11 (line 629)
                      ; - org.springframework.beans.factory.support.AbstractBeanFactory::doGetBean@325 (line 309)
  0x0000024d769df6b4: 4c8b c048 | 8d84 24b0 | 0200 004c | 8b08 4d85 | c90f 840f | 0000 0048 | 8b50 08f0 | 4c0f b10a 
  0x0000024d769df6d4: 0f85 1f1b | 0000 49ff | 8f48 0500 

  0x0000024d769df6e0: ;*monitorexit {reexecute=0 rethrow=0 return_oop=0}
                      ; - org.springframework.beans.factory.support.DefaultSingletonBeanRegistry::isDependent@15 (line 629)
                      ; - org.springframework.beans.factory.support.AbstractBeanFactory::doGetBean@325 (line 309)
  0x0000024d769df6e0: 0041 83e0 | 0145 85c0 | 0f85 d807 

  0x0000024d769df6ec: ;*ifeq {reexecute=0 rethrow=0 return_oop=0}
                      ; - org.springframework.beans.factory.support.AbstractBeanFactory::doGetBean@328 (line 309)
  0x0000024d769df6ec: 0000 4c8b | 8424 2801 | 0000 4c8b | 8c24 0801 | 0000 488b | 9424 d000 

  0x0000024d769df704: ;*invokevirtual registerDependentBean {reexecute=0 rethrow=0 return_oop=0}
                      ; - org.springframework.beans.factory.support.AbstractBeanFactory::doGetBean@360 (line 313)
                      ;   {optimized virtual_call}
  0x0000024d769df704: 0000 90e8 

  0x0000024d769df708: ; ImmutableOopMap {[208]=Oop [216]=Oop [232]=Oop [240]=Oop [264]=Oop [272]=Oop [280]=Oop [288]=Oop [296]=Oop [312]=Oop }
                      ;*invokevirtual registerDependentBean {reexecute=0 rethrow=0 return_oop=0}
                      ; - org.springframework.beans.factory.support.AbstractBeanFactory::doGetBean@360 (line 313)
  0x0000024d769df708: d12d 0000 

  0x0000024d769df70c: ;   {other}
  0x0000024d769df70c: 0f1f 8400 

  0x0000024d769df710: ;*invokevirtual registerDependentBean {reexecute=0 rethrow=0 return_oop=0}
                      ; - org.springframework.beans.factory.support.AbstractBeanFactory::doGetBean@360 (line 313)
  0x0000024d769df710: fc0b 000b | 4c8b 8424 | 2801 0000 

  0x0000024d769df71c: ;   {oop(nullptr)}
  0x0000024d769df71c: 49b9 0000 | 0000 0000 

  0x0000024d769df724: ;   {oop(nullptr)}
  0x0000024d769df724: 0000 48bf | 0000 0000 | 0000 0000 | be00 0000 | 0048 8b94 | 24d0 0000 

  0x0000024d769df73c: ;*invokevirtual doGetBean {reexecute=0 rethrow=0 return_oop=0}
                      ; - org.springframework.beans.factory.support.AbstractBeanFactory::getBean@5 (line 202)
                      ; - org.springframework.beans.factory.support.AbstractBeanFactory::doGetBean@366 (line 315)
                      ;   {optimized virtual_call}
  0x0000024d769df73c: 0066 90e8 

  0x0000024d769df740: ; ImmutableOopMap {[208]=Oop [216]=Oop [232]=Oop [240]=Oop [264]=Oop [272]=Oop [280]=Oop [288]=Oop [296]=Oop [312]=Oop }
                      ;*invokevirtual doGetBean {reexecute=0 rethrow=0 return_oop=0}
                      ; - org.springframework.beans.factory.support.AbstractBeanFactory::getBean@5 (line 202)
                      ; - org.springframework.beans.factory.support.AbstractBeanFactory::doGetBean@366 (line 315)
  0x0000024d769df740: 7cfb ffff 

  0x0000024d769df744: ;   {other}
  0x0000024d769df744: 0f1f 8400 

  0x0000024d769df748: ;*invokevirtual doGetBean {reexecute=0 rethrow=0 return_oop=0}
                      ; - org.springframework.beans.factory.support.AbstractBeanFactory::getBean@5 (line 202)
                      ; - org.springframework.beans.factory.support.AbstractBeanFactory::doGetBean@366 (line 315)
  0x0000024d769df748: 340c 000c | 8b8c 24e4 | 0000 00ff | c14d 8b97 

  0x0000024d769df758: ; ImmutableOopMap {[208]=Oop [216]=Oop [232]=Oop [240]=Oop [264]=Oop [272]=Oop [280]=Oop [288]=Oop [296]=Oop [312]=Oop }
                      ;*goto {reexecute=1 rethrow=0 return_oop=0}
                      ; - (reexecute) org.springframework.beans.factory.support.AbstractBeanFactory::doGetBean@451 (line 308)
  0x0000024d769df758: 5004 0000 

  0x0000024d769df75c: ;*goto {reexecute=0 rethrow=0 return_oop=0}
                      ; - org.springframework.beans.factory.support.AbstractBeanFactory::doGetBean@451 (line 308)
                      ;   {poll}
  0x0000024d769df75c: 4185 028b | 9c24 3001 | 0000 488b | b424 3801 | 0000 4c8b | 9c24 0801 | 0000 488b | 9424 d000 
  0x0000024d769df77c: 0000 3bcb | 0f8c 9afe 

  0x0000024d769df784: ;*if_icmpge {reexecute=0 rethrow=0 return_oop=0}
                      ; - org.springframework.beans.factory.support.AbstractBeanFactory::doGetBean@310 (line 308)
  0x0000024d769df784: ffff 488b | 8424 2001 | 0000 4c89 | 9c24 0801 | 0000 448b | 4030 49c1 

  0x0000024d769df79c: ;*getfield scope {reexecute=0 rethrow=0 return_oop=0}
                      ; - org.springframework.beans.factory.support.AbstractBeanDefinition::isSingleton@4 (line 548)
                      ; - org.springframework.beans.factory.support.AbstractBeanFactory::doGetBean@456 (line 336)
                      ;   {oop("singleton"{0x0000000709c6eb10})}
  0x0000024d769df79c: e003 48ba | 10eb c609 

  0x0000024d769df7a4: ;*invokevirtual equals {reexecute=0 rethrow=0 return_oop=0}
                      ; - org.springframework.beans.factory.support.AbstractBeanDefinition::isSingleton@7 (line 548)
                      ; - org.springframework.beans.factory.support.AbstractBeanFactory::doGetBean@456 (line 336)
  0x0000024d769df7a4: 0700 0000 | 0f1f 8000 

  0x0000024d769df7ac: ;   {optimized virtual_call}
  0x0000024d769df7ac: 0000 00e8 

  0x0000024d769df7b0: ; ImmutableOopMap {[208]=Oop [216]=Oop [232]=Oop [240]=Oop [264]=Oop [272]=Oop [280]=Oop [288]=Oop [312]=Oop }
                      ;*invokevirtual equals {reexecute=0 rethrow=0 return_oop=0}
                      ; - org.springframework.beans.factory.support.AbstractBeanDefinition::isSingleton@7 (line 548)
                      ; - org.springframework.beans.factory.support.AbstractBeanFactory::doGetBean@456 (line 336)
  0x0000024d769df7b0: ac1e 5eff 

  0x0000024d769df7b4: ;   {other}
  0x0000024d769df7b4: 0f1f 8400 

  0x0000024d769df7b8: ;*invokevirtual equals {reexecute=0 rethrow=0 return_oop=0}
                      ; - org.springframework.beans.factory.support.AbstractBeanDefinition::isSingleton@7 (line 548)
                      ; - org.springframework.beans.factory.support.AbstractBeanFactory::doGetBean@456 (line 336)
  0x0000024d769df7b8: a40c 000e | 85c0 0f85 

  0x0000024d769df7c0: ;*ifne {reexecute=0 rethrow=0 return_oop=0}
                      ; - org.springframework.beans.factory.support.AbstractBeanDefinition::isSingleton@10 (line 548)
                      ; - org.springframework.beans.factory.support.AbstractBeanFactory::doGetBean@456 (line 336)
  0x0000024d769df7c0: 3d00 0000 | 488b 8424 | 2001 0000 | 448b 4030 

  0x0000024d769df7d0: ;*getfield scope {reexecute=0 rethrow=0 return_oop=0}
                      ; - org.springframework.beans.factory.support.AbstractBeanDefinition::isSingleton@16 (line 548)
                      ; - org.springframework.beans.factory.support.AbstractBeanFactory::doGetBean@456 (line 336)
  0x0000024d769df7d0: 49c1 e003 

  0x0000024d769df7d4: ;   {oop(""{0x000000070985e038})}
  0x0000024d769df7d4: 48ba 38e0 | 8509 0700 

  0x0000024d769df7dc: ;*invokevirtual equals {reexecute=0 rethrow=0 return_oop=0}
                      ; - org.springframework.beans.factory.support.AbstractBeanDefinition::isSingleton@19 (line 548)
                      ; - org.springframework.beans.factory.support.AbstractBeanFactory::doGetBean@456 (line 336)
                      ;   {optimized virtual_call}
  0x0000024d769df7dc: 0000 90e8 

  0x0000024d769df7e0: ; ImmutableOopMap {[208]=Oop [216]=Oop [232]=Oop [240]=Oop [264]=Oop [272]=Oop [280]=Oop [288]=Oop [312]=Oop }
                      ;*invokevirtual equals {reexecute=0 rethrow=0 return_oop=0}
                      ; - org.springframework.beans.factory.support.AbstractBeanDefinition::isSingleton@19 (line 548)
                      ; - org.springframework.beans.factory.support.AbstractBeanFactory::doGetBean@456 (line 336)
  0x0000024d769df7e0: 9cf2 50ff 

  0x0000024d769df7e4: ;   {other}
  0x0000024d769df7e4: 0f1f 8400 

  0x0000024d769df7e8: ;*invokevirtual equals {reexecute=0 rethrow=0 return_oop=0}
                      ; - org.springframework.beans.factory.support.AbstractBeanDefinition::isSingleton@19 (line 548)
                      ; - org.springframework.beans.factory.support.AbstractBeanFactory::doGetBean@456 (line 336)
  0x0000024d769df7e8: d40c 000f | 85c0 41b8 | 0000 0000 | 7406 41b8 | 0100 0000 | e906 0000 

  0x0000024d769df800: ;*ifeq {reexecute=0 rethrow=0 return_oop=0}
                      ; - org.springframework.beans.factory.support.AbstractBeanDefinition::isSingleton@22 (line 548)
                      ; - org.springframework.beans.factory.support.AbstractBeanFactory::doGetBean@456 (line 336)
  0x0000024d769df800: 0041 b801 

  0x0000024d769df804: ;*goto {reexecute=0 rethrow=0 return_oop=0}
                      ; - org.springframework.beans.factory.support.AbstractBeanDefinition::isSingleton@26 (line 548)
                      ; - org.springframework.beans.factory.support.AbstractBeanFactory::doGetBean@456 (line 336)
  0x0000024d769df804: 0000 0041 | 83e0 0145 | 85c0 0f84 

  0x0000024d769df810: ;*ifeq {reexecute=0 rethrow=0 return_oop=0}
                      ; - org.springframework.beans.factory.support.AbstractBeanFactory::doGetBean@459 (line 336)
  0x0000024d769df810: 0d02 0000 

  0x0000024d769df814: ;   {oop(a 'java/lang/Class'{0x0000000709fa1d58} = 'org/springframework/beans/factory/support/AbstractBeanFactory$$Lambda+0x0000024d03302998')}
  0x0000024d769df814: 49b8 581d | fa09 0700 

  0x0000024d769df81c: ;   {oop(a 'jdk/internal/misc/Unsafe'{0x000000070986c9e0})}
  0x0000024d769df81c: 0000 48ba | e0c9 8609 

  0x0000024d769df824: ;*invokevirtual allocateInstance {reexecute=0 rethrow=0 return_oop=0}
                      ; - java.lang.invoke.DirectMethodHandle::allocateInstance@12 (line 501)
                      ; - java.lang.invoke.LambdaForm$DMH/0x0000024d03180c00::newInvokeSpecial@1
                      ; - java.lang.invoke.Invokers$Holder::linkToTargetMethod@9
                      ; - org.springframework.beans.factory.support.AbstractBeanFactory::doGetBean@471 (line 337)
  0x0000024d769df824: 0700 0000 | 0f1f 8000 

  0x0000024d769df82c: ;   {optimized virtual_call}
  0x0000024d769df82c: 0000 00e8 

  0x0000024d769df830: ; ImmutableOopMap {[208]=Oop [216]=Oop [232]=Oop [240]=Oop [264]=Oop [272]=Oop [280]=Oop [288]=Oop [312]=Oop }
                      ;*invokevirtual allocateInstance {reexecute=0 rethrow=0 return_oop=0}
                      ; - java.lang.invoke.DirectMethodHandle::allocateInstance@12 (line 501)
                      ; - java.lang.invoke.LambdaForm$DMH/0x0000024d03180c00::newInvokeSpecial@1
                      ; - java.lang.invoke.Invokers$Holder::linkToTargetMethod@9
                      ; - org.springframework.beans.factory.support.AbstractBeanFactory::doGetBean@471 (line 337)
  0x0000024d769df830: 2c85 86ff 

  0x0000024d769df834: ;   {other}
  0x0000024d769df834: 0f1f 8400 

  0x0000024d769df838: ;*invokevirtual allocateInstance {reexecute=0 rethrow=0 return_oop=0}
                      ; - java.lang.invoke.DirectMethodHandle::allocateInstance@12 (line 501)
                      ; - java.lang.invoke.LambdaForm$DMH/0x0000024d03180c00::newInvokeSpecial@1
                      ; - java.lang.invoke.Invokers$Holder::linkToTargetMethod@9
                      ; - org.springframework.beans.factory.support.AbstractBeanFactory::doGetBean@471 (line 337)
  0x0000024d769df838: 240d 0010 | 450f be47 | 4045 85c0 | 0f85 c519 | 0000 488b | 9424 d000 | 0000 4c8b | d249 c1ea 
  0x0000024d769df858: 0344 8950 | 0c4c 8bc0 | 4c33 c249 | c1e8 1549 | 83f8 000f | 85c3 1900 

  0x0000024d769df870: ;*putfield arg$1 {reexecute=0 rethrow=0 return_oop=0}
                      ; - org.springframework.beans.factory.support.AbstractBeanFactory$$Lambda/0x0000024d03302998::<init>@6
                      ; - java.lang.invoke.LambdaForm$DMH/0x0000024d03180c00::newInvokeSpecial@24
                      ; - java.lang.invoke.Invokers$Holder::linkToTargetMethod@9
                      ; - org.springframework.beans.factory.support.AbstractBeanFactory::doGetBean@471 (line 337)
  0x0000024d769df870: 0045 0fbe | 4740 4585 | c00f 85cd | 1900 0048 | 8bb4 2408 | 0100 004c | 8bd6 49c1 | ea03 4489 
  0x0000024d769df890: 5010 4c8b | c04c 33c6 | 49c1 e815 | 4983 f800 | 0f85 c619 

  0x0000024d769df8a4: ;*putfield arg$2 {reexecute=0 rethrow=0 return_oop=0}
                      ; - org.springframework.beans.factory.support.AbstractBeanFactory$$Lambda/0x0000024d03302998::<init>@11
                      ; - java.lang.invoke.LambdaForm$DMH/0x0000024d03180c00::newInvokeSpecial@24
                      ; - java.lang.invoke.Invokers$Holder::linkToTargetMethod@9
                      ; - org.springframework.beans.factory.support.AbstractBeanFactory::doGetBean@471 (line 337)
  0x0000024d769df8a4: 0000 450f | be47 4045 | 85c0 0f85 | d019 0000 | 488b bc24 | 2001 0000 | 4c8b d749 | c1ea 0344 
  0x0000024d769df8c4: 8950 144c | 8bc0 4c33 | c749 c1e8 | 1549 83f8 | 000f 85c9 

  0x0000024d769df8d8: ;*putfield arg$3 {reexecute=0 rethrow=0 return_oop=0}
                      ; - org.springframework.beans.factory.support.AbstractBeanFactory$$Lambda/0x0000024d03302998::<init>@16
                      ; - java.lang.invoke.LambdaForm$DMH/0x0000024d03180c00::newInvokeSpecial@24
                      ; - java.lang.invoke.Invokers$Holder::linkToTargetMethod@9
                      ; - org.springframework.beans.factory.support.AbstractBeanFactory::doGetBean@471 (line 337)
  0x0000024d769df8d8: 1900 0045 | 0fbe 4740 | 4585 c00f | 85d3 1900 | 0048 8b9c | 24d8 0000 | 004c 8bd3 | 49c1 ea03 
  0x0000024d769df8f8: 4489 5018 | 4c8b c04c | 33c3 49c1 | e815 4983 | f800 0f85 

  0x0000024d769df90c: ;*putfield arg$4 {reexecute=0 rethrow=0 return_oop=0}
                      ; - org.springframework.beans.factory.support.AbstractBeanFactory$$Lambda/0x0000024d03302998::<init>@22
                      ; - java.lang.invoke.LambdaForm$DMH/0x0000024d03180c00::newInvokeSpecial@24
                      ; - java.lang.invoke.Invokers$Holder::linkToTargetMethod@9
                      ; - org.springframework.beans.factory.support.AbstractBeanFactory::doGetBean@471 (line 337)
  0x0000024d769df90c: cc19 0000 | 4c8b c64c | 8bc8 488b 

  0x0000024d769df918: ;*invokevirtual getSingleton {reexecute=0 rethrow=0 return_oop=0}
                      ; - org.springframework.beans.factory.support.AbstractBeanFactory::doGetBean@476 (line 337)
  0x0000024d769df918: c248 8bd0 | 4889 b424 | 0801 0000 

  0x0000024d769df924: ;   {optimized virtual_call}
  0x0000024d769df924: 6666 90e8 

  0x0000024d769df928: ; ImmutableOopMap {[208]=Oop [216]=Oop [232]=Oop [240]=Oop [264]=Oop [272]=Oop [280]=Oop [288]=Oop [312]=Oop }
                      ;*invokevirtual getSingleton {reexecute=0 rethrow=0 return_oop=0}
                      ; - org.springframework.beans.factory.support.AbstractBeanFactory::doGetBean@476 (line 337)
  0x0000024d769df928: d12b 0000 

  0x0000024d769df92c: ;   {other}
  0x0000024d769df92c: 0f1f 8400 

  0x0000024d769df930: ;*invokevirtual getSingleton {reexecute=0 rethrow=0 return_oop=0}
                      ; - org.springframework.beans.factory.support.AbstractBeanFactory::doGetBean@476 (line 337)
  0x0000024d769df930: 1c0e 0011 | 4889 8424 | 4801 0000 | 488b 9424 | d000 0000 | 8bb2 bc00 | 0000 48c1 

  0x0000024d769df94c: ;*getfield currentlyCreatedBean {reexecute=0 rethrow=0 return_oop=0}
                      ; - org.springframework.beans.factory.support.AbstractAutowireCapableBeanFactory::getObjectForBeanInstance@1 (line 1311)
                      ; - org.springframework.beans.factory.support.AbstractBeanFactory::doGetBean@489 (line 349)
  0x0000024d769df94c: e603 483b 

  0x0000024d769df950: ;*invokevirtual get {reexecute=0 rethrow=0 return_oop=0}
                      ; - org.springframework.beans.factory.support.AbstractAutowireCapableBeanFactory::getObjectForBeanInstance@4 (line 1311)
                      ; - org.springframework.beans.factory.support.AbstractBeanFactory::doGetBean@489 (line 349)
  0x0000024d769df950: 064d 8b87 | 8003 0000 

  0x0000024d769df958: ;*invokestatic currentThread {reexecute=0 rethrow=0 return_oop=0}
                      ; - java.lang.ThreadLocal::get@1 (line 172)
                      ; - org.springframework.beans.factory.support.AbstractAutowireCapableBeanFactory::getObjectForBeanInstance@4 (line 1311)
                      ; - org.springframework.beans.factory.support.AbstractBeanFactory::doGetBean@489 (line 349)
  0x0000024d769df958: 4d8b 0048 

  0x0000024d769df95c: ;*invokevirtual get {reexecute=0 rethrow=0 return_oop=0}
                      ; - java.lang.ThreadLocal::get@4 (line 172)
                      ; - org.springframework.beans.factory.support.AbstractAutowireCapableBeanFactory::getObjectForBeanInstance@4 (line 1311)
                      ; - org.springframework.beans.factory.support.AbstractBeanFactory::doGetBean@489 (line 349)
  0x0000024d769df95c: 8bd6 4889 | b424 5001 

  0x0000024d769df964: ;   {optimized virtual_call}
  0x0000024d769df964: 0000 90e8 

  0x0000024d769df968: ; ImmutableOopMap {[208]=Oop [216]=Oop [232]=Oop [240]=Oop [264]=Oop [280]=Oop [288]=Oop [312]=Oop [328]=Oop [336]=Oop }
                      ;*invokevirtual get {reexecute=0 rethrow=0 return_oop=0}
                      ; - java.lang.ThreadLocal::get@4 (line 172)
                      ; - org.springframework.beans.factory.support.AbstractAutowireCapableBeanFactory::getObjectForBeanInstance@4 (line 1311)
                      ; - org.springframework.beans.factory.support.AbstractBeanFactory::doGetBean@489 (line 349)
  0x0000024d769df968: 9419 adff 

  0x0000024d769df96c: ;   {other}
  0x0000024d769df96c: 0f1f 8400 

  0x0000024d769df970: ;*invokevirtual get {reexecute=0 rethrow=0 return_oop=0}
                      ; - java.lang.ThreadLocal::get@4 (line 172)
                      ; - org.springframework.beans.factory.support.AbstractAutowireCapableBeanFactory::getObjectForBeanInstance@4 (line 1311)
                      ; - org.springframework.beans.factory.support.AbstractBeanFactory::doGetBean@489 (line 349)
  0x0000024d769df970: 5c0e 0012 | 4885 c00f | 8429 0000 

  0x0000024d769df97c: ;   {metadata('java/lang/String')}
  0x0000024d769df97c: 0048 ba40 | e700 024d | 0200 0044 | 8b40 0849 | ba00 0000 | 024d 0200 | 004d 03c2 | 493b d00f 
  0x0000024d769df99c: 8558 1900 | 00e9 0000 | 0000 488b 

  0x0000024d769df9a8: ;*checkcast {reexecute=0 rethrow=0 return_oop=0}
                      ; - org.springframework.beans.factory.support.AbstractAutowireCapableBeanFactory::getObjectForBeanInstance@7 (line 1311)
                      ; - org.springframework.beans.factory.support.AbstractBeanFactory::doGetBean@489 (line 349)
  0x0000024d769df9a8: f048 89b4 | 2458 0100 | 0048 85f6 | 0f84 2200 

  0x0000024d769df9b8: ;*ifnull {reexecute=0 rethrow=0 return_oop=0}
                      ; - org.springframework.beans.factory.support.AbstractAutowireCapableBeanFactory::getObjectForBeanInstance@14 (line 1312)
                      ; - org.springframework.beans.factory.support.AbstractBeanFactory::doGetBean@489 (line 349)
  0x0000024d769df9b8: 0000 4c8b | 8424 0801 | 0000 4c8b | ce48 8b94 | 24d0 0000 

  0x0000024d769df9cc: ;*invokevirtual registerDependentBean {reexecute=0 rethrow=0 return_oop=0}
                      ; - org.springframework.beans.factory.support.AbstractAutowireCapableBeanFactory::getObjectForBeanInstance@21 (line 1313)
                      ; - org.springframework.beans.factory.support.AbstractBeanFactory::doGetBean@489 (line 349)
                      ;   {optimized virtual_call}
  0x0000024d769df9cc: 0066 90e8 

  0x0000024d769df9d0: ; ImmutableOopMap {[208]=Oop [216]=Oop [232]=Oop [240]=Oop [264]=Oop [280]=Oop [288]=Oop [312]=Oop [328]=Oop [344]=Oop }
                      ;*invokevirtual registerDependentBean {reexecute=0 rethrow=0 return_oop=0}
                      ; - org.springframework.beans.factory.support.AbstractAutowireCapableBeanFactory::getObjectForBeanInstance@21 (line 1313)
                      ; - org.springframework.beans.factory.support.AbstractBeanFactory::doGetBean@489 (line 349)
  0x0000024d769df9d0: acf0 50ff 

  0x0000024d769df9d4: ;   {other}
  0x0000024d769df9d4: 0f1f 8400 

  0x0000024d769df9d8: ;*invokevirtual registerDependentBean {reexecute=0 rethrow=0 return_oop=0}
                      ; - org.springframework.beans.factory.support.AbstractAutowireCapableBeanFactory::getObjectForBeanInstance@21 (line 1313)
                      ; - org.springframework.beans.factory.support.AbstractBeanFactory::doGetBean@489 (line 349)
  0x0000024d769df9d8: c40e 0013 | 488b 8424 | 4801 0000 | 4c8b c04c | 8b8c 24f0 | 0000 0048 | 8bbc 2408 | 0100 0048 
  0x0000024d769df9f8: 8bb4 2420 | 0100 0048 | 8b94 24d0 

  0x0000024d769dfa04: ;*invokespecial getObjectForBeanInstance {reexecute=0 rethrow=0 return_oop=0}
                      ; - org.springframework.beans.factory.support.AbstractAutowireCapableBeanFactory::getObjectForBeanInstance@30 (line 1316)
                      ; - org.springframework.beans.factory.support.AbstractBeanFactory::doGetBean@489 (line 349)
                      ;   {optimized virtual_call}
  0x0000024d769dfa04: 0000 00e8 

  0x0000024d769dfa08: ; ImmutableOopMap {[208]=Oop [216]=Oop [232]=Oop [240]=Oop [264]=Oop [280]=Oop [288]=Oop [312]=Oop [328]=Oop [344]=Oop }
                      ;*invokespecial getObjectForBeanInstance {reexecute=0 rethrow=0 return_oop=0}
                      ; - org.springframework.beans.factory.support.AbstractAutowireCapableBeanFactory::getObjectForBeanInstance@30 (line 1316)
                      ; - org.springframework.beans.factory.support.AbstractBeanFactory::doGetBean@489 (line 349)
  0x0000024d769dfa08: f489 ffff 

  0x0000024d769dfa0c: ;   {other}
  0x0000024d769dfa0c: 0f1f 8400 

  0x0000024d769dfa10: ;*invokespecial getObjectForBeanInstance {reexecute=0 rethrow=0 return_oop=0}
                      ; - org.springframework.beans.factory.support.AbstractAutowireCapableBeanFactory::getObjectForBeanInstance@30 (line 1316)
                      ; - org.springframework.beans.factory.support.AbstractBeanFactory::doGetBean@489 (line 349)
  0x0000024d769dfa10: fc0e 0014 | 488b b424 | 4801 0000 | e9fb 0300 

  0x0000024d769dfa20: ;*goto {reexecute=0 rethrow=0 return_oop=0}
                      ; - org.springframework.beans.factory.support.AbstractBeanFactory::doGetBean@494 (line 349)
  0x0000024d769dfa20: 0048 8b84 | 2420 0100 | 0044 8b40 | 3049 c1e0 

  0x0000024d769dfa30: ;*getfield scope {reexecute=0 rethrow=0 return_oop=0}
                      ; - org.springframework.beans.factory.support.AbstractBeanDefinition::isPrototype@4 (line 557)
                      ; - org.springframework.beans.factory.support.AbstractBeanFactory::doGetBean@499 (line 352)
                      ;   {oop("prototype"{0x0000000709c6ead8})}
  0x0000024d769dfa30: 0348 bad8 | eac6 0907 

  0x0000024d769dfa38: ;*invokevirtual equals {reexecute=0 rethrow=0 return_oop=0}
                      ; - org.springframework.beans.factory.support.AbstractBeanDefinition::isPrototype@7 (line 557)
                      ; - org.springframework.beans.factory.support.AbstractBeanFactory::doGetBean@499 (line 352)
  0x0000024d769dfa38: 0000 000f 

  0x0000024d769dfa3c: ;   {optimized virtual_call}
  0x0000024d769dfa3c: 1f40 00e8 

  0x0000024d769dfa40: ; ImmutableOopMap {[208]=Oop [216]=Oop [232]=Oop [240]=Oop [264]=Oop [272]=Oop [280]=Oop [288]=Oop [312]=Oop }
                      ;*invokevirtual equals {reexecute=0 rethrow=0 return_oop=0}
                      ; - org.springframework.beans.factory.support.AbstractBeanDefinition::isPrototype@7 (line 557)
                      ; - org.springframework.beans.factory.support.AbstractBeanFactory::doGetBean@499 (line 352)
  0x0000024d769dfa40: 3cf0 50ff 

  0x0000024d769dfa44: ;   {other}
  0x0000024d769dfa44: 0f1f 8400 

  0x0000024d769dfa48: ;*invokevirtual equals {reexecute=0 rethrow=0 return_oop=0}
                      ; - org.springframework.beans.factory.support.AbstractBeanDefinition::isPrototype@7 (line 557)
                      ; - org.springframework.beans.factory.support.AbstractBeanFactory::doGetBean@499 (line 352)
  0x0000024d769dfa48: 340f 0015 | 83e0 0185 | c00f 8462 

  0x0000024d769dfa54: ;*ifeq {reexecute=0 rethrow=0 return_oop=0}
                      ; - org.springframework.beans.factory.support.AbstractBeanFactory::doGetBean@502 (line 352)
  0x0000024d769dfa54: 0100 0048 | 8b94 24d0 | 0000 004c | 8b84 2408 | 0100 0048 | 8bf2 488b 

  0x0000024d769dfa6c: ;*invokevirtual beforePrototypeCreation {reexecute=0 rethrow=0 return_oop=0}
                      ; - org.springframework.beans.factory.support.AbstractBeanFactory::doGetBean@511 (line 356)
                      ;   {optimized virtual_call}
  0x0000024d769dfa6c: d666 90e8 

  0x0000024d769dfa70: ; ImmutableOopMap {[208]=Oop [216]=Oop [232]=Oop [240]=Oop [264]=Oop [272]=Oop [280]=Oop [288]=Oop [312]=Oop }
                      ;*invokevirtual beforePrototypeCreation {reexecute=0 rethrow=0 return_oop=0}
                      ; - org.springframework.beans.factory.support.AbstractBeanFactory::doGetBean@511 (line 356)
  0x0000024d769dfa70: 0cf0 50ff 

  0x0000024d769dfa74: ;   {other}
  0x0000024d769dfa74: 0f1f 8400 

  0x0000024d769dfa78: ;*invokevirtual beforePrototypeCreation {reexecute=0 rethrow=0 return_oop=0}
                      ; - org.springframework.beans.factory.support.AbstractBeanFactory::doGetBean@511 (line 356)
  0x0000024d769dfa78: 640f 0016 | 4c8b 8424 | 0801 0000 | 4c8b 8c24 | 2001 0000 | 488b bc24 | d800 0000 | 488b 9424 
  0x0000024d769dfa98: ;*invokevirtual createBean {reexecute=0 rethrow=0 return_oop=0}
                      ; - org.springframework.beans.factory.support.AbstractBeanFactory::doGetBean@520 (line 357)
  0x0000024d769dfa98: d000 0000 

  0x0000024d769dfa9c: ;   {optimized virtual_call}
  0x0000024d769dfa9c: 6666 90e8 

  0x0000024d769dfaa0: ; ImmutableOopMap {[208]=Oop [216]=Oop [232]=Oop [240]=Oop [264]=Oop [272]=Oop [280]=Oop [288]=Oop [312]=Oop }
                      ;*invokevirtual createBean {reexecute=0 rethrow=0 return_oop=0}
                      ; - org.springframework.beans.factory.support.AbstractBeanFactory::doGetBean@520 (line 357)
  0x0000024d769dfaa0: dcef 50ff 

  0x0000024d769dfaa4: ;   {other}
  0x0000024d769dfaa4: 0f1f 8400 

  0x0000024d769dfaa8: ;*invokevirtual createBean {reexecute=0 rethrow=0 return_oop=0}
                      ; - org.springframework.beans.factory.support.AbstractBeanFactory::doGetBean@520 (line 357)
  0x0000024d769dfaa8: 940f 0017 | 4889 8424 | 6001 0000 | 4c8b 8424 | 0801 0000 | 488b 9424 

  0x0000024d769dfac0: ;*invokevirtual afterPrototypeCreation {reexecute=0 rethrow=0 return_oop=0}
                      ; - org.springframework.beans.factory.support.AbstractBeanFactory::doGetBean@528 (line 360)
  0x0000024d769dfac0: d000 0000 

  0x0000024d769dfac4: ;   {optimized virtual_call}
  0x0000024d769dfac4: 6666 90e8 

  0x0000024d769dfac8: ; ImmutableOopMap {[208]=Oop [216]=Oop [232]=Oop [240]=Oop [264]=Oop [272]=Oop [280]=Oop [288]=Oop [312]=Oop [352]=Oop }
                      ;*invokevirtual afterPrototypeCreation {reexecute=0 rethrow=0 return_oop=0}
                      ; - org.springframework.beans.factory.support.AbstractBeanFactory::doGetBean@528 (line 360)
  0x0000024d769dfac8: b4ef 50ff 

  0x0000024d769dfacc: ;   {other}
  0x0000024d769dfacc: 0f1f 8400 

  0x0000024d769dfad0: ;*invokevirtual afterPrototypeCreation {reexecute=0 rethrow=0 return_oop=0}
                      ; - org.springframework.beans.factory.support.AbstractBeanFactory::doGetBean@528 (line 360)
  0x0000024d769dfad0: bc0f 0018 | 488b 9424 | d000 0000 | 8bb2 bc00 | 0000 48c1 

  0x0000024d769dfae4: ;*getfield currentlyCreatedBean {reexecute=0 rethrow=0 return_oop=0}
                      ; - org.springframework.beans.factory.support.AbstractAutowireCapableBeanFactory::getObjectForBeanInstance@1 (line 1311)
                      ; - org.springframework.beans.factory.support.AbstractBeanFactory::doGetBean@553 (line 362)
  0x0000024d769dfae4: e603 483b 

  0x0000024d769dfae8: ;*invokevirtual get {reexecute=0 rethrow=0 return_oop=0}
                      ; - org.springframework.beans.factory.support.AbstractAutowireCapableBeanFactory::getObjectForBeanInstance@4 (line 1311)
                      ; - org.springframework.beans.factory.support.AbstractBeanFactory::doGetBean@553 (line 362)
  0x0000024d769dfae8: 064d 8b87 | 8003 0000 

  0x0000024d769dfaf0: ;*invokestatic currentThread {reexecute=0 rethrow=0 return_oop=0}
                      ; - java.lang.ThreadLocal::get@1 (line 172)
                      ; - org.springframework.beans.factory.support.AbstractAutowireCapableBeanFactory::getObjectForBeanInstance@4 (line 1311)
                      ; - org.springframework.beans.factory.support.AbstractBeanFactory::doGetBean@553 (line 362)
  0x0000024d769dfaf0: 4d8b 0048 

  0x0000024d769dfaf4: ;*invokevirtual get {reexecute=0 rethrow=0 return_oop=0}
                      ; - java.lang.ThreadLocal::get@4 (line 172)
                      ; - org.springframework.beans.factory.support.AbstractAutowireCapableBeanFactory::getObjectForBeanInstance@4 (line 1311)
                      ; - org.springframework.beans.factory.support.AbstractBeanFactory::doGetBean@553 (line 362)
  0x0000024d769dfaf4: 8bd6 4889 | b424 6801 

  0x0000024d769dfafc: ;   {optimized virtual_call}
  0x0000024d769dfafc: 0000 90e8 

  0x0000024d769dfb00: ; ImmutableOopMap {[208]=Oop [216]=Oop [232]=Oop [240]=Oop [264]=Oop [272]=Oop [280]=Oop [288]=Oop [312]=Oop [352]=Oop [360]=Oop }
                      ;*invokevirtual get {reexecute=0 rethrow=0 return_oop=0}
                      ; - java.lang.ThreadLocal::get@4 (line 172)
                      ; - org.springframework.beans.factory.support.AbstractAutowireCapableBeanFactory::getObjectForBeanInstance@4 (line 1311)
                      ; - org.springframework.beans.factory.support.AbstractBeanFactory::doGetBean@553 (line 362)
  0x0000024d769dfb00: 7cef 50ff 

  0x0000024d769dfb04: ;   {other}
  0x0000024d769dfb04: 0f1f 8400 

  0x0000024d769dfb08: ;*invokevirtual get {reexecute=0 rethrow=0 return_oop=0}
                      ; - java.lang.ThreadLocal::get@4 (line 172)
                      ; - org.springframework.beans.factory.support.AbstractAutowireCapableBeanFactory::getObjectForBeanInstance@4 (line 1311)
                      ; - org.springframework.beans.factory.support.AbstractBeanFactory::doGetBean@553 (line 362)
  0x0000024d769dfb08: f40f 0019 | 4885 c00f | 8429 0000 

  0x0000024d769dfb14: ;   {metadata('java/lang/String')}
  0x0000024d769dfb14: 0048 ba40 | e700 024d | 0200 0044 | 8b40 0849 | ba00 0000 | 024d 0200 | 004d 03c2 | 493b d00f 
  0x0000024d769dfb34: 85ce 1700 | 00e9 0000 | 0000 488b 

  0x0000024d769dfb40: ;*checkcast {reexecute=0 rethrow=0 return_oop=0}
                      ; - org.springframework.beans.factory.support.AbstractAutowireCapableBeanFactory::getObjectForBeanInstance@7 (line 1311)
                      ; - org.springframework.beans.factory.support.AbstractBeanFactory::doGetBean@553 (line 362)
  0x0000024d769dfb40: f048 89b4 | 2470 0100 | 0048 85f6 | 0f84 2200 

  0x0000024d769dfb50: ;*ifnull {reexecute=0 rethrow=0 return_oop=0}
                      ; - org.springframework.beans.factory.support.AbstractAutowireCapableBeanFactory::getObjectForBeanInstance@14 (line 1312)
                      ; - org.springframework.beans.factory.support.AbstractBeanFactory::doGetBean@553 (line 362)
  0x0000024d769dfb50: 0000 4c8b | 8424 0801 | 0000 4c8b | ce48 8b94 | 24d0 0000 

  0x0000024d769dfb64: ;*invokevirtual registerDependentBean {reexecute=0 rethrow=0 return_oop=0}
                      ; - org.springframework.beans.factory.support.AbstractAutowireCapableBeanFactory::getObjectForBeanInstance@21 (line 1313)
                      ; - org.springframework.beans.factory.support.AbstractBeanFactory::doGetBean@553 (line 362)
                      ;   {optimized virtual_call}
  0x0000024d769dfb64: 0066 90e8 

  0x0000024d769dfb68: ; ImmutableOopMap {[208]=Oop [216]=Oop [232]=Oop [240]=Oop [264]=Oop [272]=Oop [280]=Oop [288]=Oop [312]=Oop [352]=Oop [368]=Oop }
                      ;*invokevirtual registerDependentBean {reexecute=0 rethrow=0 return_oop=0}
                      ; - org.springframework.beans.factory.support.AbstractAutowireCapableBeanFactory::getObjectForBeanInstance@21 (line 1313)
                      ; - org.springframework.beans.factory.support.AbstractBeanFactory::doGetBean@553 (line 362)
  0x0000024d769dfb68: 14ef 50ff 

  0x0000024d769dfb6c: ;   {other}
  0x0000024d769dfb6c: 0f1f 8400 

  0x0000024d769dfb70: ;*invokevirtual registerDependentBean {reexecute=0 rethrow=0 return_oop=0}
                      ; - org.springframework.beans.factory.support.AbstractAutowireCapableBeanFactory::getObjectForBeanInstance@21 (line 1313)
                      ; - org.springframework.beans.factory.support.AbstractBeanFactory::doGetBean@553 (line 362)
  0x0000024d769dfb70: 5c10 001a | 488b 8424 | 6001 0000 | 4c8b c04c | 8b8c 24f0 | 0000 0048 | 8bbc 2408 | 0100 0048 
  0x0000024d769dfb90: 8bb4 2420 | 0100 0048 | 8b94 24d0 

  0x0000024d769dfb9c: ;*invokespecial getObjectForBeanInstance {reexecute=0 rethrow=0 return_oop=0}
                      ; - org.springframework.beans.factory.support.AbstractAutowireCapableBeanFactory::getObjectForBeanInstance@30 (line 1316)
                      ; - org.springframework.beans.factory.support.AbstractBeanFactory::doGetBean@553 (line 362)
                      ;   {optimized virtual_call}
  0x0000024d769dfb9c: 0000 00e8 

  0x0000024d769dfba0: ; ImmutableOopMap {[208]=Oop [216]=Oop [232]=Oop [240]=Oop [264]=Oop [272]=Oop [280]=Oop [288]=Oop [312]=Oop [352]=Oop [368]=Oop }
                      ;*invokespecial getObjectForBeanInstance {reexecute=0 rethrow=0 return_oop=0}
                      ; - org.springframework.beans.factory.support.AbstractAutowireCapableBeanFactory::getObjectForBeanInstance@30 (line 1316)
                      ; - org.springframework.beans.factory.support.AbstractBeanFactory::doGetBean@553 (line 362)
  0x0000024d769dfba0: dcee 50ff 

  0x0000024d769dfba4: ;   {other}
  0x0000024d769dfba4: 0f1f 8400 

  0x0000024d769dfba8: ;*invokespecial getObjectForBeanInstance {reexecute=0 rethrow=0 return_oop=0}
                      ; - org.springframework.beans.factory.support.AbstractAutowireCapableBeanFactory::getObjectForBeanInstance@30 (line 1316)
                      ; - org.springframework.beans.factory.support.AbstractBeanFactory::doGetBean@553 (line 362)
  0x0000024d769dfba8: 9410 001b | 488b b424 | 1001 0000 | e963 0200 

  0x0000024d769dfbb8: ;*goto {reexecute=0 rethrow=0 return_oop=0}
                      ; - org.springframework.beans.factory.support.AbstractBeanFactory::doGetBean@558 (line 363)
  0x0000024d769dfbb8: 0048 8b84 | 2420 0100 | 008b 7030 

  0x0000024d769dfbc4: ;*getfield scope {reexecute=0 rethrow=0 return_oop=0}
                      ; - org.springframework.beans.factory.support.AbstractBeanDefinition::getScope@1 (line 539)
                      ; - org.springframework.beans.factory.support.AbstractBeanFactory::doGetBean@563 (line 366)
  0x0000024d769dfbc4: 48c1 e603 | 4889 b424 | 7801 0000 | 4885 f60f | 8437 0000 

  0x0000024d769dfbd8: ;*ifnull {reexecute=0 rethrow=0 return_oop=0}
                      ; - org.springframework.util.StringUtils::hasLength@1 (line 147)
                      ; - org.springframework.beans.factory.support.AbstractBeanFactory::doGetBean@570 (line 367)
  0x0000024d769dfbd8: 0044 8b46 | 1449 c1e0 

  0x0000024d769dfbe0: ;*getfield value {reexecute=0 rethrow=0 return_oop=0}
                      ; - java.lang.String::isEmpty@1 (line 1532)
                      ; - org.springframework.util.StringUtils::hasLength@5 (line 147)
                      ; - org.springframework.beans.factory.support.AbstractBeanFactory::doGetBean@570 (line 367)
  0x0000024d769dfbe0: 0345 8b40 

  0x0000024d769dfbe4: ;*arraylength {reexecute=0 rethrow=0 return_oop=0}
                      ; - java.lang.String::isEmpty@4 (line 1532)
                      ; - org.springframework.util.StringUtils::hasLength@5 (line 147)
                      ; - org.springframework.beans.factory.support.AbstractBeanFactory::doGetBean@570 (line 367)
  0x0000024d769dfbe4: 0c45 85c0 | 41b8 0000 | 0000 7506 | 41b8 0100 | 0000 4183 | e001 4585 | c041 b800 | 0000 0075 
  0x0000024d769dfc04: 0641 b801 | 0000 00e9 

  0x0000024d769dfc0c: ;*ifne {reexecute=0 rethrow=0 return_oop=0}
                      ; - org.springframework.util.StringUtils::hasLength@8 (line 147)
                      ; - org.springframework.beans.factory.support.AbstractBeanFactory::doGetBean@570 (line 367)
  0x0000024d769dfc0c: 0600 0000 | 41b8 0000 

  0x0000024d769dfc14: ;*ireturn {reexecute=0 rethrow=0 return_oop=0}
                      ; - org.springframework.util.StringUtils::hasLength@16 (line 147)
                      ; - org.springframework.beans.factory.support.AbstractBeanFactory::doGetBean@570 (line 367)
  0x0000024d769dfc14: 0000 4183 | e001 4585 | c00f 84f1 

  0x0000024d769dfc20: ;*ifne {reexecute=0 rethrow=0 return_oop=0}
                      ; - org.springframework.beans.factory.support.AbstractBeanFactory::doGetBean@573 (line 367)
  0x0000024d769dfc20: 0d00 0048 | 8b94 24d0 | 0000 008b | ba98 0000 | 0048 c1e7 

  0x0000024d769dfc34: ;*getfield scopes {reexecute=0 rethrow=0 return_oop=0}
                      ; - org.springframework.beans.factory.support.AbstractBeanFactory::doGetBean@592 (line 370)
  0x0000024d769dfc34: 034c 8bc6 

  0x0000024d769dfc38: ;*invokeinterface get {reexecute=0 rethrow=0 return_oop=0}
                      ; - org.springframework.beans.factory.support.AbstractBeanFactory::doGetBean@597 (line 370)
  0x0000024d769dfc38: 488b d766 | 9048 b8ff | ffff ffff 

  0x0000024d769dfc44: ;   {virtual_call}
  0x0000024d769dfc44: ffff ffe8 

  0x0000024d769dfc48: ; ImmutableOopMap {[208]=Oop [216]=Oop [232]=Oop [240]=Oop [264]=Oop [272]=Oop [280]=Oop [288]=Oop [312]=Oop [376]=Oop }
                      ;*invokeinterface get {reexecute=0 rethrow=0 return_oop=0}
                      ; - org.springframework.beans.factory.support.AbstractBeanFactory::doGetBean@597 (line 370)
  0x0000024d769dfc48: 34f1 50ff 

  0x0000024d769dfc4c: ;   {other}
  0x0000024d769dfc4c: 0f1f 8400 

  0x0000024d769dfc50: ;*invokeinterface get {reexecute=0 rethrow=0 return_oop=0}
                      ; - org.springframework.beans.factory.support.AbstractBeanFactory::doGetBean@597 (line 370)
  0x0000024d769dfc50: 3c11 001c | 4885 c00f | 8449 0000 

  0x0000024d769dfc5c: ;   {metadata('org/springframework/beans/factory/config/Scope')}
  0x0000024d769dfc5c: 0049 b9f0 | 7212 034d | 0200 0044 | 8b40 0849 | ba00 0000 | 024d 0200 | 004d 03c2 | 4d3b 4820 
  0x0000024d769dfc7c: 0f84 2400 | 0000 4d3b | c10f 841b | 0000 0041 

  0x0000024d769dfc8c: ;   {runtime_call slow_subtype_check Runtime1 stub}
  0x0000024d769dfc8c: 5041 51e8 | 6c60 5dff | 4158 4158 | 4585 c00f | 8479 1600 | 00e9 0000 | 0000 488b 

  0x0000024d769dfca8: ;*checkcast {reexecute=0 rethrow=0 return_oop=0}
                      ; - org.springframework.beans.factory.support.AbstractBeanFactory::doGetBean@602 (line 370)
  0x0000024d769dfca8: d848 899c | 2480 0100 | 0048 85db | 0f84 a20c 

  0x0000024d769dfcb8: ;*ifnonnull {reexecute=0 rethrow=0 return_oop=0}
                      ; - org.springframework.beans.factory.support.AbstractBeanFactory::doGetBean@609 (line 371)
  0x0000024d769dfcb8: 0000 488b | 9424 d000 | 0000 660f | 1f44 0000 

  0x0000024d769dfcc8: ;   {no_reloc}
  0x0000024d769dfcc8: e965 1600 | 0090 9090 | 9090 488b | c248 8bd0 | 4c8b 8424 | 0801 0000 | 4c8b 8c24 | 2001 0000 
  0x0000024d769dfce8: 488b bc24 

  0x0000024d769dfcec: ;*invokedynamic {reexecute=0 rethrow=0 return_oop=0}
                      ; - org.springframework.beans.factory.support.AbstractBeanFactory::doGetBean@637 (line 375)
  0x0000024d769dfcec: d800 0000 | 0f1f 8000 

  0x0000024d769dfcf4: ;   {static_call}
  0x0000024d769dfcf4: 0000 00e8 

  0x0000024d769dfcf8: ; ImmutableOopMap {[208]=Oop [216]=Oop [232]=Oop [240]=Oop [264]=Oop [272]=Oop [280]=Oop [288]=Oop [312]=Oop [376]=Oop [384]=Oop }
                      ;*invokedynamic {reexecute=0 rethrow=0 return_oop=0}
                      ; - org.springframework.beans.factory.support.AbstractBeanFactory::doGetBean@637 (line 375)
  0x0000024d769dfcf8: 84f3 50ff 

  0x0000024d769dfcfc: ;   {other}
  0x0000024d769dfcfc: 0f1f 8400 

  0x0000024d769dfd00: ;*invokedynamic {reexecute=0 rethrow=0 return_oop=0}
                      ; - org.springframework.beans.factory.support.AbstractBeanFactory::doGetBean@637 (line 375)
  0x0000024d769dfd00: ec11 001d | 4c8b 8424 | 0801 0000 | 4c8b c848 | 8b94 2480 

  0x0000024d769dfd14: ;*invokeinterface get {reexecute=0 rethrow=0 return_oop=0}
                      ; - org.springframework.beans.factory.support.AbstractBeanFactory::doGetBean@642 (line 375)
  0x0000024d769dfd14: 0100 0066 | 0f1f 4400 | 0048 b8ff | ffff ffff 

  0x0000024d769dfd24: ;   {virtual_call}
  0x0000024d769dfd24: ffff ffe8 

  0x0000024d769dfd28: ; ImmutableOopMap {[208]=Oop [216]=Oop [232]=Oop [240]=Oop [264]=Oop [272]=Oop [280]=Oop [288]=Oop [312]=Oop [376]=Oop [384]=Oop }
                      ;*invokeinterface get {reexecute=0 rethrow=0 return_oop=0}
                      ; - org.springframework.beans.factory.support.AbstractBeanFactory::doGetBean@642 (line 375)
  0x0000024d769dfd28: 54f0 50ff 

  0x0000024d769dfd2c: ;   {other}
  0x0000024d769dfd2c: 0f1f 8400 

  0x0000024d769dfd30: ;*invokeinterface get {reexecute=0 rethrow=0 return_oop=0}
                      ; - org.springframework.beans.factory.support.AbstractBeanFactory::doGetBean@642 (line 375)
  0x0000024d769dfd30: 1c12 001e | 4889 8424 | 8801 0000 | 488b 9424 | d000 0000 | 8bb2 bc00 | 0000 48c1 

  0x0000024d769dfd4c: ;*getfield currentlyCreatedBean {reexecute=0 rethrow=0 return_oop=0}
                      ; - org.springframework.beans.factory.support.AbstractAutowireCapableBeanFactory::getObjectForBeanInstance@1 (line 1311)
                      ; - org.springframework.beans.factory.support.AbstractBeanFactory::doGetBean@657 (line 384)
  0x0000024d769dfd4c: e603 483b 

  0x0000024d769dfd50: ;*invokevirtual get {reexecute=0 rethrow=0 return_oop=0}
                      ; - org.springframework.beans.factory.support.AbstractAutowireCapableBeanFactory::getObjectForBeanInstance@4 (line 1311)
                      ; - org.springframework.beans.factory.support.AbstractBeanFactory::doGetBean@657 (line 384)
  0x0000024d769dfd50: 064d 8b87 | 8003 0000 

  0x0000024d769dfd58: ;*invokestatic currentThread {reexecute=0 rethrow=0 return_oop=0}
                      ; - java.lang.ThreadLocal::get@1 (line 172)
                      ; - org.springframework.beans.factory.support.AbstractAutowireCapableBeanFactory::getObjectForBeanInstance@4 (line 1311)
                      ; - org.springframework.beans.factory.support.AbstractBeanFactory::doGetBean@657 (line 384)
  0x0000024d769dfd58: 4d8b 0048 

  0x0000024d769dfd5c: ;*invokevirtual get {reexecute=0 rethrow=0 return_oop=0}
                      ; - java.lang.ThreadLocal::get@4 (line 172)
                      ; - org.springframework.beans.factory.support.AbstractAutowireCapableBeanFactory::getObjectForBeanInstance@4 (line 1311)
                      ; - org.springframework.beans.factory.support.AbstractBeanFactory::doGetBean@657 (line 384)
  0x0000024d769dfd5c: 8bd6 4889 | b424 9001 

  0x0000024d769dfd64: ;   {optimized virtual_call}
  0x0000024d769dfd64: 0000 90e8 

  0x0000024d769dfd68: ; ImmutableOopMap {[208]=Oop [216]=Oop [232]=Oop [240]=Oop [264]=Oop [272]=Oop [280]=Oop [288]=Oop [312]=Oop [376]=Oop [384]=Oop [392]=Oop [400]=Oop }
                      ;*invokevirtual get {reexecute=0 rethrow=0 return_oop=0}
                      ; - java.lang.ThreadLocal::get@4 (line 172)
                      ; - org.springframework.beans.factory.support.AbstractAutowireCapableBeanFactory::getObjectForBeanInstance@4 (line 1311)
                      ; - org.springframework.beans.factory.support.AbstractBeanFactory::doGetBean@657 (line 384)
  0x0000024d769dfd68: 14ed 50ff 

  0x0000024d769dfd6c: ;   {other}
  0x0000024d769dfd6c: 0f1f 8400 

  0x0000024d769dfd70: ;*invokevirtual get {reexecute=0 rethrow=0 return_oop=0}
                      ; - java.lang.ThreadLocal::get@4 (line 172)
                      ; - org.springframework.beans.factory.support.AbstractAutowireCapableBeanFactory::getObjectForBeanInstance@4 (line 1311)
                      ; - org.springframework.beans.factory.support.AbstractBeanFactory::doGetBean@657 (line 384)
  0x0000024d769dfd70: 5c12 001f | 4885 c00f | 8429 0000 

  0x0000024d769dfd7c: ;   {metadata('java/lang/String')}
  0x0000024d769dfd7c: 0048 ba40 | e700 024d | 0200 0044 | 8b40 0849 | ba00 0000 | 024d 0200 | 004d 03c2 | 493b d00f 
  0x0000024d769dfd9c: 85a0 1500 | 00e9 0000 | 0000 488b 

  0x0000024d769dfda8: ;*checkcast {reexecute=0 rethrow=0 return_oop=0}
                      ; - org.springframework.beans.factory.support.AbstractAutowireCapableBeanFactory::getObjectForBeanInstance@7 (line 1311)
                      ; - org.springframework.beans.factory.support.AbstractBeanFactory::doGetBean@657 (line 384)
  0x0000024d769dfda8: f048 89b4 | 2498 0100 | 0048 85f6 | 0f84 2200 

  0x0000024d769dfdb8: ;*ifnull {reexecute=0 rethrow=0 return_oop=0}
                      ; - org.springframework.beans.factory.support.AbstractAutowireCapableBeanFactory::getObjectForBeanInstance@14 (line 1312)
                      ; - org.springframework.beans.factory.support.AbstractBeanFactory::doGetBean@657 (line 384)
  0x0000024d769dfdb8: 0000 4c8b | 8424 0801 | 0000 4c8b | ce48 8b94 | 24d0 0000 

  0x0000024d769dfdcc: ;*invokevirtual registerDependentBean {reexecute=0 rethrow=0 return_oop=0}
                      ; - org.springframework.beans.factory.support.AbstractAutowireCapableBeanFactory::getObjectForBeanInstance@21 (line 1313)
                      ; - org.springframework.beans.factory.support.AbstractBeanFactory::doGetBean@657 (line 384)
                      ;   {optimized virtual_call}
  0x0000024d769dfdcc: 0066 90e8 

  0x0000024d769dfdd0: ; ImmutableOopMap {[208]=Oop [216]=Oop [232]=Oop [240]=Oop [264]=Oop [272]=Oop [280]=Oop [288]=Oop [312]=Oop [376]=Oop [384]=Oop [392]=Oop [408]=Oop }
                      ;*invokevirtual registerDependentBean {reexecute=0 rethrow=0 return_oop=0}
                      ; - org.springframework.beans.factory.support.AbstractAutowireCapableBeanFactory::getObjectForBeanInstance@21 (line 1313)
                      ; - org.springframework.beans.factory.support.AbstractBeanFactory::doGetBean@657 (line 384)
  0x0000024d769dfdd0: acec 50ff 

  0x0000024d769dfdd4: ;   {other}
  0x0000024d769dfdd4: 0f1f 8400 

  0x0000024d769dfdd8: ;*invokevirtual registerDependentBean {reexecute=0 rethrow=0 return_oop=0}
                      ; - org.springframework.beans.factory.support.AbstractAutowireCapableBeanFactory::getObjectForBeanInstance@21 (line 1313)
                      ; - org.springframework.beans.factory.support.AbstractBeanFactory::doGetBean@657 (line 384)
  0x0000024d769dfdd8: c412 0020 | 488b 8424 | 8801 0000 | 4c8b c04c | 8b8c 24f0 | 0000 0048 | 8bbc 2408 | 0100 0048 
  0x0000024d769dfdf8: 8bb4 2420 | 0100 0048 | 8b94 24d0 

  0x0000024d769dfe04: ;*invokespecial getObjectForBeanInstance {reexecute=0 rethrow=0 return_oop=0}
                      ; - org.springframework.beans.factory.support.AbstractAutowireCapableBeanFactory::getObjectForBeanInstance@30 (line 1316)
                      ; - org.springframework.beans.factory.support.AbstractBeanFactory::doGetBean@657 (line 384)
                      ;   {optimized virtual_call}
  0x0000024d769dfe04: 0000 00e8 

  0x0000024d769dfe08: ; ImmutableOopMap {[208]=Oop [216]=Oop [232]=Oop [240]=Oop [264]=Oop [272]=Oop [280]=Oop [288]=Oop [312]=Oop [376]=Oop [384]=Oop [392]=Oop [408]=Oop }
                      ;*invokespecial getObjectForBeanInstance {reexecute=0 rethrow=0 return_oop=0}
                      ; - org.springframework.beans.factory.support.AbstractAutowireCapableBeanFactory::getObjectForBeanInstance@30 (line 1316)
                      ; - org.springframework.beans.factory.support.AbstractBeanFactory::doGetBean@657 (line 384)
  0x0000024d769dfe08: 74ec 50ff 

  0x0000024d769dfe0c: ;   {other}
  0x0000024d769dfe0c: 0f1f 8400 

  0x0000024d769dfe10: ;*invokespecial getObjectForBeanInstance {reexecute=0 rethrow=0 return_oop=0}
                      ; - org.springframework.beans.factory.support.AbstractAutowireCapableBeanFactory::getObjectForBeanInstance@30 (line 1316)
                      ; - org.springframework.beans.factory.support.AbstractBeanFactory::doGetBean@657 (line 384)
  0x0000024d769dfe10: fc12 0021 | 488b b424 

  0x0000024d769dfe18: ;*goto {reexecute=0 rethrow=0 return_oop=0}
                      ; - org.springframework.beans.factory.support.AbstractBeanFactory::doGetBean@662 (line 388)
  0x0000024d769dfe18: 1001 0000 | 488b 9424 | d000 0000 | 440f be42 

  0x0000024d769dfe28: ;*getfield cacheBeanMetadata {reexecute=0 rethrow=0 return_oop=0}
                      ; - org.springframework.beans.factory.support.AbstractBeanFactory::isCacheBeanMetadata@1 (line 861)
                      ; - org.springframework.beans.factory.support.AbstractBeanFactory::doGetBean@689 (line 399)
  0x0000024d769dfe28: 1941 83e0 | 0145 85c0 | 0f85 4e08 

  0x0000024d769dfe34: ;*ifne {reexecute=0 rethrow=0 return_oop=0}
                      ; - org.springframework.beans.factory.support.AbstractBeanFactory::doGetBean@692 (line 399)
  0x0000024d769dfe34: 0000 4889 | b424 a001 | 0000 4889 | 8424 a801 | 0000 8bba | a000 0000 

  0x0000024d769dfe4c: ;*getfield mergedBeanDefinitions {reexecute=0 rethrow=0 return_oop=0}
                      ; - org.springframework.beans.factory.support.AbstractBeanFactory::clearMergedBeanDefinition@1 (line 1537)
                      ; - org.springframework.beans.factory.support.DefaultListableBeanFactory::clearMergedBeanDefinition@2 (line 992)
                      ; - org.springframework.beans.factory.support.AbstractBeanFactory::doGetBean@698 (line 400)
  0x0000024d769dfe4c: 48c1 e703 | 4c8b 8424 | 0801 0000 

  0x0000024d769dfe58: ;*invokeinterface get {reexecute=0 rethrow=0 return_oop=0}
                      ; - org.springframework.beans.factory.support.AbstractBeanFactory::clearMergedBeanDefinition@5 (line 1537)
                      ; - org.springframework.beans.factory.support.DefaultListableBeanFactory::clearMergedBeanDefinition@2 (line 992)
                      ; - org.springframework.beans.factory.support.AbstractBeanFactory::doGetBean@698 (line 400)
  0x0000024d769dfe58: 488b d766 | 9048 b8ff | ffff ffff 

  0x0000024d769dfe64: ;   {virtual_call}
  0x0000024d769dfe64: ffff ffe8 

  0x0000024d769dfe68: ; ImmutableOopMap {[208]=Oop [216]=Oop [232]=Oop [240]=Oop [264]=Oop [280]=Oop [288]=Oop [312]=Oop [416]=Oop [424]=Oop }
                      ;*invokeinterface get {reexecute=0 rethrow=0 return_oop=0}
                      ; - org.springframework.beans.factory.support.AbstractBeanFactory::clearMergedBeanDefinition@5 (line 1537)
                      ; - org.springframework.beans.factory.support.DefaultListableBeanFactory::clearMergedBeanDefinition@2 (line 992)
                      ; - org.springframework.beans.factory.support.AbstractBeanFactory::doGetBean@698 (line 400)
  0x0000024d769dfe68: 14ef 50ff 

  0x0000024d769dfe6c: ;   {other}
  0x0000024d769dfe6c: 0f1f 8400 

  0x0000024d769dfe70: ;*invokeinterface get {reexecute=0 rethrow=0 return_oop=0}
                      ; - org.springframework.beans.factory.support.AbstractBeanFactory::clearMergedBeanDefinition@5 (line 1537)
                      ; - org.springframework.beans.factory.support.DefaultListableBeanFactory::clearMergedBeanDefinition@2 (line 992)
                      ; - org.springframework.beans.factory.support.AbstractBeanFactory::doGetBean@698 (line 400)
  0x0000024d769dfe70: 5c13 0022 | 4885 c00f | 8429 0000 

  0x0000024d769dfe7c: ;   {metadata('org/springframework/beans/factory/support/RootBeanDefinition')}
  0x0000024d769dfe7c: 0048 ba58 | 102a 034d | 0200 008b | 7808 49ba | 0000 0002 | 4d02 0000 | 4903 fa48 | 3b57 500f 
  0x0000024d769dfe9c: 85a9 1400 | 00e9 0000 | 0000 488b 

  0x0000024d769dfea8: ;*checkcast {reexecute=0 rethrow=0 return_oop=0}
                      ; - org.springframework.beans.factory.support.AbstractBeanFactory::clearMergedBeanDefinition@10 (line 1537)
                      ; - org.springframework.beans.factory.support.DefaultListableBeanFactory::clearMergedBeanDefinition@2 (line 992)
                      ; - org.springframework.beans.factory.support.AbstractBeanFactory::doGetBean@698 (line 400)
  0x0000024d769dfea8: d048 85d2 | 0f84 8807 

  0x0000024d769dfeb0: ;*ifnull {reexecute=0 rethrow=0 return_oop=0}
                      ; - org.springframework.beans.factory.support.AbstractBeanFactory::clearMergedBeanDefinition@15 (line 1538)
                      ; - org.springframework.beans.factory.support.DefaultListableBeanFactory::clearMergedBeanDefinition@2 (line 992)
                      ; - org.springframework.beans.factory.support.AbstractBeanFactory::doGetBean@698 (line 400)
  0x0000024d769dfeb0: 0000 be01 | 0000 0040 | 8872 2bf0 | 8344 24c0 

  0x0000024d769dfec0: ;*putfield stale {reexecute=0 rethrow=0 return_oop=0}
                      ; - org.springframework.beans.factory.support.AbstractBeanFactory::clearMergedBeanDefinition@20 (line 1539)
                      ; - org.springframework.beans.factory.support.DefaultListableBeanFactory::clearMergedBeanDefinition@2 (line 992)
                      ; - org.springframework.beans.factory.support.AbstractBeanFactory::doGetBean@698 (line 400)
  0x0000024d769dfec0: 00e9 7407 

  0x0000024d769dfec4: ;*return {reexecute=0 rethrow=0 return_oop=0}
                      ; - org.springframework.beans.factory.support.AbstractBeanFactory::clearMergedBeanDefinition@23 (line 1541)
                      ; - org.springframework.beans.factory.support.DefaultListableBeanFactory::clearMergedBeanDefinition@2 (line 992)
                      ; - org.springframework.beans.factory.support.AbstractBeanFactory::doGetBean@698 (line 400)
  0x0000024d769dfec4: 0000 488b | 8424 2001 

  0x0000024d769dfecc: ;   {metadata('org/springframework/beans/factory/BeanCreationException')}
  0x0000024d769dfecc: 0000 48ba | e8cd 2903 | 4d02 0000 | 488b d880 | ba21 0100 | 0004 0f85 | 7514 0000 | 498b 87b8 
  0x0000024d769dfeec: 0100 0048 | 8d78 3049 | 3bbf c801 | 0000 0f87 | 5d14 0000 | 4989 bfb8 | 0100 0048 | c700 0100 
  0x0000024d769dff0c: 0000 488b | ca49 ba00 | 0000 024d | 0200 0049 | 2bca 8948 | 0848 33c9 | 8948 0c48 | 33c9 4889 
  0x0000024d769dff2c: 4810 4889 | 4818 4889 | 4820 4889 

  0x0000024d769dff38: ;*new {reexecute=0 rethrow=0 return_oop=0}
                      ; - org.springframework.beans.factory.support.AbstractBeanFactory::doGetBean@331 (line 310)
  0x0000024d769dff38: 4828 4889 | 8424 3802 | 0000 8b73 | 6448 c1e6 

  0x0000024d769dff48: ;*getfield resource {reexecute=0 rethrow=0 return_oop=0}
                      ; - org.springframework.beans.factory.support.AbstractBeanDefinition::getResourceDescription@1 (line 1240)
                      ; - org.springframework.beans.factory.support.AbstractBeanFactory::doGetBean@337 (line 310)
  0x0000024d769dff48: 0348 85f6 | 0f84 8709 | 0000 e963 

  0x0000024d769dff54: ;*ifnull {reexecute=0 rethrow=0 return_oop=0}
                      ; - org.springframework.beans.factory.support.AbstractBeanDefinition::getResourceDescription@4 (line 1240)
                      ; - org.springframework.beans.factory.support.AbstractBeanFactory::doGetBean@337 (line 310)
  0x0000024d769dff54: 0900 004c | 8b84 24f0 | 0000 0049 

  0x0000024d769dff60: ;*invokestatic transformedBeanName {reexecute=0 rethrow=0 return_oop=0}
                      ; - org.springframework.beans.factory.support.AbstractBeanFactory::transformedBeanName@2 (line 1285)
                      ; - org.springframework.beans.factory.support.AbstractBeanFactory::originalBeanName@2 (line 1294)
                      ; - org.springframework.beans.factory.support.AbstractBeanFactory::doGetBean@136 (line 275)
  0x0000024d769dff60: 8bd0 0f1f 

  0x0000024d769dff64: ;   {static_call}
  0x0000024d769dff64: 4400 00e8 

  0x0000024d769dff68: ; ImmutableOopMap {[208]=Oop [216]=Oop [232]=Oop [240]=Oop [264]=Oop [272]=Oop [280]=Oop }
                      ;*invokestatic transformedBeanName {reexecute=0 rethrow=0 return_oop=0}
                      ; - org.springframework.beans.factory.support.AbstractBeanFactory::transformedBeanName@2 (line 1285)
                      ; - org.springframework.beans.factory.support.AbstractBeanFactory::originalBeanName@2 (line 1294)
                      ; - org.springframework.beans.factory.support.AbstractBeanFactory::doGetBean@136 (line 275)
  0x0000024d769dff68: 14f1 50ff 

  0x0000024d769dff6c: ;   {other}
  0x0000024d769dff6c: 0f1f 8400 

  0x0000024d769dff70: ;*invokestatic transformedBeanName {reexecute=0 rethrow=0 return_oop=0}
                      ; - org.springframework.beans.factory.support.AbstractBeanFactory::transformedBeanName@2 (line 1285)
                      ; - org.springframework.beans.factory.support.AbstractBeanFactory::originalBeanName@2 (line 1294)
                      ; - org.springframework.beans.factory.support.AbstractBeanFactory::doGetBean@136 (line 275)
  0x0000024d769dff70: 5c14 0023 | 4c8b c048 | 8b94 24d0 

  0x0000024d769dff7c: ;*invokevirtual canonicalName {reexecute=0 rethrow=0 return_oop=0}
                      ; - org.springframework.beans.factory.support.AbstractBeanFactory::transformedBeanName@5 (line 1285)
                      ; - org.springframework.beans.factory.support.AbstractBeanFactory::originalBeanName@2 (line 1294)
                      ; - org.springframework.beans.factory.support.AbstractBeanFactory::doGetBean@136 (line 275)
                      ;   {optimized virtual_call}
  0x0000024d769dff7c: 0000 00e8 

  0x0000024d769dff80: ; ImmutableOopMap {[208]=Oop [216]=Oop [232]=Oop [240]=Oop [264]=Oop [272]=Oop [280]=Oop }
                      ;*invokevirtual canonicalName {reexecute=0 rethrow=0 return_oop=0}
                      ; - org.springframework.beans.factory.support.AbstractBeanFactory::transformedBeanName@5 (line 1285)
                      ; - org.springframework.beans.factory.support.AbstractBeanFactory::originalBeanName@2 (line 1294)
                      ; - org.springframework.beans.factory.support.AbstractBeanFactory::doGetBean@136 (line 275)
  0x0000024d769dff80: fcea 50ff 

  0x0000024d769dff84: ;   {other}
  0x0000024d769dff84: 0f1f 8400 

  0x0000024d769dff88: ;*invokevirtual canonicalName {reexecute=0 rethrow=0 return_oop=0}
                      ; - org.springframework.beans.factory.support.AbstractBeanFactory::transformedBeanName@5 (line 1285)
                      ; - org.springframework.beans.factory.support.AbstractBeanFactory::originalBeanName@2 (line 1294)
                      ; - org.springframework.beans.factory.support.AbstractBeanFactory::doGetBean@136 (line 275)
  0x0000024d769dff88: 7414 0024 | 4c8b 8424 | f000 0000 

  0x0000024d769dff94: ; implicit exception: dispatches to 0x0000024d769e136a
  0x0000024d769dff94: 418b 5014 

  0x0000024d769dff98: ;*getfield value {reexecute=0 rethrow=0 return_oop=0}
                      ; - java.lang.String::isEmpty@1 (line 1532)
                      ; - org.springframework.beans.factory.support.AbstractBeanFactory::originalBeanName@7 (line 1295)
                      ; - org.springframework.beans.factory.support.AbstractBeanFactory::doGetBean@136 (line 275)
  0x0000024d769dff98: 48c1 e203 

  0x0000024d769dff9c: ; implicit exception: dispatches to 0x0000024d769e136f
                      ;*arraylength {reexecute=0 rethrow=0 return_oop=0}
                      ; - java.lang.String::isEmpty@4 (line 1532)
                      ; - org.springframework.beans.factory.support.AbstractBeanFactory::originalBeanName@7 (line 1295)
                      ; - org.springframework.beans.factory.support.AbstractBeanFactory::doGetBean@136 (line 275)
  0x0000024d769dff9c: 8b72 0c85 | f6bf 0000 | 0000 7505 | bf01 0000 | 0083 e701 | 85ff 0f85 

  0x0000024d769dffb4: ;*ifne {reexecute=0 rethrow=0 return_oop=0}
                      ; - org.springframework.beans.factory.support.AbstractBeanFactory::originalBeanName@10 (line 1295)
                      ; - org.springframework.beans.factory.support.AbstractBeanFactory::doGetBean@136 (line 275)
  0x0000024d769dffb4: d400 0000 | 410f be78 

  0x0000024d769dffbc: ;*getfield coder {reexecute=0 rethrow=0 return_oop=0}
                      ; - java.lang.String::isLatin1@7 (line 4821)
                      ; - java.lang.String::charAt@1 (line 1554)
                      ; - org.springframework.beans.factory.support.AbstractBeanFactory::originalBeanName@15 (line 1295)
                      ; - org.springframework.beans.factory.support.AbstractBeanFactory::doGetBean@136 (line 275)
  0x0000024d769dffbc: 1085 ffbf | 0000 0000 | 7505 bf01 | 0000 0083 | e701 85ff | 0f84 4700 

  0x0000024d769dffd4: ;*ifeq {reexecute=0 rethrow=0 return_oop=0}
                      ; - java.lang.String::charAt@4 (line 1554)
                      ; - org.springframework.beans.factory.support.AbstractBeanFactory::originalBeanName@15 (line 1295)
                      ; - org.springframework.beans.factory.support.AbstractBeanFactory::doGetBean@136 (line 275)
  0x0000024d769dffd4: 0000 bf00 

  0x0000024d769dffd8: ;   {oop(a 'jdk/internal/util/Preconditions$4'{0x0000000709c30320})}
  0x0000024d769dffd8: 0000 0048 | bb20 03c3 | 0907 0000 | 00bb 0000 | 0000 3bfb | 0f8c 8213 | 0000 3bfe | 0f8d 8713 
  0x0000024d769dfff8: ;*invokestatic checkIndex {reexecute=0 rethrow=0 return_oop=0}
                      ; - java.lang.String::checkIndex@5 (line 4832)
                      ; - java.lang.StringLatin1::charAt@3 (line 46)
                      ; - java.lang.String::charAt@12 (line 1555)
                      ; - org.springframework.beans.factory.support.AbstractBeanFactory::originalBeanName@15 (line 1295)
                      ; - org.springframework.beans.factory.support.AbstractBeanFactory::doGetBean@136 (line 275)
  0x0000024d769dfff8: 0000 85f6 | 0f86 8c13 | 0000 0fbe 

  0x0000024d769e0004: ;*baload {reexecute=0 rethrow=0 return_oop=0}
                      ; - java.lang.StringLatin1::charAt@8 (line 47)
                      ; - java.lang.String::charAt@12 (line 1555)
                      ; - org.springframework.beans.factory.support.AbstractBeanFactory::originalBeanName@15 (line 1295)
                      ; - org.springframework.beans.factory.support.AbstractBeanFactory::doGetBean@136 (line 275)
  0x0000024d769e0004: 5210 81e2 | ff00 0000 | 81e2 ffff | 0000 81e2 | ffff 0000 | e936 0000 

  0x0000024d769e001c: ;*bipush {reexecute=0 rethrow=0 return_oop=0}
                      ; - org.springframework.beans.factory.support.AbstractBeanFactory::originalBeanName@18 (line 1295)
                      ; - org.springframework.beans.factory.support.AbstractBeanFactory::doGetBean@136 (line 275)
  0x0000024d769e001c: 00d1 febf | 0000 0000 

  0x0000024d769e0024: ;   {oop(a 'jdk/internal/util/Preconditions$4'{0x0000000709c30320})}
  0x0000024d769e0024: 48bb 2003 | c309 0700 | 0000 bb00 | 0000 003b | fb0f 8c65 | 1300 003b | fe0f 8d6a 

  0x0000024d769e0040: ;*invokestatic checkIndex {reexecute=0 rethrow=0 return_oop=0}
                      ; - java.lang.String::checkIndex@5 (line 4832)
                      ; - java.lang.StringUTF16::checkIndex@5 (line 1613)
                      ; - java.lang.StringUTF16::charAt@2 (line 1418)
                      ; - java.lang.String::charAt@21 (line 1557)
                      ; - org.springframework.beans.factory.support.AbstractBeanFactory::originalBeanName@15 (line 1295)
                      ; - org.springframework.beans.factory.support.AbstractBeanFactory::doGetBean@136 (line 275)
  0x0000024d769e0040: 1300 000f 

  0x0000024d769e0044: ;*invokestatic getChar {reexecute=0 rethrow=0 return_oop=0}
                      ; - java.lang.StringUTF16::charAt@7 (line 1419)
                      ; - java.lang.String::charAt@21 (line 1557)
                      ; - org.springframework.beans.factory.support.AbstractBeanFactory::originalBeanName@15 (line 1295)
                      ; - org.springframework.beans.factory.support.AbstractBeanFactory::doGetBean@136 (line 275)
  0x0000024d769e0044: b752 1081 | e2ff ff00 | 0081 e2ff | ff00 0083 | fa26 0f85 

  0x0000024d769e0058: ;*if_icmpne {reexecute=0 rethrow=0 return_oop=0}
                      ; - org.springframework.beans.factory.support.AbstractBeanFactory::originalBeanName@20 (line 1295)
                      ; - org.springframework.beans.factory.support.AbstractBeanFactory::doGetBean@136 (line 275)
  0x0000024d769e0058: 3000 0000 | 0f1f 4000 

  0x0000024d769e0060: ;   {no_reloc}
  0x0000024d769e0060: e964 1300 | 0090 9090 | 9090 488b 

  0x0000024d769e006c: ;*invokedynamic {reexecute=0 rethrow=0 return_oop=0}
                      ; - org.springframework.beans.factory.support.AbstractBeanFactory::originalBeanName@24 (line 1296)
                      ; - org.springframework.beans.factory.support.AbstractBeanFactory::doGetBean@136 (line 275)
  0x0000024d769e006c: d04c 8bc6 | 4889 8424 | b001 0000 | 0f1f 8000 

  0x0000024d769e007c: ;   {static_call}
  0x0000024d769e007c: 0000 00e8 

  0x0000024d769e0080: ; ImmutableOopMap {[208]=Oop [216]=Oop [232]=Oop [240]=Oop [264]=Oop [272]=Oop [280]=Oop [432]=Oop }
                      ;*invokedynamic {reexecute=0 rethrow=0 return_oop=0}
                      ; - org.springframework.beans.factory.support.AbstractBeanFactory::originalBeanName@24 (line 1296)
                      ; - org.springframework.beans.factory.support.AbstractBeanFactory::doGetBean@136 (line 275)
  0x0000024d769e0080: fcef 50ff 

  0x0000024d769e0084: ;   {other}
  0x0000024d769e0084: 0f1f 8400 

  0x0000024d769e0088: ;*invokedynamic {reexecute=0 rethrow=0 return_oop=0}
                      ; - org.springframework.beans.factory.support.AbstractBeanFactory::originalBeanName@24 (line 1296)
                      ; - org.springframework.beans.factory.support.AbstractBeanFactory::doGetBean@136 (line 275)
  0x0000024d769e0088: 7415 0025 | 488b b424 | 1801 0000 | 4885 f60f | 8429 0000 

  0x0000024d769e009c: ;   {metadata('org/springframework/beans/factory/support/AbstractBeanFactory')}
  0x0000024d769e009c: 0048 b918 | a829 034d | 0200 008b | 5e08 49ba | 0000 0002 | 4d02 0000 | 4903 da48 | 3b4b 500f 
  0x0000024d769e00bc: 8505 0000 | 00e9 0500 | 0000 4833 | d2eb 0a48 | ba01 0000 | 0000 0000 

  0x0000024d769e00d4: ;*instanceof {reexecute=0 rethrow=0 return_oop=0}
                      ; - org.springframework.beans.factory.support.AbstractBeanFactory::doGetBean@143 (line 276)
  0x0000024d769e00d4: 0085 d20f | 85cd 0400 

  0x0000024d769e00dc: ;*ifeq {reexecute=0 rethrow=0 return_oop=0}
                      ; - org.springframework.beans.factory.support.AbstractBeanFactory::doGetBean@146 (line 276)
  0x0000024d769e00dc: 0048 8bbc | 24d8 0000 | 0048 85ff | 0f85 6c04 

  0x0000024d769e00ec: ;*ifnull {reexecute=0 rethrow=0 return_oop=0}
                      ; - org.springframework.beans.factory.support.AbstractBeanFactory::doGetBean@169 (line 279)
  0x0000024d769e00ec: 0000 4c8b | 8c24 e800 | 0000 4d85 | c90f 8413 | 0400 00e9 

  0x0000024d769e0100: ;*ifnull {reexecute=0 rethrow=0 return_oop=0}
                      ; - org.springframework.beans.factory.support.AbstractBeanFactory::doGetBean@184 (line 283)
  0x0000024d769e0100: c503 0000 | 4889 8424 | 1001 0000 | 488b 9424 | d000 0000 | 8b72 0c48 

  0x0000024d769e0118: ;*getfield logger {reexecute=0 rethrow=0 return_oop=0}
                      ; - org.springframework.beans.factory.support.AbstractBeanFactory::doGetBean@25 (line 252)
  0x0000024d769e0118: c1e6 0348 

  0x0000024d769e011c: ;*invokeinterface isTraceEnabled {reexecute=0 rethrow=0 return_oop=0}
                      ; - org.springframework.beans.factory.support.AbstractBeanFactory::doGetBean@28 (line 252)
  0x0000024d769e011c: 8bd6 0f1f | 8000 0000 | 0048 b838 | 6511 034d 

  0x0000024d769e012c: ;   {virtual_call}
  0x0000024d769e012c: 0200 00e8 

  0x0000024d769e0130: ; ImmutableOopMap {[208]=Oop [216]=Oop [232]=Oop [240]=Oop [264]=Oop [272]=Oop }
                      ;*invokeinterface isTraceEnabled {reexecute=0 rethrow=0 return_oop=0}
                      ; - org.springframework.beans.factory.support.AbstractBeanFactory::doGetBean@28 (line 252)
  0x0000024d769e0130: 0c34 ccff 

  0x0000024d769e0134: ;   {other}
  0x0000024d769e0134: 0f1f 8400 

  0x0000024d769e0138: ;*invokeinterface isTraceEnabled {reexecute=0 rethrow=0 return_oop=0}
                      ; - org.springframework.beans.factory.support.AbstractBeanFactory::doGetBean@28 (line 252)
  0x0000024d769e0138: 2416 0026 | 85c0 0f84 

  0x0000024d769e0140: ;*ifeq {reexecute=0 rethrow=0 return_oop=0}
                      ; - org.springframework.beans.factory.support.AbstractBeanFactory::doGetBean@33 (line 252)
  0x0000024d769e0140: 0801 0000 | 488b 9424 | d000 0000 | 8b72 3448 

  0x0000024d769e0150: ;*getfield singletonsCurrentlyInCreation {reexecute=0 rethrow=0 return_oop=0}
                      ; - org.springframework.beans.factory.support.DefaultSingletonBeanRegistry::isSingletonCurrentlyInCreation@1 (line 533)
                      ; - org.springframework.beans.factory.support.AbstractBeanFactory::doGetBean@39 (line 253)
  0x0000024d769e0150: c1e6 034c | 8b84 2408 | 0100 0048 

  0x0000024d769e015c: ;*invokeinterface contains {reexecute=0 rethrow=0 return_oop=0}
                      ; - org.springframework.beans.factory.support.DefaultSingletonBeanRegistry::isSingletonCurrentlyInCreation@5 (line 533)
                      ; - org.springframework.beans.factory.support.AbstractBeanFactory::doGetBean@39 (line 253)
  0x0000024d769e015c: 8bd6 0f1f | 8000 0000 | 0048 b8ff | ffff ffff 

  0x0000024d769e016c: ;   {virtual_call}
  0x0000024d769e016c: ffff ffe8 

  0x0000024d769e0170: ; ImmutableOopMap {[208]=Oop [216]=Oop [232]=Oop [240]=Oop [264]=Oop [272]=Oop }
                      ;*invokeinterface contains {reexecute=0 rethrow=0 return_oop=0}
                      ; - org.springframework.beans.factory.support.DefaultSingletonBeanRegistry::isSingletonCurrentlyInCreation@5 (line 533)
                      ; - org.springframework.beans.factory.support.AbstractBeanFactory::doGetBean@39 (line 253)
  0x0000024d769e0170: 0cec 50ff 

  0x0000024d769e0174: ;   {other}
  0x0000024d769e0174: 0f1f 8400 

  0x0000024d769e0178: ;*invokeinterface contains {reexecute=0 rethrow=0 return_oop=0}
                      ; - org.springframework.beans.factory.support.DefaultSingletonBeanRegistry::isSingletonCurrentlyInCreation@5 (line 533)
                      ; - org.springframework.beans.factory.support.AbstractBeanFactory::doGetBean@39 (line 253)
  0x0000024d769e0178: 6416 0027 | 83e0 0185 | c048 8b94 | 24d0 0000 | 000f 8462 

  0x0000024d769e018c: ;*ifeq {reexecute=0 rethrow=0 return_oop=0}
                      ; - org.springframework.beans.factory.support.AbstractBeanFactory::doGetBean@42 (line 253)
  0x0000024d769e018c: 0000 008b | 720c 48c1 

  0x0000024d769e0194: ;*getfield logger {reexecute=0 rethrow=0 return_oop=0}
                      ; - org.springframework.beans.factory.support.AbstractBeanFactory::doGetBean@46 (line 254)
  0x0000024d769e0194: e603 6690 

  0x0000024d769e0198: ;   {no_reloc}
  0x0000024d769e0198: e945 1200 | 0090 9090 | 9090 488b | 9424 0801 

  0x0000024d769e01a8: ;*invokedynamic {reexecute=0 rethrow=0 return_oop=0}
                      ; - org.springframework.beans.factory.support.AbstractBeanFactory::doGetBean@51 (line 254)
  0x0000024d769e01a8: 0000 4889 | b424 b801 | 0000 0f1f 

  0x0000024d769e01b4: ;   {static_call}
  0x0000024d769e01b4: 4400 00e8 

  0x0000024d769e01b8: ; ImmutableOopMap {[208]=Oop [216]=Oop [232]=Oop [240]=Oop [264]=Oop [272]=Oop [440]=Oop }
                      ;*invokedynamic {reexecute=0 rethrow=0 return_oop=0}
                      ; - org.springframework.beans.factory.support.AbstractBeanFactory::doGetBean@51 (line 254)
  0x0000024d769e01b8: c4ee 50ff 

  0x0000024d769e01bc: ;   {other}
  0x0000024d769e01bc: 0f1f 8400 

  0x0000024d769e01c0: ;*invokedynamic {reexecute=0 rethrow=0 return_oop=0}
                      ; - org.springframework.beans.factory.support.AbstractBeanFactory::doGetBean@51 (line 254)
  0x0000024d769e01c0: ac16 0028 | 4c8b c048 | 8b94 24b8 

  0x0000024d769e01cc: ;*invokeinterface trace {reexecute=0 rethrow=0 return_oop=0}
                      ; - org.springframework.beans.factory.support.AbstractBeanFactory::doGetBean@56 (line 254)
  0x0000024d769e01cc: 0100 0066 | 0f1f 4400 | 0048 b8ff | ffff ffff 

  0x0000024d769e01dc: ;   {virtual_call}
  0x0000024d769e01dc: ffff ffe8 

  0x0000024d769e01e0: ; ImmutableOopMap {[208]=Oop [216]=Oop [232]=Oop [240]=Oop [264]=Oop [272]=Oop }
                      ;*invokeinterface trace {reexecute=0 rethrow=0 return_oop=0}
                      ; - org.springframework.beans.factory.support.AbstractBeanFactory::doGetBean@56 (line 254)
  0x0000024d769e01e0: 9ceb 50ff 

  0x0000024d769e01e4: ;   {other}
  0x0000024d769e01e4: 0f1f 8400 

  0x0000024d769e01e8: ;*invokeinterface trace {reexecute=0 rethrow=0 return_oop=0}
                      ; - org.springframework.beans.factory.support.AbstractBeanFactory::doGetBean@56 (line 254)
  0x0000024d769e01e8: d416 0029 | e95b 0000 

  0x0000024d769e01f0: ;*goto {reexecute=0 rethrow=0 return_oop=0}
                      ; - org.springframework.beans.factory.support.AbstractBeanFactory::doGetBean@61 (line 254)
  0x0000024d769e01f0: 008b 720c 

  0x0000024d769e01f4: ;*getfield logger {reexecute=0 rethrow=0 return_oop=0}
                      ; - org.springframework.beans.factory.support.AbstractBeanFactory::doGetBean@65 (line 258)
  0x0000024d769e01f4: 48c1 e603 

  0x0000024d769e01f8: ;   {no_reloc}
  0x0000024d769e01f8: e9fe 1100 | 0090 9090 | 9090 488b | 9424 0801 

  0x0000024d769e0208: ;*invokedynamic {reexecute=0 rethrow=0 return_oop=0}
                      ; - org.springframework.beans.factory.support.AbstractBeanFactory::doGetBean@70 (line 258)
  0x0000024d769e0208: 0000 4889 | b424 c001 | 0000 0f1f 

  0x0000024d769e0214: ;   {static_call}
  0x0000024d769e0214: 4400 00e8 

  0x0000024d769e0218: ; ImmutableOopMap {[208]=Oop [216]=Oop [232]=Oop [240]=Oop [264]=Oop [272]=Oop [448]=Oop }
                      ;*invokedynamic {reexecute=0 rethrow=0 return_oop=0}
                      ; - org.springframework.beans.factory.support.AbstractBeanFactory::doGetBean@70 (line 258)
  0x0000024d769e0218: 64ee 50ff 

  0x0000024d769e021c: ;   {other}
  0x0000024d769e021c: 0f1f 8400 

  0x0000024d769e0220: ;*invokedynamic {reexecute=0 rethrow=0 return_oop=0}
                      ; - org.springframework.beans.factory.support.AbstractBeanFactory::doGetBean@70 (line 258)
  0x0000024d769e0220: 0c17 002a | 4c8b c048 | 8b94 24c0 

  0x0000024d769e022c: ;*invokeinterface trace {reexecute=0 rethrow=0 return_oop=0}
                      ; - org.springframework.beans.factory.support.AbstractBeanFactory::doGetBean@75 (line 258)
  0x0000024d769e022c: 0100 0066 | 0f1f 4400 | 0048 b8ff | ffff ffff 

  0x0000024d769e023c: ;   {virtual_call}
  0x0000024d769e023c: ffff ffe8 

  0x0000024d769e0240: ; ImmutableOopMap {[208]=Oop [216]=Oop [232]=Oop [240]=Oop [264]=Oop [272]=Oop }
                      ;*invokeinterface trace {reexecute=0 rethrow=0 return_oop=0}
                      ; - org.springframework.beans.factory.support.AbstractBeanFactory::doGetBean@75 (line 258)
  0x0000024d769e0240: 3ceb 50ff 

  0x0000024d769e0244: ;   {other}
  0x0000024d769e0244: 0f1f 8400 

  0x0000024d769e0248: ;*invokeinterface trace {reexecute=0 rethrow=0 return_oop=0}
                      ; - org.springframework.beans.factory.support.AbstractBeanFactory::doGetBean@75 (line 258)
  0x0000024d769e0248: 3417 002b | 488b 9424 | d000 0000 | 8bb2 bc00 | 0000 48c1 

  0x0000024d769e025c: ;*getfield currentlyCreatedBean {reexecute=0 rethrow=0 return_oop=0}
                      ; - org.springframework.beans.factory.support.AbstractAutowireCapableBeanFactory::getObjectForBeanInstance@1 (line 1311)
                      ; - org.springframework.beans.factory.support.AbstractBeanFactory::doGetBean@87 (line 261)
  0x0000024d769e025c: e603 483b 

  0x0000024d769e0260: ;*invokevirtual get {reexecute=0 rethrow=0 return_oop=0}
                      ; - org.springframework.beans.factory.support.AbstractAutowireCapableBeanFactory::getObjectForBeanInstance@4 (line 1311)
                      ; - org.springframework.beans.factory.support.AbstractBeanFactory::doGetBean@87 (line 261)
  0x0000024d769e0260: 064d 8b87 | 8003 0000 

  0x0000024d769e0268: ;*invokestatic currentThread {reexecute=0 rethrow=0 return_oop=0}
                      ; - java.lang.ThreadLocal::get@1 (line 172)
                      ; - org.springframework.beans.factory.support.AbstractAutowireCapableBeanFactory::getObjectForBeanInstance@4 (line 1311)
                      ; - org.springframework.beans.factory.support.AbstractBeanFactory::doGetBean@87 (line 261)
  0x0000024d769e0268: 4d8b 0048 

  0x0000024d769e026c: ;*invokevirtual get {reexecute=0 rethrow=0 return_oop=0}
                      ; - java.lang.ThreadLocal::get@4 (line 172)
                      ; - org.springframework.beans.factory.support.AbstractAutowireCapableBeanFactory::getObjectForBeanInstance@4 (line 1311)
                      ; - org.springframework.beans.factory.support.AbstractBeanFactory::doGetBean@87 (line 261)
  0x0000024d769e026c: 8bd6 4889 | b424 c801 

  0x0000024d769e0274: ;   {optimized virtual_call}
  0x0000024d769e0274: 0000 90e8 

  0x0000024d769e0278: ; ImmutableOopMap {[208]=Oop [216]=Oop [232]=Oop [240]=Oop [264]=Oop [272]=Oop [456]=Oop }
                      ;*invokevirtual get {reexecute=0 rethrow=0 return_oop=0}
                      ; - java.lang.ThreadLocal::get@4 (line 172)
                      ; - org.springframework.beans.factory.support.AbstractAutowireCapableBeanFactory::getObjectForBeanInstance@4 (line 1311)
                      ; - org.springframework.beans.factory.support.AbstractBeanFactory::doGetBean@87 (line 261)
  0x0000024d769e0278: 8410 adff 

  0x0000024d769e027c: ;   {other}
  0x0000024d769e027c: 0f1f 8400 

  0x0000024d769e0280: ;*invokevirtual get {reexecute=0 rethrow=0 return_oop=0}
                      ; - java.lang.ThreadLocal::get@4 (line 172)
                      ; - org.springframework.beans.factory.support.AbstractAutowireCapableBeanFactory::getObjectForBeanInstance@4 (line 1311)
                      ; - org.springframework.beans.factory.support.AbstractBeanFactory::doGetBean@87 (line 261)
  0x0000024d769e0280: 6c17 002c | 4885 c00f | 8429 0000 

  0x0000024d769e028c: ;   {metadata('java/lang/String')}
  0x0000024d769e028c: 0048 ba40 | e700 024d | 0200 0044 | 8b40 0849 | ba00 0000 | 024d 0200 | 004d 03c2 | 493b d00f 
  0x0000024d769e02ac: 8559 1100 | 00e9 0000 | 0000 488b 

  0x0000024d769e02b8: ;*checkcast {reexecute=0 rethrow=0 return_oop=0}
                      ; - org.springframework.beans.factory.support.AbstractAutowireCapableBeanFactory::getObjectForBeanInstance@7 (line 1311)
                      ; - org.springframework.beans.factory.support.AbstractBeanFactory::doGetBean@87 (line 261)
  0x0000024d769e02b8: f048 89b4 | 24d0 0100 | 0048 85f6 | 0f84 b501 

  0x0000024d769e02c8: ;*ifnull {reexecute=0 rethrow=0 return_oop=0}
                      ; - org.springframework.beans.factory.support.AbstractAutowireCapableBeanFactory::getObjectForBeanInstance@14 (line 1312)
                      ; - org.springframework.beans.factory.support.AbstractBeanFactory::doGetBean@87 (line 261)
  0x0000024d769e02c8: 0000 4c8b | 8424 0801 | 0000 4c8b | ce48 8b94 | 24d0 0000 

  0x0000024d769e02dc: ;*invokevirtual registerDependentBean {reexecute=0 rethrow=0 return_oop=0}
                      ; - org.springframework.beans.factory.support.AbstractAutowireCapableBeanFactory::getObjectForBeanInstance@21 (line 1313)
                      ; - org.springframework.beans.factory.support.AbstractBeanFactory::doGetBean@87 (line 261)
                      ;   {optimized virtual_call}
  0x0000024d769e02dc: 0066 90e8 

  0x0000024d769e02e0: ; ImmutableOopMap {[208]=Oop [216]=Oop [232]=Oop [240]=Oop [264]=Oop [272]=Oop [464]=Oop }
                      ;*invokevirtual registerDependentBean {reexecute=0 rethrow=0 return_oop=0}
                      ; - org.springframework.beans.factory.support.AbstractAutowireCapableBeanFactory::getObjectForBeanInstance@21 (line 1313)
                      ; - org.springframework.beans.factory.support.AbstractBeanFactory::doGetBean@87 (line 261)
  0x0000024d769e02e0: 9ce7 50ff 

  0x0000024d769e02e4: ;   {other}
  0x0000024d769e02e4: 0f1f 8400 

  0x0000024d769e02e8: ;*invokevirtual registerDependentBean {reexecute=0 rethrow=0 return_oop=0}
                      ; - org.springframework.beans.factory.support.AbstractAutowireCapableBeanFactory::getObjectForBeanInstance@21 (line 1313)
                      ; - org.springframework.beans.factory.support.AbstractBeanFactory::doGetBean@87 (line 261)
  0x0000024d769e02e8: d417 002d | e98e 0100 

  0x0000024d769e02f0: ;*aload_0 {reexecute=0 rethrow=0 return_oop=0}
                      ; - org.springframework.beans.factory.support.AbstractAutowireCapableBeanFactory::getObjectForBeanInstance@24 (line 1316)
                      ; - org.springframework.beans.factory.support.AbstractBeanFactory::doGetBean@87 (line 261)
  0x0000024d769e02f0: 0048 8b9c | 2420 0100 | 0048 8bb4 | 2418 0100 | 004c 8b8c | 24e8 0000 | 0049 8b87 | f804 0000 
  0x0000024d769e0310: 4d33 d24d | 8997 f804 | 0000 4d33 | d24d 8997 | 0005 0000 | 4d85 c90f | 8477 0500 

  0x0000024d769e032c: ;*ifnull {reexecute=0 rethrow=0 return_oop=0}
                      ; - org.springframework.beans.factory.support.AbstractBeanFactory::doGetBean@404 (line 322)
  0x0000024d769e032c: 0048 8984 | 2410 0200 

  0x0000024d769e0334: ;   {metadata('org/springframework/beans/factory/BeanCreationException')}
  0x0000024d769e0334: 0048 bae8 | cd29 034d | 0200 004c | 8bde 80ba | 2101 0000 | 040f 85c9 | 1000 0049 | 8b87 b801 
  0x0000024d769e0354: 0000 488d | 7830 493b | bfc8 0100 | 000f 87b1 | 1000 0049 | 89bf b801 | 0000 48c7 | 0001 0000 
  0x0000024d769e0374: 0048 8bca | 49ba 0000 | 0002 4d02 | 0000 492b | ca89 4808 | 4833 c989 | 480c 4833 | c948 8948 
  0x0000024d769e0394: 1048 8948 | 1848 8948 | 2048 8948 

  0x0000024d769e03a0: ;*new {reexecute=0 rethrow=0 return_oop=0}
                      ; - org.springframework.beans.factory.support.AbstractBeanFactory::doGetBean@407 (line 325)
  0x0000024d769e03a0: 2848 8984 | 2418 0200 | 008b 7364 

  0x0000024d769e03ac: ;*getfield resource {reexecute=0 rethrow=0 return_oop=0}
                      ; - org.springframework.beans.factory.support.AbstractBeanDefinition::getResourceDescription@1 (line 1240)
                      ; - org.springframework.beans.factory.support.AbstractBeanFactory::doGetBean@413 (line 325)
  0x0000024d769e03ac: 48c1 e603 | 4885 f60f | 84e8 0300 | 00e9 be03 

  0x0000024d769e03bc: ;*ifnull {reexecute=0 rethrow=0 return_oop=0}
                      ; - org.springframework.beans.factory.support.AbstractBeanDefinition::getResourceDescription@4 (line 1240)
                      ; - org.springframework.beans.factory.support.AbstractBeanFactory::doGetBean@413 (line 325)
  0x0000024d769e03bc: 0000 488b | 9c24 2001 | 0000 4c8b | 9c24 1801 | 0000 4c8b | 8c24 e800 | 0000 498b | 87f8 0400 
  0x0000024d769e03dc: 004d 33d2 | 4d89 97f8 | 0400 004d | 33d2 4d89 | 9700 0500 | 0048 8984 | 24f8 0100 

  0x0000024d769e03f8: ;   {metadata('org/springframework/beans/factory/BeanCreationException')}
  0x0000024d769e03f8: 0048 bae8 | cd29 034d | 0200 0080 | ba21 0100 | 0004 0f85 | 1a10 0000 | 498b 87b8 | 0100 0048 
  0x0000024d769e0418: 8d78 3049 | 3bbf c801 | 0000 0f87 | 0210 0000 | 4989 bfb8 | 0100 0048 | c700 0100 | 0000 488b 
  0x0000024d769e0438: ca49 ba00 | 0000 024d | 0200 0049 | 2bca 8948 | 0848 33c9 | 8948 0c48 | 33c9 4889 | 4810 4889 
  0x0000024d769e0458: 4818 4889 | 4820 4889 

  0x0000024d769e0460: ;*new {reexecute=0 rethrow=0 return_oop=0}
                      ; - org.springframework.beans.factory.support.AbstractBeanFactory::doGetBean@375 (line 318)
  0x0000024d769e0460: 4828 4889 | 8424 0002 | 0000 8b73 | 6448 c1e6 

  0x0000024d769e0470: ;*getfield resource {reexecute=0 rethrow=0 return_oop=0}
                      ; - org.springframework.beans.factory.support.AbstractBeanDefinition::getResourceDescription@1 (line 1240)
                      ; - org.springframework.beans.factory.support.AbstractBeanFactory::doGetBean@381 (line 318)
  0x0000024d769e0470: 0348 85f6 | 0f84 7702 | 0000 e953 

  0x0000024d769e047c: ;*ifnull {reexecute=0 rethrow=0 return_oop=0}
                      ; - org.springframework.beans.factory.support.AbstractBeanDefinition::getResourceDescription@4 (line 1240)
                      ; - org.springframework.beans.factory.support.AbstractBeanFactory::doGetBean@381 (line 318)
  0x0000024d769e047c: 0200 004c | 8b84 2410 | 0100 004c | 8b8c 24f0 | 0000 0048 | 8bbc 2408 

  0x0000024d769e0494: ;   {oop(nullptr)}
  0x0000024d769e0494: 0100 0048 | be00 0000 | 0000 0000 | 0048 8b94 | 24d0 0000 

  0x0000024d769e04a8: ;*invokespecial getObjectForBeanInstance {reexecute=0 rethrow=0 return_oop=0}
                      ; - org.springframework.beans.factory.support.AbstractAutowireCapableBeanFactory::getObjectForBeanInstance@30 (line 1316)
                      ; - org.springframework.beans.factory.support.AbstractBeanFactory::doGetBean@87 (line 261)
  0x0000024d769e04a8: 0066 0f1f 

  0x0000024d769e04ac: ;   {optimized virtual_call}
  0x0000024d769e04ac: 4400 00e8 

  0x0000024d769e04b0: ; ImmutableOopMap {[208]=Oop [216]=Oop [232]=Oop [240]=Oop [264]=Oop [272]=Oop [464]=Oop }
                      ;*invokespecial getObjectForBeanInstance {reexecute=0 rethrow=0 return_oop=0}
                      ; - org.springframework.beans.factory.support.AbstractAutowireCapableBeanFactory::getObjectForBeanInstance@30 (line 1316)
                      ; - org.springframework.beans.factory.support.AbstractBeanFactory::doGetBean@87 (line 261)
  0x0000024d769e04b0: 4c7f ffff 

  0x0000024d769e04b4: ;   {other}
  0x0000024d769e04b4: 0f1f 8400 

  0x0000024d769e04b8: ;*invokespecial getObjectForBeanInstance {reexecute=0 rethrow=0 return_oop=0}
                      ; - org.springframework.beans.factory.support.AbstractAutowireCapableBeanFactory::getObjectForBeanInstance@30 (line 1316)
                      ; - org.springframework.beans.factory.support.AbstractBeanFactory::doGetBean@87 (line 261)
  0x0000024d769e04b8: a419 002e | 488b b424 | 1001 0000 | e9bb 0100 

  0x0000024d769e04c8: ;*goto {reexecute=0 rethrow=0 return_oop=0}
                      ; - org.springframework.beans.factory.support.AbstractBeanFactory::doGetBean@92 (line 261)
  0x0000024d769e04c8: 004c 8bde | 4c8b c04c | 8b8c 24e8 | 0000 0049 

  0x0000024d769e04d8: ;*invokeinterface getBean {reexecute=0 rethrow=0 return_oop=0}
                      ; - org.springframework.beans.factory.support.AbstractBeanFactory::doGetBean@192 (line 285)
  0x0000024d769e04d8: 8bd3 4889 | 8424 d801 | 0000 6666 | 9048 b8ff | ffff ffff 

  0x0000024d769e04ec: ;   {virtual_call}
  0x0000024d769e04ec: ffff ffe8 

  0x0000024d769e04f0: ; ImmutableOopMap {[208]=Oop [216]=Oop [232]=Oop [240]=Oop [264]=Oop [272]=Oop [280]=Oop [472]=Oop }
                      ;*invokeinterface getBean {reexecute=0 rethrow=0 return_oop=0}
                      ; - org.springframework.beans.factory.support.AbstractBeanFactory::doGetBean@192 (line 285)
  0x0000024d769e04f0: 8ce8 50ff 

  0x0000024d769e04f4: ;   {other}
  0x0000024d769e04f4: 0f1f 8400 

  0x0000024d769e04f8: ;*invokeinterface getBean {reexecute=0 rethrow=0 return_oop=0}
                      ; - org.springframework.beans.factory.support.AbstractBeanFactory::doGetBean@192 (line 285)
  0x0000024d769e04f8: e419 002f | 4881 c4d0 | 0200 005d 

  0x0000024d769e0504: ;   {poll_return}
  0x0000024d769e0504: 493b a748 | 0400 000f | 8726 0f00 

  0x0000024d769e0510: ;*areturn {reexecute=0 rethrow=0 return_oop=0}
                      ; - org.springframework.beans.factory.support.AbstractBeanFactory::doGetBean@197 (line 285)
  0x0000024d769e0510: 00c3 4889 | 8424 d801 | 0000 4c8b | 8424 d801 | 0000 488b | 9424 1801 

  0x0000024d769e0528: ;*invokeinterface getBean {reexecute=0 rethrow=0 return_oop=0}
                      ; - org.springframework.beans.factory.support.AbstractBeanFactory::doGetBean@202 (line 288)
  0x0000024d769e0528: 0000 6666 | 9048 b8ff | ffff ffff 

  0x0000024d769e0534: ;   {virtual_call}
  0x0000024d769e0534: ffff ffe8 

  0x0000024d769e0538: ; ImmutableOopMap {[208]=Oop [216]=Oop [232]=Oop [240]=Oop [264]=Oop [272]=Oop [280]=Oop [472]=Oop }
                      ;*invokeinterface getBean {reexecute=0 rethrow=0 return_oop=0}
                      ; - org.springframework.beans.factory.support.AbstractBeanFactory::doGetBean@202 (line 288)
  0x0000024d769e0538: 44e8 50ff 

  0x0000024d769e053c: ;   {other}
  0x0000024d769e053c: 0f1f 8400 

  0x0000024d769e0540: ;*invokeinterface getBean {reexecute=0 rethrow=0 return_oop=0}
                      ; - org.springframework.beans.factory.support.AbstractBeanFactory::doGetBean@202 (line 288)
  0x0000024d769e0540: 2c1a 0030 | 4881 c4d0 | 0200 005d 

  0x0000024d769e054c: ;   {poll_return}
  0x0000024d769e054c: 493b a748 | 0400 000f | 87f4 0e00 

  0x0000024d769e0558: ;*areturn {reexecute=0 rethrow=0 return_oop=0}
                      ; - org.springframework.beans.factory.support.AbstractBeanFactory::doGetBean@207 (line 288)
  0x0000024d769e0558: 00c3 4889 | 8424 d801 | 0000 4c8b | 8424 d801 | 0000 4c8b | 8c24 d800 | 0000 488b | 9424 1801 
  0x0000024d769e0578: ;*invokeinterface getBean {reexecute=0 rethrow=0 return_oop=0}
                      ; - org.springframework.beans.factory.support.AbstractBeanFactory::doGetBean@177 (line 281)
  0x0000024d769e0578: 0000 6666 | 9048 b8ff | ffff ffff 

  0x0000024d769e0584: ;   {virtual_call}
  0x0000024d769e0584: ffff ffe8 

  0x0000024d769e0588: ; ImmutableOopMap {[208]=Oop [216]=Oop [232]=Oop [240]=Oop [264]=Oop [272]=Oop [280]=Oop [472]=Oop }
                      ;*invokeinterface getBean {reexecute=0 rethrow=0 return_oop=0}
                      ; - org.springframework.beans.factory.support.AbstractBeanFactory::doGetBean@177 (line 281)
  0x0000024d769e0588: f4e7 50ff 

  0x0000024d769e058c: ;   {other}
  0x0000024d769e058c: 0f1f 8400 

  0x0000024d769e0590: ;*invokeinterface getBean {reexecute=0 rethrow=0 return_oop=0}
                      ; - org.springframework.beans.factory.support.AbstractBeanFactory::doGetBean@177 (line 281)
  0x0000024d769e0590: 7c1a 0031 | 4881 c4d0 | 0200 005d 

  0x0000024d769e059c: ;   {poll_return}
  0x0000024d769e059c: 493b a748 | 0400 000f | 87ba 0e00 

  0x0000024d769e05a8: ;*areturn {reexecute=0 rethrow=0 return_oop=0}
                      ; - org.springframework.beans.factory.support.AbstractBeanFactory::doGetBean@182 (line 281)
  0x0000024d769e05a8: 00c3 4885 | f60f 842a 

  0x0000024d769e05b0: ;   {metadata('org/springframework/beans/factory/support/AbstractBeanFactory')}
  0x0000024d769e05b0: 0000 0048 | bf18 a829 | 034d 0200 | 0044 8b4e | 0849 ba00 | 0000 024d | 0200 004d | 03ca 493b 
  0x0000024d769e05d0: 7950 0f85 | a10e 0000 | e900 0000 

  0x0000024d769e05dc: ;*checkcast {reexecute=0 rethrow=0 return_oop=0}
                      ; - org.springframework.beans.factory.support.AbstractBeanFactory::doGetBean@151 (line 276)
  0x0000024d769e05dc: 0048 8bde 

  0x0000024d769e05e0: ; implicit exception: dispatches to 0x0000024d769e1482
  0x0000024d769e05e0: 483b 034c | 8bc0 4c8b | 8c24 e800 | 0000 488b | bc24 d800 | 0000 8bb4 | 24e0 0000 

  0x0000024d769e05fc: ;*invokevirtual doGetBean {reexecute=0 rethrow=0 return_oop=0}
                      ; - org.springframework.beans.factory.support.AbstractBeanFactory::doGetBean@164 (line 277)
  0x0000024d769e05fc: 0048 8bd3 | 4889 8424 | d801 0000 | 4889 9c24 | e001 0000 | 0f1f 8000 

  0x0000024d769e0614: ;   {optimized virtual_call}
  0x0000024d769e0614: 0000 00e8 

  0x0000024d769e0618: ; ImmutableOopMap {[208]=Oop [216]=Oop [232]=Oop [240]=Oop [264]=Oop [272]=Oop [280]=Oop [472]=Oop [480]=Oop }
                      ;*invokevirtual doGetBean {reexecute=0 rethrow=0 return_oop=0}
                      ; - org.springframework.beans.factory.support.AbstractBeanFactory::doGetBean@164 (line 277)
  0x0000024d769e0618: 64e4 50ff 

  0x0000024d769e061c: ;   {other}
  0x0000024d769e061c: 0f1f 8400 

  0x0000024d769e0620: ;*invokevirtual doGetBean {reexecute=0 rethrow=0 return_oop=0}
                      ; - org.springframework.beans.factory.support.AbstractBeanFactory::doGetBean@164 (line 277)
  0x0000024d769e0620: 0c1b 0032 | 4881 c4d0 | 0200 005d 

  0x0000024d769e062c: ;   {poll_return}
  0x0000024d769e062c: 493b a748 | 0400 000f | 874e 0e00 

  0x0000024d769e0638: ;*areturn {reexecute=0 rethrow=0 return_oop=0}
                      ; - org.springframework.beans.factory.support.AbstractBeanFactory::doGetBean@167 (line 277)
  0x0000024d769e0638: 00c3 488b | 9424 d000 | 0000 8b9a | f000 0000 

  0x0000024d769e0648: ;*getfield mergedBeanDefinitionHolders {reexecute=0 rethrow=0 return_oop=0}
                      ; - org.springframework.beans.factory.support.DefaultListableBeanFactory::clearMergedBeanDefinition@6 (line 993)
                      ; - org.springframework.beans.factory.support.AbstractBeanFactory::doGetBean@698 (line 400)
  0x0000024d769e0648: 48c1 e303 | 4c8b 8424 | 0801 0000 

  0x0000024d769e0654: ;*invokeinterface remove {reexecute=0 rethrow=0 return_oop=0}
                      ; - org.springframework.beans.factory.support.DefaultListableBeanFactory::clearMergedBeanDefinition@10 (line 993)
                      ; - org.springframework.beans.factory.support.AbstractBeanFactory::doGetBean@698 (line 400)
  0x0000024d769e0654: 488b d366 | 0f1f 4400 | 0048 b8ff | ffff ffff 

  0x0000024d769e0664: ;   {virtual_call}
  0x0000024d769e0664: ffff ffe8 

  0x0000024d769e0668: ; ImmutableOopMap {[208]=Oop [216]=Oop [232]=Oop [240]=Oop [264]=Oop [280]=Oop [288]=Oop [312]=Oop [416]=Oop [424]=Oop }
                      ;*invokeinterface remove {reexecute=0 rethrow=0 return_oop=0}
                      ; - org.springframework.beans.factory.support.DefaultListableBeanFactory::clearMergedBeanDefinition@10 (line 993)
                      ; - org.springframework.beans.factory.support.AbstractBeanFactory::doGetBean@698 (line 400)
  0x0000024d769e0668: 14e7 50ff 

  0x0000024d769e066c: ;   {other}
  0x0000024d769e066c: 0f1f 8400 

  0x0000024d769e0670: ;*invokeinterface remove {reexecute=0 rethrow=0 return_oop=0}
                      ; - org.springframework.beans.factory.support.DefaultListableBeanFactory::clearMergedBeanDefinition@10 (line 993)
                      ; - org.springframework.beans.factory.support.AbstractBeanFactory::doGetBean@698 (line 400)
  0x0000024d769e0670: 5c1b 0033 | 488b b424 | a001 0000 | 488b 8424 

  0x0000024d769e0680: ;*goto {reexecute=0 rethrow=0 return_oop=0}
                      ; - org.springframework.beans.factory.support.AbstractBeanFactory::doGetBean@701 (line 400)
  0x0000024d769e0680: a801 0000 | 4889 b424 | e801 0000 | 4c8b 8424 | f000 0000 | 4c8b c848 | 8bbc 24e8 | 0000 0048 
  0x0000024d769e06a0: 8b94 24d0 

  0x0000024d769e06a4: ;*invokevirtual adaptBeanInstance {reexecute=0 rethrow=0 return_oop=0}
                      ; - org.springframework.beans.factory.support.AbstractBeanFactory::doGetBean@783 (line 405)
  0x0000024d769e06a4: 0000 0048 | 8984 24f0 

  0x0000024d769e06ac: ;   {optimized virtual_call}
  0x0000024d769e06ac: 0100 00e8 

  0x0000024d769e06b0: ; ImmutableOopMap {[208]=Oop [216]=Oop [232]=Oop [240]=Oop [264]=Oop [488]=Oop [496]=Oop }
                      ;*invokevirtual adaptBeanInstance {reexecute=0 rethrow=0 return_oop=0}
                      ; - org.springframework.beans.factory.support.AbstractBeanFactory::doGetBean@783 (line 405)
  0x0000024d769e06b0: 8c68 ffff 

  0x0000024d769e06b4: ;   {other}
  0x0000024d769e06b4: 0f1f 8400 

  0x0000024d769e06b8: ;*invokevirtual adaptBeanInstance {reexecute=0 rethrow=0 return_oop=0}
                      ; - org.springframework.beans.factory.support.AbstractBeanFactory::doGetBean@783 (line 405)
  0x0000024d769e06b8: a41b 0034 | 4881 c4d0 | 0200 005d 

  0x0000024d769e06c4: ;   {poll_return}
  0x0000024d769e06c4: 493b a748 | 0400 000f | 87cc 0d00 

  0x0000024d769e06d0: ;*areturn {reexecute=0 rethrow=0 return_oop=0}
                      ; - org.springframework.beans.factory.support.AbstractBeanFactory::doGetBean@786 (line 405)
  0x0000024d769e06d0: 00c3 488b 

  0x0000024d769e06d4: ;*invokeinterface getDescription {reexecute=0 rethrow=0 return_oop=0}
                      ; - org.springframework.beans.factory.support.AbstractBeanDefinition::getResourceDescription@11 (line 1240)
                      ; - org.springframework.beans.factory.support.AbstractBeanFactory::doGetBean@381 (line 318)
  0x0000024d769e06d4: d648 b8ff | ffff ffff 

  0x0000024d769e06dc: ;   {virtual_call}
  0x0000024d769e06dc: ffff ffe8 

  0x0000024d769e06e0: ; ImmutableOopMap {[208]=Oop [216]=Oop [232]=Oop [240]=Oop [264]=Oop [272]=Oop [280]=Oop [288]=Oop [296]=Oop [312]=Oop [504]=Oop [512]=Oop }
                      ;*invokeinterface getDescription {reexecute=0 rethrow=0 return_oop=0}
                      ; - org.springframework.beans.factory.support.AbstractBeanDefinition::getResourceDescription@11 (line 1240)
                      ; - org.springframework.beans.factory.support.AbstractBeanFactory::doGetBean@381 (line 318)
  0x0000024d769e06e0: 9ce6 50ff 

  0x0000024d769e06e4: ;   {other}
  0x0000024d769e06e4: 0f1f 8400 

  0x0000024d769e06e8: ;*invokeinterface getDescription {reexecute=0 rethrow=0 return_oop=0}
                      ; - org.springframework.beans.factory.support.AbstractBeanDefinition::getResourceDescription@11 (line 1240)
                      ; - org.springframework.beans.factory.support.AbstractBeanFactory::doGetBean@381 (line 318)
  0x0000024d769e06e8: d41b 0035 | e90a 0000 

  0x0000024d769e06f0: ;*goto {reexecute=0 rethrow=0 return_oop=0}
                      ; - org.springframework.beans.factory.support.AbstractBeanDefinition::getResourceDescription@16 (line 1240)
                      ; - org.springframework.beans.factory.support.AbstractBeanFactory::doGetBean@381 (line 318)
                      ;   {oop(nullptr)}
  0x0000024d769e06f0: 0048 b800 | 0000 0000 

  0x0000024d769e06f8: ;*areturn {reexecute=0 rethrow=0 return_oop=0}
                      ; - org.springframework.beans.factory.support.AbstractBeanDefinition::getResourceDescription@20 (line 1240)
                      ; - org.springframework.beans.factory.support.AbstractBeanFactory::doGetBean@381 (line 318)
  0x0000024d769e06f8: 0000 0048 | 8984 2408 | 0200 000f | 1f44 0000 

  0x0000024d769e0708: ;   {no_reloc}
  0x0000024d769e0708: e9b5 0d00 | 0090 9090 | 9090 488b | 9424 0801 | 0000 4c8b | 8424 2801 

  0x0000024d769e0720: ;*invokedynamic {reexecute=0 rethrow=0 return_oop=0}
                      ; - org.springframework.beans.factory.support.AbstractBeanFactory::doGetBean@390 (line 318)
  0x0000024d769e0720: 0000 0f1f 

  0x0000024d769e0724: ;   {static_call}
  0x0000024d769e0724: 4400 00e8 

  0x0000024d769e0728: ; ImmutableOopMap {[208]=Oop [216]=Oop [232]=Oop [240]=Oop [264]=Oop [272]=Oop [280]=Oop [288]=Oop [296]=Oop [312]=Oop [504]=Oop [512]=Oop [520]=Oop }
                      ;*invokedynamic {reexecute=0 rethrow=0 return_oop=0}
                      ; - org.springframework.beans.factory.support.AbstractBeanFactory::doGetBean@390 (line 318)
  0x0000024d769e0728: 54e9 50ff 

  0x0000024d769e072c: ;   {other}
  0x0000024d769e072c: 0f1f 8400 

  0x0000024d769e0730: ;*invokedynamic {reexecute=0 rethrow=0 return_oop=0}
                      ; - org.springframework.beans.factory.support.AbstractBeanFactory::doGetBean@390 (line 318)
  0x0000024d769e0730: 1c1c 0036 | 4c8b 8424 | 0802 0000 | 4c8b 8c24 | 0801 0000 | 488b f848 | 8bb4 24f8 | 0100 0048 
  0x0000024d769e0750: 8b94 2400 

  0x0000024d769e0754: ;*invokespecial <init> {reexecute=0 rethrow=0 return_oop=0}
                      ; - org.springframework.beans.factory.support.AbstractBeanFactory::doGetBean@397 (line 318)
                      ;   {optimized virtual_call}
  0x0000024d769e0754: 0200 00e8 

  0x0000024d769e0758: ; ImmutableOopMap {[208]=Oop [216]=Oop [232]=Oop [240]=Oop [264]=Oop [272]=Oop [280]=Oop [288]=Oop [296]=Oop [312]=Oop [504]=Oop [512]=Oop }
                      ;*invokespecial <init> {reexecute=0 rethrow=0 return_oop=0}
                      ; - org.springframework.beans.factory.support.AbstractBeanFactory::doGetBean@397 (line 318)
  0x0000024d769e0758: 24e3 50ff 

  0x0000024d769e075c: ;   {other}
  0x0000024d769e075c: 0f1f 8400 

  0x0000024d769e0760: ;*invokespecial <init> {reexecute=0 rethrow=0 return_oop=0}
                      ; - org.springframework.beans.factory.support.AbstractBeanFactory::doGetBean@397 (line 318)
  0x0000024d769e0760: 4c1c 0037 | 488b 8424 

  0x0000024d769e0768: ; ImmutableOopMap {rax=Oop [208]=Oop [216]=Oop [232]=Oop [240]=Oop [264]=Oop [272]=Oop [280]=Oop [288]=Oop [296]=Oop [312]=Oop [504]=Oop }
                      ;*athrow {reexecute=1 rethrow=0 return_oop=0}
                      ; - (reexecute) org.springframework.beans.factory.support.AbstractBeanFactory::doGetBean@400 (line 318)
  0x0000024d769e0768: 0002 0000 

  0x0000024d769e076c: ;   {section_word}
  0x0000024d769e076c: 48ba 6c07 | 9e76 4d02 

  0x0000024d769e0774: ;   {runtime_call handle_exception_nofpu Runtime1 stub}
  0x0000024d769e0774: 0000 e885 

  0x0000024d769e0778: ;*athrow {reexecute=0 rethrow=0 return_oop=0}
                      ; - org.springframework.beans.factory.support.AbstractBeanFactory::doGetBean@400 (line 318)
  0x0000024d769e0778: 435d ff90 

  0x0000024d769e077c: ;*invokeinterface getDescription {reexecute=0 rethrow=0 return_oop=0}
                      ; - org.springframework.beans.factory.support.AbstractBeanDefinition::getResourceDescription@11 (line 1240)
                      ; - org.springframework.beans.factory.support.AbstractBeanFactory::doGetBean@413 (line 325)
  0x0000024d769e077c: 488b d666 | 0f1f 4400 | 0048 b8ff | ffff ffff 

  0x0000024d769e078c: ;   {virtual_call}
  0x0000024d769e078c: ffff ffe8 

  0x0000024d769e0790: ; ImmutableOopMap {[208]=Oop [216]=Oop [232]=Oop [240]=Oop [264]=Oop [272]=Oop [280]=Oop [288]=Oop [296]=Oop [312]=Oop [528]=Oop [536]=Oop }
                      ;*invokeinterface getDescription {reexecute=0 rethrow=0 return_oop=0}
                      ; - org.springframework.beans.factory.support.AbstractBeanDefinition::getResourceDescription@11 (line 1240)
                      ; - org.springframework.beans.factory.support.AbstractBeanFactory::doGetBean@413 (line 325)
  0x0000024d769e0790: ece5 50ff 

  0x0000024d769e0794: ;   {other}
  0x0000024d769e0794: 0f1f 8400 

  0x0000024d769e0798: ;*invokeinterface getDescription {reexecute=0 rethrow=0 return_oop=0}
                      ; - org.springframework.beans.factory.support.AbstractBeanDefinition::getResourceDescription@11 (line 1240)
                      ; - org.springframework.beans.factory.support.AbstractBeanFactory::doGetBean@413 (line 325)
  0x0000024d769e0798: 841c 0039 | e90a 0000 

  0x0000024d769e07a0: ;*goto {reexecute=0 rethrow=0 return_oop=0}
                      ; - org.springframework.beans.factory.support.AbstractBeanDefinition::getResourceDescription@16 (line 1240)
                      ; - org.springframework.beans.factory.support.AbstractBeanFactory::doGetBean@413 (line 325)
                      ;   {oop(nullptr)}
  0x0000024d769e07a0: 0048 b800 | 0000 0000 

  0x0000024d769e07a8: ;*areturn {reexecute=0 rethrow=0 return_oop=0}
                      ; - org.springframework.beans.factory.support.AbstractBeanDefinition::getResourceDescription@20 (line 1240)
                      ; - org.springframework.beans.factory.support.AbstractBeanFactory::doGetBean@413 (line 325)
  0x0000024d769e07a8: 0000 0048 | 8984 2420 | 0200 0048 | 8b94 2410 

  0x0000024d769e07b8: ;*invokevirtual getBeanName {reexecute=0 rethrow=0 return_oop=0}
                      ; - org.springframework.beans.factory.support.AbstractBeanFactory::doGetBean@420 (line 326)
  0x0000024d769e07b8: 0200 0066 | 9048 b8ff | ffff ffff 

  0x0000024d769e07c4: ;   {virtual_call}
  0x0000024d769e07c4: ffff ffe8 

  0x0000024d769e07c8: ; ImmutableOopMap {[208]=Oop [216]=Oop [232]=Oop [240]=Oop [264]=Oop [272]=Oop [280]=Oop [288]=Oop [296]=Oop [312]=Oop [528]=Oop [536]=Oop [544]=Oop }
                      ;*invokevirtual getBeanName {reexecute=0 rethrow=0 return_oop=0}
                      ; - org.springframework.beans.factory.support.AbstractBeanFactory::doGetBean@420 (line 326)
  0x0000024d769e07c8: b4e5 50ff 

  0x0000024d769e07cc: ;   {other}
  0x0000024d769e07cc: 0f1f 8400 

  0x0000024d769e07d0: ;*invokevirtual getBeanName {reexecute=0 rethrow=0 return_oop=0}
                      ; - org.springframework.beans.factory.support.AbstractBeanFactory::doGetBean@420 (line 326)
  0x0000024d769e07d0: bc1c 003a | 4c8b 8c24 | e800 0000 

  0x0000024d769e07dc: ; implicit exception: dispatches to 0x0000024d769e14cc
  0x0000024d769e07dc: 493b 0149 

  0x0000024d769e07e0: ;*invokevirtual getSimpleName {reexecute=0 rethrow=0 return_oop=0}
                      ; - org.springframework.beans.factory.support.AbstractBeanFactory::doGetBean@424 (line 327)
  0x0000024d769e07e0: 8bd1 4889 | 8424 2802 | 0000 0f1f 

  0x0000024d769e07ec: ;   {optimized virtual_call}
  0x0000024d769e07ec: 4400 00e8 

  0x0000024d769e07f0: ; ImmutableOopMap {[208]=Oop [216]=Oop [232]=Oop [240]=Oop [264]=Oop [272]=Oop [280]=Oop [288]=Oop [296]=Oop [312]=Oop [528]=Oop [536]=Oop [544]=Oop [552]=Oop }
                      ;*invokevirtual getSimpleName {reexecute=0 rethrow=0 return_oop=0}
                      ; - org.springframework.beans.factory.support.AbstractBeanFactory::doGetBean@424 (line 327)
  0x0000024d769e07f0: 8ce2 50ff 

  0x0000024d769e07f4: ;   {other}
  0x0000024d769e07f4: 0f1f 8400 

  0x0000024d769e07f8: ;*invokevirtual getSimpleName {reexecute=0 rethrow=0 return_oop=0}
                      ; - org.springframework.beans.factory.support.AbstractBeanFactory::doGetBean@424 (line 327)
  0x0000024d769e07f8: e41c 003b | 488b 9424 

  0x0000024d769e0800: ;*invokevirtual getMessage {reexecute=0 rethrow=0 return_oop=0}
                      ; - org.springframework.beans.factory.support.AbstractBeanFactory::doGetBean@431 (line 328)
  0x0000024d769e0800: 1002 0000 | 4889 8424 | 3002 0000 | 9048 b8ff | ffff ffff 

  0x0000024d769e0814: ;   {virtual_call}
  0x0000024d769e0814: ffff ffe8 

  0x0000024d769e0818: ; ImmutableOopMap {[208]=Oop [216]=Oop [232]=Oop [240]=Oop [264]=Oop [272]=Oop [280]=Oop [288]=Oop [296]=Oop [312]=Oop [528]=Oop [536]=Oop [544]=Oop [552]=Oop [560]=Oop }
                      ;*invokevirtual getMessage {reexecute=0 rethrow=0 return_oop=0}
                      ; - org.springframework.beans.factory.support.AbstractBeanFactory::doGetBean@431 (line 328)
  0x0000024d769e0818: 64e5 50ff 

  0x0000024d769e081c: ;   {other}
  0x0000024d769e081c: 0f1f 8400 

  0x0000024d769e0820: ;*invokevirtual getMessage {reexecute=0 rethrow=0 return_oop=0}
                      ; - org.springframework.beans.factory.support.AbstractBeanFactory::doGetBean@431 (line 328)
  0x0000024d769e0820: 0c1d 003c | 0f1f 4000 

  0x0000024d769e0828: ;   {no_reloc}
  0x0000024d769e0828: e9b3 0c00 | 0090 9090 | 9090 488b | 9424 2802 | 0000 4c8b | 8424 3002 | 0000 4c8b | 8c24 0801 
  0x0000024d769e0848: 0000 488b 

  0x0000024d769e084c: ;*invokedynamic {reexecute=0 rethrow=0 return_oop=0}
                      ; - org.springframework.beans.factory.support.AbstractBeanFactory::doGetBean@434 (line 328)
                      ;   {static_call}
  0x0000024d769e084c: f866 90e8 

  0x0000024d769e0850: ; ImmutableOopMap {[208]=Oop [216]=Oop [232]=Oop [240]=Oop [264]=Oop [272]=Oop [280]=Oop [288]=Oop [296]=Oop [312]=Oop [528]=Oop [536]=Oop [544]=Oop }
                      ;*invokedynamic {reexecute=0 rethrow=0 return_oop=0}
                      ; - org.springframework.beans.factory.support.AbstractBeanFactory::doGetBean@434 (line 328)
  0x0000024d769e0850: 2ce8 50ff 

  0x0000024d769e0854: ;   {other}
  0x0000024d769e0854: 0f1f 8400 

  0x0000024d769e0858: ;*invokedynamic {reexecute=0 rethrow=0 return_oop=0}
                      ; - org.springframework.beans.factory.support.AbstractBeanFactory::doGetBean@434 (line 328)
  0x0000024d769e0858: 441d 003d | 4c8b 8424 | 2002 0000 | 4c8b 8c24 | 0801 0000 | 488b f848 | 8bb4 2410 | 0200 0048 
  0x0000024d769e0878: 8b94 2418 

  0x0000024d769e087c: ;*invokespecial <init> {reexecute=0 rethrow=0 return_oop=0}
                      ; - org.springframework.beans.factory.support.AbstractBeanFactory::doGetBean@441 (line 328)
                      ;   {optimized virtual_call}
  0x0000024d769e087c: 0200 00e8 

  0x0000024d769e0880: ; ImmutableOopMap {[208]=Oop [216]=Oop [232]=Oop [240]=Oop [264]=Oop [272]=Oop [280]=Oop [288]=Oop [296]=Oop [312]=Oop [528]=Oop [536]=Oop }
                      ;*invokespecial <init> {reexecute=0 rethrow=0 return_oop=0}
                      ; - org.springframework.beans.factory.support.AbstractBeanFactory::doGetBean@441 (line 328)
  0x0000024d769e0880: fce1 50ff 

  0x0000024d769e0884: ;   {other}
  0x0000024d769e0884: 0f1f 8400 

  0x0000024d769e0888: ;*invokespecial <init> {reexecute=0 rethrow=0 return_oop=0}
                      ; - org.springframework.beans.factory.support.AbstractBeanFactory::doGetBean@441 (line 328)
  0x0000024d769e0888: 741d 003e | 488b 8424 

  0x0000024d769e0890: ; ImmutableOopMap {rax=Oop [208]=Oop [216]=Oop [232]=Oop [240]=Oop [264]=Oop [272]=Oop [280]=Oop [288]=Oop [296]=Oop [312]=Oop [528]=Oop }
                      ;*athrow {reexecute=1 rethrow=0 return_oop=0}
                      ; - (reexecute) org.springframework.beans.factory.support.AbstractBeanFactory::doGetBean@444 (line 328)
  0x0000024d769e0890: 1802 0000 

  0x0000024d769e0894: ;   {section_word}
  0x0000024d769e0894: 48ba 9408 | 9e76 4d02 

  0x0000024d769e089c: ;   {runtime_call handle_exception_nofpu Runtime1 stub}
  0x0000024d769e089c: 0000 e85d 

  0x0000024d769e08a0: ;*athrow {reexecute=0 rethrow=0 return_oop=0}
                      ; - org.springframework.beans.factory.support.AbstractBeanFactory::doGetBean@444 (line 328)
  0x0000024d769e08a0: 425d ff90 | 488b f048 

  0x0000024d769e08a8: ; ImmutableOopMap {rsi=Oop rax=Oop [208]=Oop [216]=Oop [232]=Oop [240]=Oop [264]=Oop [272]=Oop [280]=Oop [288]=Oop [296]=Oop [312]=Oop }
                      ;*athrow {reexecute=1 rethrow=0 return_oop=0}
                      ; - (reexecute) org.springframework.beans.factory.support.AbstractBeanFactory::doGetBean@447 (line 330)
                      ;   {section_word}
  0x0000024d769e08a8: 8bc6 48ba | aa08 9e76 | 4d02 0000 

  0x0000024d769e08b4: ;   {runtime_call handle_exception_nofpu Runtime1 stub}
  0x0000024d769e08b4: e847 425d 

  0x0000024d769e08b8: ;*athrow {reexecute=0 rethrow=0 return_oop=0}
                      ; - org.springframework.beans.factory.support.AbstractBeanFactory::doGetBean@447 (line 330)
  0x0000024d769e08b8: ff90 488b 

  0x0000024d769e08bc: ;*invokeinterface getDescription {reexecute=0 rethrow=0 return_oop=0}
                      ; - org.springframework.beans.factory.support.AbstractBeanDefinition::getResourceDescription@11 (line 1240)
                      ; - org.springframework.beans.factory.support.AbstractBeanFactory::doGetBean@337 (line 310)
  0x0000024d769e08bc: d648 b8ff | ffff ffff 

  0x0000024d769e08c4: ;   {virtual_call}
  0x0000024d769e08c4: ffff ffe8 

  0x0000024d769e08c8: ; ImmutableOopMap {[208]=Oop [216]=Oop [232]=Oop [240]=Oop [264]=Oop [272]=Oop [280]=Oop [288]=Oop [296]=Oop [312]=Oop [568]=Oop }
                      ;*invokeinterface getDescription {reexecute=0 rethrow=0 return_oop=0}
                      ; - org.springframework.beans.factory.support.AbstractBeanDefinition::getResourceDescription@11 (line 1240)
                      ; - org.springframework.beans.factory.support.AbstractBeanFactory::doGetBean@337 (line 310)
  0x0000024d769e08c8: b4e4 50ff 

  0x0000024d769e08cc: ;   {other}
  0x0000024d769e08cc: 0f1f 8400 

  0x0000024d769e08d0: ;*invokeinterface getDescription {reexecute=0 rethrow=0 return_oop=0}
                      ; - org.springframework.beans.factory.support.AbstractBeanDefinition::getResourceDescription@11 (line 1240)
                      ; - org.springframework.beans.factory.support.AbstractBeanFactory::doGetBean@337 (line 310)
  0x0000024d769e08d0: bc1d 0041 | e90a 0000 

  0x0000024d769e08d8: ;*goto {reexecute=0 rethrow=0 return_oop=0}
                      ; - org.springframework.beans.factory.support.AbstractBeanDefinition::getResourceDescription@16 (line 1240)
                      ; - org.springframework.beans.factory.support.AbstractBeanFactory::doGetBean@337 (line 310)
                      ;   {oop(nullptr)}
  0x0000024d769e08d8: 0048 b800 | 0000 0000 

  0x0000024d769e08e0: ;*areturn {reexecute=0 rethrow=0 return_oop=0}
                      ; - org.springframework.beans.factory.support.AbstractBeanDefinition::getResourceDescription@20 (line 1240)
                      ; - org.springframework.beans.factory.support.AbstractBeanFactory::doGetBean@337 (line 310)
  0x0000024d769e08e0: 0000 0048 | 8984 2440 | 0200 000f | 1f44 0000 

  0x0000024d769e08f0: ;   {no_reloc}
  0x0000024d769e08f0: e904 0c00 | 0090 9090 | 9090 488b | 9424 0801 | 0000 4c8b | 8424 2801 

  0x0000024d769e0908: ;*invokedynamic {reexecute=0 rethrow=0 return_oop=0}
                      ; - org.springframework.beans.factory.support.AbstractBeanFactory::doGetBean@346 (line 310)
  0x0000024d769e0908: 0000 0f1f 

  0x0000024d769e090c: ;   {static_call}
  0x0000024d769e090c: 4400 00e8 

  0x0000024d769e0910: ; ImmutableOopMap {[208]=Oop [216]=Oop [232]=Oop [240]=Oop [264]=Oop [272]=Oop [280]=Oop [288]=Oop [296]=Oop [312]=Oop [568]=Oop [576]=Oop }
                      ;*invokedynamic {reexecute=0 rethrow=0 return_oop=0}
                      ; - org.springframework.beans.factory.support.AbstractBeanFactory::doGetBean@346 (line 310)
  0x0000024d769e0910: 6ce7 50ff 

  0x0000024d769e0914: ;   {other}
  0x0000024d769e0914: 0f1f 8400 

  0x0000024d769e0918: ;*invokedynamic {reexecute=0 rethrow=0 return_oop=0}
                      ; - org.springframework.beans.factory.support.AbstractBeanFactory::doGetBean@346 (line 310)
  0x0000024d769e0918: 041e 0042 | 4c8b 8424 | 4002 0000 | 4c8b 8c24 | 0801 0000 | 488b f848 | 8b94 2438 

  0x0000024d769e0934: ;*invokespecial <init> {reexecute=0 rethrow=0 return_oop=0}
                      ; - org.springframework.beans.factory.support.AbstractBeanFactory::doGetBean@351 (line 310)
                      ;   {optimized virtual_call}
  0x0000024d769e0934: 0200 00e8 

  0x0000024d769e0938: ; ImmutableOopMap {[208]=Oop [216]=Oop [232]=Oop [240]=Oop [264]=Oop [272]=Oop [280]=Oop [288]=Oop [296]=Oop [312]=Oop [568]=Oop }
                      ;*invokespecial <init> {reexecute=0 rethrow=0 return_oop=0}
                      ; - org.springframework.beans.factory.support.AbstractBeanFactory::doGetBean@351 (line 310)
  0x0000024d769e0938: 44e1 50ff 

  0x0000024d769e093c: ;   {other}
  0x0000024d769e093c: 0f1f 8400 

  0x0000024d769e0940: ;*invokespecial <init> {reexecute=0 rethrow=0 return_oop=0}
                      ; - org.springframework.beans.factory.support.AbstractBeanFactory::doGetBean@351 (line 310)
  0x0000024d769e0940: 2c1e 0043 | 488b 8424 

  0x0000024d769e0948: ; ImmutableOopMap {rax=Oop [208]=Oop [216]=Oop [232]=Oop [240]=Oop [264]=Oop [272]=Oop [280]=Oop [288]=Oop [296]=Oop [312]=Oop }
                      ;*athrow {reexecute=1 rethrow=0 return_oop=0}
                      ; - (reexecute) org.springframework.beans.factory.support.AbstractBeanFactory::doGetBean@354 (line 310)
  0x0000024d769e0948: 3802 0000 

  0x0000024d769e094c: ;   {section_word}
  0x0000024d769e094c: 48ba 4c09 | 9e76 4d02 

  0x0000024d769e0954: ;   {runtime_call handle_exception_nofpu Runtime1 stub}
  0x0000024d769e0954: 0000 e8a5 

  0x0000024d769e0958: ;*athrow {reexecute=0 rethrow=0 return_oop=0}
                      ; - org.springframework.beans.factory.support.AbstractBeanFactory::doGetBean@354 (line 310)
  0x0000024d769e0958: 415d ff90 

  0x0000024d769e095c: ;   {metadata('java/lang/IllegalStateException')}
  0x0000024d769e095c: 48ba 7035 | 0a03 4d02 | 0000 498b | 87b8 0100 | 0048 8d78 | 2849 3bbf | c801 0000 | 0f87 850b 
  0x0000024d769e097c: 0000 4989 | bfb8 0100 | 0048 c700 | 0100 0000 | 488b ca49 | ba00 0000 | 024d 0200 | 0049 2bca 
  0x0000024d769e099c: 8948 0848 | 33c9 8948 | 0c48 33c9 | 4889 4810 | 4889 4818 

  0x0000024d769e09b0: ;*new {reexecute=0 rethrow=0 return_oop=0}
                      ; - org.springframework.beans.factory.support.AbstractBeanFactory::doGetBean@612 (line 372)
  0x0000024d769e09b0: 4889 4820 | 0f1f 4000 

  0x0000024d769e09b8: ;   {no_reloc}
  0x0000024d769e09b8: e962 0b00 | 0090 9090 | 9090 488b | 9424 7801 

  0x0000024d769e09c8: ;*invokedynamic {reexecute=0 rethrow=0 return_oop=0}
                      ; - org.springframework.beans.factory.support.AbstractBeanFactory::doGetBean@618 (line 372)
  0x0000024d769e09c8: 0000 4889 | 8424 4802 | 0000 0f1f 

  0x0000024d769e09d4: ;   {static_call}
  0x0000024d769e09d4: 4400 00e8 

  0x0000024d769e09d8: ; ImmutableOopMap {[208]=Oop [216]=Oop [232]=Oop [240]=Oop [264]=Oop [272]=Oop [280]=Oop [288]=Oop [312]=Oop [376]=Oop [384]=Oop [584]=Oop }
                      ;*invokedynamic {reexecute=0 rethrow=0 return_oop=0}
                      ; - org.springframework.beans.factory.support.AbstractBeanFactory::doGetBean@618 (line 372)
  0x0000024d769e09d8: a4e6 50ff 

  0x0000024d769e09dc: ;   {other}
  0x0000024d769e09dc: 0f1f 8400 

  0x0000024d769e09e0: ;*invokedynamic {reexecute=0 rethrow=0 return_oop=0}
                      ; - org.springframework.beans.factory.support.AbstractBeanFactory::doGetBean@618 (line 372)
  0x0000024d769e09e0: cc1e 0045 | 4c8b c048 | 8b94 2448 

  0x0000024d769e09ec: ;*invokespecial <init> {reexecute=0 rethrow=0 return_oop=0}
                      ; - org.springframework.beans.factory.support.AbstractBeanFactory::doGetBean@623 (line 372)
                      ;   {optimized virtual_call}
  0x0000024d769e09ec: 0200 00e8 

  0x0000024d769e09f0: ; ImmutableOopMap {[208]=Oop [216]=Oop [232]=Oop [240]=Oop [264]=Oop [272]=Oop [280]=Oop [288]=Oop [312]=Oop [376]=Oop [384]=Oop [584]=Oop }
                      ;*invokespecial <init> {reexecute=0 rethrow=0 return_oop=0}
                      ; - org.springframework.beans.factory.support.AbstractBeanFactory::doGetBean@623 (line 372)
  0x0000024d769e09f0: 8ce0 50ff 

  0x0000024d769e09f4: ;   {other}
  0x0000024d769e09f4: 0f1f 8400 

  0x0000024d769e09f8: ;*invokespecial <init> {reexecute=0 rethrow=0 return_oop=0}
                      ; - org.springframework.beans.factory.support.AbstractBeanFactory::doGetBean@623 (line 372)
  0x0000024d769e09f8: e41e 0046 | 488b 8424 

  0x0000024d769e0a00: ; ImmutableOopMap {rax=Oop [208]=Oop [216]=Oop [232]=Oop [240]=Oop [264]=Oop [272]=Oop [280]=Oop [288]=Oop [312]=Oop [376]=Oop [384]=Oop }
                      ;*athrow {reexecute=1 rethrow=0 return_oop=0}
                      ; - (reexecute) org.springframework.beans.factory.support.AbstractBeanFactory::doGetBean@626 (line 372)
  0x0000024d769e0a00: 4802 0000 

  0x0000024d769e0a04: ;   {section_word}
  0x0000024d769e0a04: 48ba 040a | 9e76 4d02 

  0x0000024d769e0a0c: ;   {runtime_call handle_exception_nofpu Runtime1 stub}
  0x0000024d769e0a0c: 0000 e8ed 

  0x0000024d769e0a10: ;*athrow {reexecute=0 rethrow=0 return_oop=0}
                      ; - org.springframework.beans.factory.support.AbstractBeanFactory::doGetBean@626 (line 372)
  0x0000024d769e0a10: 405d ff90 

  0x0000024d769e0a14: ;   {metadata('java/lang/IllegalStateException')}
  0x0000024d769e0a14: 48ba 7035 | 0a03 4d02 | 0000 498b | 87b8 0100 | 0048 8d78 | 2849 3bbf | c801 0000 | 0f87 f30a 
  0x0000024d769e0a34: 0000 4989 | bfb8 0100 | 0048 c700 | 0100 0000 | 488b ca49 | ba00 0000 | 024d 0200 | 0049 2bca 
  0x0000024d769e0a54: 8948 0848 | 33c9 8948 | 0c48 33c9 | 4889 4810 | 4889 4818 

  0x0000024d769e0a68: ;*new {reexecute=0 rethrow=0 return_oop=0}
                      ; - org.springframework.beans.factory.support.AbstractBeanFactory::doGetBean@576 (line 368)
  0x0000024d769e0a68: 4889 4820 | 0f1f 4000 

  0x0000024d769e0a70: ;   {no_reloc}
  0x0000024d769e0a70: e9d0 0a00 | 0090 9090 | 9090 488b | 9424 0801 

  0x0000024d769e0a80: ;*invokedynamic {reexecute=0 rethrow=0 return_oop=0}
                      ; - org.springframework.beans.factory.support.AbstractBeanFactory::doGetBean@582 (line 368)
  0x0000024d769e0a80: 0000 4889 | 8424 5002 | 0000 0f1f 

  0x0000024d769e0a8c: ;   {static_call}
  0x0000024d769e0a8c: 4400 00e8 

  0x0000024d769e0a90: ; ImmutableOopMap {[208]=Oop [216]=Oop [232]=Oop [240]=Oop [264]=Oop [272]=Oop [280]=Oop [288]=Oop [312]=Oop [376]=Oop [592]=Oop }
                      ;*invokedynamic {reexecute=0 rethrow=0 return_oop=0}
                      ; - org.springframework.beans.factory.support.AbstractBeanFactory::doGetBean@582 (line 368)
  0x0000024d769e0a90: ece5 50ff 

  0x0000024d769e0a94: ;   {other}
  0x0000024d769e0a94: 0f1f 8400 

  0x0000024d769e0a98: ;*invokedynamic {reexecute=0 rethrow=0 return_oop=0}
                      ; - org.springframework.beans.factory.support.AbstractBeanFactory::doGetBean@582 (line 368)
  0x0000024d769e0a98: 841f 0048 | 4c8b c048 | 8b94 2450 

  0x0000024d769e0aa4: ;*invokespecial <init> {reexecute=0 rethrow=0 return_oop=0}
                      ; - org.springframework.beans.factory.support.AbstractBeanFactory::doGetBean@587 (line 368)
                      ;   {optimized virtual_call}
  0x0000024d769e0aa4: 0200 00e8 

  0x0000024d769e0aa8: ; ImmutableOopMap {[208]=Oop [216]=Oop [232]=Oop [240]=Oop [264]=Oop [272]=Oop [280]=Oop [288]=Oop [312]=Oop [376]=Oop [592]=Oop }
                      ;*invokespecial <init> {reexecute=0 rethrow=0 return_oop=0}
                      ; - org.springframework.beans.factory.support.AbstractBeanFactory::doGetBean@587 (line 368)
  0x0000024d769e0aa8: d4df 50ff 

  0x0000024d769e0aac: ;   {other}
  0x0000024d769e0aac: 0f1f 8400 

  0x0000024d769e0ab0: ;*invokespecial <init> {reexecute=0 rethrow=0 return_oop=0}
                      ; - org.springframework.beans.factory.support.AbstractBeanFactory::doGetBean@587 (line 368)
  0x0000024d769e0ab0: 9c1f 0049 | 488b 8424 

  0x0000024d769e0ab8: ; ImmutableOopMap {rax=Oop [208]=Oop [216]=Oop [232]=Oop [240]=Oop [264]=Oop [272]=Oop [280]=Oop [288]=Oop [312]=Oop [376]=Oop }
                      ;*athrow {reexecute=1 rethrow=0 return_oop=0}
                      ; - (reexecute) org.springframework.beans.factory.support.AbstractBeanFactory::doGetBean@590 (line 368)
  0x0000024d769e0ab8: 5002 0000 

  0x0000024d769e0abc: ;   {section_word}
  0x0000024d769e0abc: 48ba bc0a | 9e76 4d02 

  0x0000024d769e0ac4: ;   {runtime_call handle_exception_nofpu Runtime1 stub}
  0x0000024d769e0ac4: 0000 e835 

  0x0000024d769e0ac8: ;*athrow {reexecute=0 rethrow=0 return_oop=0}
                      ; - org.springframework.beans.factory.support.AbstractBeanFactory::doGetBean@590 (line 368)
  0x0000024d769e0ac8: 405d ff90 

  0x0000024d769e0acc: ;   {metadata('java/lang/NullPointerException')}
  0x0000024d769e0acc: 48ba 10db | 0602 4d02 | 0000 498b | 87b8 0100 | 0048 8d78 | 3049 3bbf | c801 0000 | 0f87 610a 
  0x0000024d769e0aec: 0000 4989 | bfb8 0100 | 0048 c700 | 0100 0000 | 488b ca49 | ba00 0000 | 024d 0200 | 0049 2bca 
  0x0000024d769e0b0c: 8948 0848 | 33c9 8948 | 0c48 33c9 | 4889 4810 | 4889 4818 | 4889 4820 

  0x0000024d769e0b24: ;*new {reexecute=0 rethrow=0 return_oop=0}
                      ; - java.util.Objects::requireNonNull@4 (line 233)
                      ; - org.springframework.beans.factory.support.AbstractBeanFactory::doGetBean@250 (line 300)
  0x0000024d769e0b24: 4889 4828 

  0x0000024d769e0b28: ;*invokespecial <init> {reexecute=0 rethrow=0 return_oop=0}
                      ; - java.util.Objects::requireNonNull@8 (line 233)
                      ; - org.springframework.beans.factory.support.AbstractBeanFactory::doGetBean@250 (line 300)
  0x0000024d769e0b28: 488b d048 | 8984 2458 | 0200 000f 

  0x0000024d769e0b34: ;   {optimized virtual_call}
  0x0000024d769e0b34: 1f40 00e8 

  0x0000024d769e0b38: ; ImmutableOopMap {[208]=Oop [216]=Oop [232]=Oop [240]=Oop [264]=Oop [272]=Oop [280]=Oop [600]=Oop }
                      ;*invokespecial <init> {reexecute=0 rethrow=0 return_oop=0}
                      ; - java.util.Objects::requireNonNull@8 (line 233)
                      ; - org.springframework.beans.factory.support.AbstractBeanFactory::doGetBean@250 (line 300)
  0x0000024d769e0b38: 44df 50ff 

  0x0000024d769e0b3c: ;   {other}
  0x0000024d769e0b3c: 0f1f 8400 

  0x0000024d769e0b40: ;*invokespecial <init> {reexecute=0 rethrow=0 return_oop=0}
                      ; - java.util.Objects::requireNonNull@8 (line 233)
                      ; - org.springframework.beans.factory.support.AbstractBeanFactory::doGetBean@250 (line 300)
  0x0000024d769e0b40: 2c20 004b | 488b 8424 

  0x0000024d769e0b48: ; ImmutableOopMap {rax=Oop [208]=Oop [216]=Oop [232]=Oop [240]=Oop [264]=Oop [272]=Oop [280]=Oop }
                      ;*athrow {reexecute=1 rethrow=0 return_oop=0}
                      ; - (reexecute) java.util.Objects::requireNonNull@11 (line 233)
                      ; - org.springframework.beans.factory.support.AbstractBeanFactory::doGetBean@250 (line 300)
  0x0000024d769e0b48: 5802 0000 

  0x0000024d769e0b4c: ;   {section_word}
  0x0000024d769e0b4c: 48ba 4c0b | 9e76 4d02 

  0x0000024d769e0b54: ;   {runtime_call handle_exception_nofpu Runtime1 stub}
  0x0000024d769e0b54: 0000 e8a5 

  0x0000024d769e0b58: ;*athrow {reexecute=0 rethrow=0 return_oop=0}
                      ; - java.util.Objects::requireNonNull@11 (line 233)
                      ; - org.springframework.beans.factory.support.AbstractBeanFactory::doGetBean@250 (line 300)
  0x0000024d769e0b58: 3f5d ff90 | 4889 bc24 | 0801 0000 

  0x0000024d769e0b64: ;   {metadata('java/lang/IllegalArgumentException')}
  0x0000024d769e0b64: 48ba c0c1 | 0602 4d02 | 0000 498b | 87b8 0100 | 0048 8d78 | 2849 3bbf | c801 0000 | 0f87 d609 
  0x0000024d769e0b84: 0000 4989 | bfb8 0100 | 0048 c700 | 0100 0000 | 488b ca49 | ba00 0000 | 024d 0200 | 0049 2bca 
  0x0000024d769e0ba4: 8948 0848 | 33c9 8948 | 0c48 33c9 | 4889 4810 | 4889 4818 

  0x0000024d769e0bb8: ;*new {reexecute=0 rethrow=0 return_oop=0}
                      ; - org.springframework.util.Assert::notNull@4 (line 181)
                      ; - org.springframework.beans.factory.support.DefaultListableBeanFactory::containsBeanDefinition@3 (line 417)
                      ; - org.springframework.beans.factory.support.AbstractBeanFactory::doGetBean@128 (line 273)
  0x0000024d769e0bb8: 4889 4820 

  0x0000024d769e0bbc: ;   {oop("Bean name must not be null"{0x0000000709d54420})}
  0x0000024d769e0bbc: 49b8 2044 | d509 0700 | 0000 488b 

  0x0000024d769e0bc8: ;*invokespecial <init> {reexecute=0 rethrow=0 return_oop=0}
                      ; - org.springframework.util.Assert::notNull@9 (line 181)
                      ; - org.springframework.beans.factory.support.DefaultListableBeanFactory::containsBeanDefinition@3 (line 417)
                      ; - org.springframework.beans.factory.support.AbstractBeanFactory::doGetBean@128 (line 273)
  0x0000024d769e0bc8: d048 8984 | 2460 0200 | 0066 0f1f 

  0x0000024d769e0bd4: ;   {optimized virtual_call}
  0x0000024d769e0bd4: 4400 00e8 

  0x0000024d769e0bd8: ; ImmutableOopMap {[208]=Oop [216]=Oop [232]=Oop [240]=Oop [264]=Oop [272]=Oop [280]=Oop [608]=Oop }
                      ;*invokespecial <init> {reexecute=0 rethrow=0 return_oop=0}
                      ; - org.springframework.util.Assert::notNull@9 (line 181)
                      ; - org.springframework.beans.factory.support.DefaultListableBeanFactory::containsBeanDefinition@3 (line 417)
                      ; - org.springframework.beans.factory.support.AbstractBeanFactory::doGetBean@128 (line 273)
  0x0000024d769e0bd8: a4de 50ff 

  0x0000024d769e0bdc: ;   {other}
  0x0000024d769e0bdc: 0f1f 8400 

  0x0000024d769e0be0: ;*invokespecial <init> {reexecute=0 rethrow=0 return_oop=0}
                      ; - org.springframework.util.Assert::notNull@9 (line 181)
                      ; - org.springframework.beans.factory.support.DefaultListableBeanFactory::containsBeanDefinition@3 (line 417)
                      ; - org.springframework.beans.factory.support.AbstractBeanFactory::doGetBean@128 (line 273)
  0x0000024d769e0be0: cc20 004d | 488b 8424 

  0x0000024d769e0be8: ; ImmutableOopMap {rax=Oop [208]=Oop [216]=Oop [232]=Oop [240]=Oop [264]=Oop [272]=Oop [280]=Oop }
                      ;*athrow {reexecute=1 rethrow=0 return_oop=0}
                      ; - (reexecute) org.springframework.util.Assert::notNull@12 (line 181)
                      ; - org.springframework.beans.factory.support.DefaultListableBeanFactory::containsBeanDefinition@3 (line 417)
                      ; - org.springframework.beans.factory.support.AbstractBeanFactory::doGetBean@128 (line 273)
  0x0000024d769e0be8: 6002 0000 

  0x0000024d769e0bec: ;   {section_word}
  0x0000024d769e0bec: 48ba ec0b | 9e76 4d02 

  0x0000024d769e0bf4: ;   {runtime_call handle_exception_nofpu Runtime1 stub}
  0x0000024d769e0bf4: 0000 e805 

  0x0000024d769e0bf8: ;*athrow {reexecute=0 rethrow=0 return_oop=0}
                      ; - org.springframework.util.Assert::notNull@12 (line 181)
                      ; - org.springframework.beans.factory.support.DefaultListableBeanFactory::containsBeanDefinition@3 (line 417)
                      ; - org.springframework.beans.factory.support.AbstractBeanFactory::doGetBean@128 (line 273)
  0x0000024d769e0bf8: 3f5d ff90 

  0x0000024d769e0bfc: ;   {metadata('org/springframework/beans/factory/BeanCurrentlyInCreationException')}
  0x0000024d769e0bfc: 48ba 88d2 | 2903 4d02 | 0000 80ba | 2101 0000 | 040f 855b | 0900 0049 | 8b87 b801 | 0000 488d 
  0x0000024d769e0c1c: 7830 493b | bfc8 0100 | 000f 8743 | 0900 0049 | 89bf b801 | 0000 48c7 | 0001 0000 | 0048 8bca 
  0x0000024d769e0c3c: 49ba 0000 | 0002 4d02 | 0000 492b | ca89 4808 | 4833 c989 | 480c 4833 | c948 8948 | 1048 8948 
  0x0000024d769e0c5c: 1848 8948 | 2048 8948 

  0x0000024d769e0c64: ;*new {reexecute=0 rethrow=0 return_oop=0}
                      ; - org.springframework.beans.factory.support.AbstractBeanFactory::doGetBean@104 (line 268)
  0x0000024d769e0c64: 284c 8b84 | 2408 0100 

  0x0000024d769e0c6c: ;*invokespecial <init> {reexecute=0 rethrow=0 return_oop=0}
                      ; - org.springframework.beans.factory.support.AbstractBeanFactory::doGetBean@110 (line 268)
  0x0000024d769e0c6c: 0048 8bd0 | 4889 8424 | 6802 0000 | 0f1f 8000 

  0x0000024d769e0c7c: ;   {optimized virtual_call}
  0x0000024d769e0c7c: 0000 00e8 

  0x0000024d769e0c80: ; ImmutableOopMap {[208]=Oop [216]=Oop [232]=Oop [240]=Oop [264]=Oop [272]=Oop [616]=Oop }
                      ;*invokespecial <init> {reexecute=0 rethrow=0 return_oop=0}
                      ; - org.springframework.beans.factory.support.AbstractBeanFactory::doGetBean@110 (line 268)
  0x0000024d769e0c80: fcdd 50ff 

  0x0000024d769e0c84: ;   {other}
  0x0000024d769e0c84: 0f1f 8400 

  0x0000024d769e0c88: ;*invokespecial <init> {reexecute=0 rethrow=0 return_oop=0}
                      ; - org.springframework.beans.factory.support.AbstractBeanFactory::doGetBean@110 (line 268)
  0x0000024d769e0c88: 7421 004f | 488b 8424 

  0x0000024d769e0c90: ; ImmutableOopMap {rax=Oop [208]=Oop [216]=Oop [232]=Oop [240]=Oop [264]=Oop [272]=Oop }
                      ;*athrow {reexecute=1 rethrow=0 return_oop=0}
                      ; - (reexecute) org.springframework.beans.factory.support.AbstractBeanFactory::doGetBean@113 (line 268)
  0x0000024d769e0c90: 6802 0000 

  0x0000024d769e0c94: ;   {section_word}
  0x0000024d769e0c94: 48ba 940c | 9e76 4d02 

  0x0000024d769e0c9c: ;   {runtime_call handle_exception_nofpu Runtime1 stub}
  0x0000024d769e0c9c: 0000 e85d 

  0x0000024d769e0ca0: ;*athrow {reexecute=0 rethrow=0 return_oop=0}
                      ; - org.springframework.beans.factory.support.AbstractBeanFactory::doGetBean@113 (line 268)
  0x0000024d769e0ca0: 3e5d ff90 | 488b b424 | 7801 0000 | 498b 87f8 | 0400 004d | 33d2 4d89 | 97f8 0400 | 004d 33d2 
  0x0000024d769e0cc0: 4d89 9700 

  0x0000024d769e0cc4: ;   {metadata('org/springframework/beans/factory/support/ScopeNotActiveException')}
  0x0000024d769e0cc4: 0500 0048 | bae8 e229 | 034d 0200 | 004c 8be8 | 4c8b de80 | ba21 0100 | 0004 0f85 | 9c08 0000 
  0x0000024d769e0ce4: 498b 87b8 | 0100 0048 | 8d78 3049 | 3bbf c801 | 0000 0f87 | 8408 0000 | 4989 bfb8 | 0100 0048 
  0x0000024d769e0d04: c700 0100 | 0000 488b | ca49 ba00 | 0000 024d | 0200 0049 | 2bca 8948 | 0848 33c9 | 8948 0c48 
  0x0000024d769e0d24: 33c9 4889 | 4810 4889 | 4818 4889 | 4820 4889 

  0x0000024d769e0d34: ;*new {reexecute=0 rethrow=0 return_oop=0}
                      ; - org.springframework.beans.factory.support.AbstractBeanFactory::doGetBean@667 (line 387)
  0x0000024d769e0d34: 4828 4c8b | 8424 0801 | 0000 4d8b | cb49 8bfd 

  0x0000024d769e0d44: ;*invokespecial <init> {reexecute=0 rethrow=0 return_oop=0}
                      ; - org.springframework.beans.factory.support.AbstractBeanFactory::doGetBean@677 (line 387)
  0x0000024d769e0d44: 488b d04c | 89ac 2478 | 0200 0048 | 8984 2470 

  0x0000024d769e0d54: ;   {optimized virtual_call}
  0x0000024d769e0d54: 0200 00e8 

  0x0000024d769e0d58: ; ImmutableOopMap {[208]=Oop [216]=Oop [232]=Oop [240]=Oop [264]=Oop [272]=Oop [280]=Oop [288]=Oop [312]=Oop [376]=Oop [384]=Oop [624]=Oop [632]=Oop }
                      ;*invokespecial <init> {reexecute=0 rethrow=0 return_oop=0}
                      ; - org.springframework.beans.factory.support.AbstractBeanFactory::doGetBean@677 (line 387)
  0x0000024d769e0d58: 24dd 50ff 

  0x0000024d769e0d5c: ;   {other}
  0x0000024d769e0d5c: 0f1f 8400 

  0x0000024d769e0d60: ;*invokespecial <init> {reexecute=0 rethrow=0 return_oop=0}
                      ; - org.springframework.beans.factory.support.AbstractBeanFactory::doGetBean@677 (line 387)
  0x0000024d769e0d60: 4c22 0051 | 488b 8424 

  0x0000024d769e0d68: ; ImmutableOopMap {rax=Oop [208]=Oop [216]=Oop [232]=Oop [240]=Oop [264]=Oop [272]=Oop [280]=Oop [288]=Oop [312]=Oop [376]=Oop [384]=Oop [632]=Oop }
                      ;*athrow {reexecute=1 rethrow=0 return_oop=0}
                      ; - (reexecute) org.springframework.beans.factory.support.AbstractBeanFactory::doGetBean@680 (line 387)
  0x0000024d769e0d68: 7002 0000 

  0x0000024d769e0d6c: ;   {section_word}
  0x0000024d769e0d6c: 48ba 6c0d | 9e76 4d02 

  0x0000024d769e0d74: ;   {runtime_call handle_exception_nofpu Runtime1 stub}
  0x0000024d769e0d74: 0000 e885 

  0x0000024d769e0d78: ;*athrow {reexecute=0 rethrow=0 return_oop=0}
                      ; - org.springframework.beans.factory.support.AbstractBeanFactory::doGetBean@680 (line 387)
  0x0000024d769e0d78: 3d5d ff90 | 498b 87f8 | 0400 004d | 33d2 4d89 | 97f8 0400 | 004d 33d2 | 4d89 9700 | 0500 004c 
  0x0000024d769e0d98: 8b84 2408 | 0100 0048 | 8b94 24d0 

  0x0000024d769e0da4: ;*invokevirtual afterPrototypeCreation {reexecute=0 rethrow=0 return_oop=0}
                      ; - org.springframework.beans.factory.support.AbstractBeanFactory::doGetBean@539 (line 360)
  0x0000024d769e0da4: 0000 0048 | 8984 2480 

  0x0000024d769e0dac: ;   {optimized virtual_call}
  0x0000024d769e0dac: 0200 00e8 

  0x0000024d769e0db0: ; ImmutableOopMap {[208]=Oop [216]=Oop [232]=Oop [240]=Oop [264]=Oop [272]=Oop [280]=Oop [288]=Oop [312]=Oop [640]=Oop }
                      ;*invokevirtual afterPrototypeCreation {reexecute=0 rethrow=0 return_oop=0}
                      ; - org.springframework.beans.factory.support.AbstractBeanFactory::doGetBean@539 (line 360)
  0x0000024d769e0db0: ccdc 50ff 

  0x0000024d769e0db4: ;   {other}
  0x0000024d769e0db4: 0f1f 8400 

  0x0000024d769e0db8: ;*invokevirtual afterPrototypeCreation {reexecute=0 rethrow=0 return_oop=0}
                      ; - org.springframework.beans.factory.support.AbstractBeanFactory::doGetBean@539 (line 360)
  0x0000024d769e0db8: a422 0053 | 488b 8424 

  0x0000024d769e0dc0: ; ImmutableOopMap {rax=Oop [208]=Oop [216]=Oop [232]=Oop [240]=Oop [264]=Oop [272]=Oop [280]=Oop [288]=Oop [312]=Oop [640]=Oop }
                      ;*athrow {reexecute=1 rethrow=0 return_oop=0}
                      ; - (reexecute) org.springframework.beans.factory.support.AbstractBeanFactory::doGetBean@544 (line 361)
  0x0000024d769e0dc0: 8002 0000 

  0x0000024d769e0dc4: ;   {section_word}
  0x0000024d769e0dc4: 48ba c40d | 9e76 4d02 

  0x0000024d769e0dcc: ;   {runtime_call handle_exception_nofpu Runtime1 stub}
  0x0000024d769e0dcc: 0000 e82d 

  0x0000024d769e0dd0: ;*athrow {reexecute=0 rethrow=0 return_oop=0}
                      ; - org.springframework.beans.factory.support.AbstractBeanFactory::doGetBean@544 (line 361)
  0x0000024d769e0dd0: 3d5d ff90 | 8b9c 2430 | 0100 0048 | 8bbc 2438 | 0100 0048 | 8bb4 2420 | 0100 0049 | 8b87 f804 
  0x0000024d769e0df0: 0000 4d33 | d24d 8997 | f804 0000 | 4d33 d24d | 8997 0005 | 0000 4c8b | c848 8d84 | 24b0 0200 
  0x0000024d769e0e10: 0048 8b10 | 4885 d20f | 840f 0000 | 004c 8b58 | 08f0 490f | b113 0f85 | 6107 0000 | 49ff 8f48 
  0x0000024d769e0e30: ;*monitorexit {reexecute=0 rethrow=0 return_oop=0}
                      ; - org.springframework.beans.factory.support.DefaultSingletonBeanRegistry::isDependent@20 (line 630)
                      ; - org.springframework.beans.factory.support.AbstractBeanFactory::doGetBean@325 (line 309)
  0x0000024d769e0e30: 0500 0049 

  0x0000024d769e0e34: ; ImmutableOopMap {r13=Oop r8=Oop r14=Oop rsi=Oop rdi=Oop r9=Oop rax=Oop [208]=Oop [216]=Oop [232]=Oop [240]=Oop [264]=Oop [280]=Oop [288]=Oop [312]=Oop }
                      ;*athrow {reexecute=1 rethrow=0 return_oop=0}
                      ; - (reexecute) org.springframework.beans.factory.support.DefaultSingletonBeanRegistry::isDependent@23 (line 630)
                      ; - org.springframework.beans.factory.support.AbstractBeanFactory::doGetBean@325 (line 309)
                      ;   {section_word}
  0x0000024d769e0e34: 8bc1 48ba | 360e 9e76 | 4d02 0000 

  0x0000024d769e0e40: ;   {runtime_call handle_exception_nofpu Runtime1 stub}
  0x0000024d769e0e40: e8bb 3c5d 

  0x0000024d769e0e44: ;*athrow {reexecute=0 rethrow=0 return_oop=0}
                      ; - org.springframework.beans.factory.support.DefaultSingletonBeanRegistry::isDependent@23 (line 630)
                      ; - org.springframework.beans.factory.support.AbstractBeanFactory::doGetBean@325 (line 309)
  0x0000024d769e0e44: ff90 498b | 87f8 0400 | 004d 33d2 | 4d89 97f8 | 0400 004d | 33d2 4d89 | 9700 0500 | 008b 5008 
  0x0000024d769e0e64: 49ba 0000 | 0002 4d02 | 0000 4903 | d248 8b52 

  0x0000024d769e0e74: ;*invokevirtual getClass {reexecute=0 rethrow=0 return_oop=0}
                      ; - org.springframework.beans.factory.support.AbstractBeanFactory::doGetBean@713 (line 392)
  0x0000024d769e0e74: 7048 8b12 

  0x0000024d769e0e78: ; implicit exception: dispatches to 0x0000024d769e15a3
                      ;*invokevirtual toString {reexecute=0 rethrow=0 return_oop=0}
                      ; - org.springframework.beans.factory.support.AbstractBeanFactory::doGetBean@716 (line 392)
  0x0000024d769e0e78: 483b 0248 | 8984 2488 | 0200 000f 

  0x0000024d769e0e84: ;   {optimized virtual_call}
  0x0000024d769e0e84: 1f40 00e8 

  0x0000024d769e0e88: ; ImmutableOopMap {[208]=Oop [216]=Oop [232]=Oop [240]=Oop [264]=Oop [280]=Oop [648]=Oop [656]=Oop }
                      ;*invokevirtual toString {reexecute=0 rethrow=0 return_oop=0}
                      ; - org.springframework.beans.factory.support.AbstractBeanFactory::doGetBean@716 (line 392)
  0x0000024d769e0e88: f4db 50ff 

  0x0000024d769e0e8c: ;   {other}
  0x0000024d769e0e8c: 0f1f 8400 

  0x0000024d769e0e90: ;*invokevirtual toString {reexecute=0 rethrow=0 return_oop=0}
                      ; - org.springframework.beans.factory.support.AbstractBeanFactory::doGetBean@716 (line 392)
  0x0000024d769e0e90: 7c23 0056 | 488b 9424 

  0x0000024d769e0e98: ;*invokevirtual getMessage {reexecute=0 rethrow=0 return_oop=0}
                      ; - org.springframework.beans.factory.support.AbstractBeanFactory::doGetBean@732 (line 393)
  0x0000024d769e0e98: 8802 0000 | 9048 b8ff | ffff ffff 

  0x0000024d769e0ea4: ;   {virtual_call}
  0x0000024d769e0ea4: ffff ffe8 

  0x0000024d769e0ea8: ; ImmutableOopMap {[208]=Oop [216]=Oop [232]=Oop [240]=Oop [264]=Oop [280]=Oop [648]=Oop [656]=Oop }
                      ;*invokevirtual getMessage {reexecute=0 rethrow=0 return_oop=0}
                      ; - org.springframework.beans.factory.support.AbstractBeanFactory::doGetBean@732 (line 393)
  0x0000024d769e0ea8: d4de 50ff 

  0x0000024d769e0eac: ;   {other}
  0x0000024d769e0eac: 0f1f 8400 

  0x0000024d769e0eb0: ;*invokevirtual getMessage {reexecute=0 rethrow=0 return_oop=0}
                      ; - org.springframework.beans.factory.support.AbstractBeanFactory::doGetBean@732 (line 393)
  0x0000024d769e0eb0: 9c23 0057 | 4885 c00f | 850f 0000 

  0x0000024d769e0ebc: ;*ifnonnull {reexecute=0 rethrow=0 return_oop=0}
                      ; - java.lang.String::valueOf@1 (line 4465)
                      ; - org.springframework.beans.factory.support.AbstractBeanFactory::doGetBean@735 (line 393)
                      ;   {oop("null"{0x0000000709876310})}
  0x0000024d769e0ebc: 0048 b810 | 6387 0907 | 0000 00e9 

  0x0000024d769e0ec8: ;*goto {reexecute=0 rethrow=0 return_oop=0}
                      ; - java.lang.String::valueOf@7 (line 4465)
                      ; - org.springframework.beans.factory.support.AbstractBeanFactory::doGetBean@735 (line 393)
  0x0000024d769e0ec8: 0300 0000 

  0x0000024d769e0ecc: ; implicit exception: dispatches to 0x0000024d769e15a8
                      ;*invokevirtual toString {reexecute=0 rethrow=0 return_oop=0}
                      ; - java.lang.String::valueOf@11 (line 4465)
                      ; - org.springframework.beans.factory.support.AbstractBeanFactory::doGetBean@735 (line 393)
  0x0000024d769e0ecc: 483b 0048 | 8b94 24d0 | 0000 008b | b2a0 0000 | 0048 c1e6 

  0x0000024d769e0ee0: ;*getfield mergedBeanDefinitions {reexecute=0 rethrow=0 return_oop=0}
                      ; - org.springframework.beans.factory.support.AbstractBeanFactory::cleanupAfterBeanCreationFailure@1 (line 1807)
                      ; - org.springframework.beans.factory.support.AbstractBeanFactory::doGetBean@747 (line 394)
  0x0000024d769e0ee0: 034c 8d84 | 24b0 0200 | 0049 8970 | 0848 8b06 | 4883 c801 | 4989 00f0 | 4c0f b106 | 0f84 1200 
  0x0000024d769e0f00: 0000 482b | c448 2507 | f0ff ff49 | 8900 0f85 | 9e06 0000 | 49ff 8748 

  0x0000024d769e0f18: ;*monitorenter {reexecute=0 rethrow=0 return_oop=0}
                      ; - org.springframework.beans.factory.support.AbstractBeanFactory::cleanupAfterBeanCreationFailure@6 (line 1807)
                      ; - org.springframework.beans.factory.support.AbstractBeanFactory::doGetBean@747 (line 394)
  0x0000024d769e0f18: 0500 008b | baa4 0000 | 0048 c1e7 

  0x0000024d769e0f24: ;*getfield alreadyCreated {reexecute=0 rethrow=0 return_oop=0}
                      ; - org.springframework.beans.factory.support.AbstractBeanFactory::cleanupAfterBeanCreationFailure@8 (line 1808)
                      ; - org.springframework.beans.factory.support.AbstractBeanFactory::doGetBean@747 (line 394)
  0x0000024d769e0f24: 034c 8b84 | 2408 0100 

  0x0000024d769e0f2c: ;*invokeinterface remove {reexecute=0 rethrow=0 return_oop=0}
                      ; - org.springframework.beans.factory.support.AbstractBeanFactory::cleanupAfterBeanCreationFailure@12 (line 1808)
                      ; - org.springframework.beans.factory.support.AbstractBeanFactory::doGetBean@747 (line 394)
  0x0000024d769e0f2c: 0048 8bd7 | 4889 b424 | 9802 0000 | 0f1f 4400 | 0048 b8ff | ffff ffff 

  0x0000024d769e0f44: ;   {virtual_call}
  0x0000024d769e0f44: ffff ffe8 

  0x0000024d769e0f48: ; ImmutableOopMap {[208]=Oop [216]=Oop [232]=Oop [240]=Oop [264]=Oop [280]=Oop [648]=Oop [656]=Oop [664]=Oop [696]=Oop }
                      ;*invokeinterface remove {reexecute=0 rethrow=0 return_oop=0}
                      ; - org.springframework.beans.factory.support.AbstractBeanFactory::cleanupAfterBeanCreationFailure@12 (line 1808)
                      ; - org.springframework.beans.factory.support.AbstractBeanFactory::doGetBean@747 (line 394)
  0x0000024d769e0f48: 34de 50ff 

  0x0000024d769e0f4c: ;   {other}
  0x0000024d769e0f4c: 0f1f 8400 

  0x0000024d769e0f50: ;*invokeinterface remove {reexecute=0 rethrow=0 return_oop=0}
                      ; - org.springframework.beans.factory.support.AbstractBeanFactory::cleanupAfterBeanCreationFailure@12 (line 1808)
                      ; - org.springframework.beans.factory.support.AbstractBeanFactory::doGetBean@747 (line 394)
  0x0000024d769e0f50: 3c24 0058 | 488d 8424 | b002 0000 | 488b 1048 | 85d2 0f84 | 0f00 0000 | 4c8b 4008 | f049 0fb1 
  0x0000024d769e0f70: 100f 854e | 0600 0049 | ff8f 4805 

  0x0000024d769e0f7c: ;*monitorexit {reexecute=0 rethrow=0 return_oop=0}
                      ; - org.springframework.beans.factory.support.AbstractBeanFactory::cleanupAfterBeanCreationFailure@19 (line 1809)
                      ; - org.springframework.beans.factory.support.AbstractBeanFactory::doGetBean@747 (line 394)
  0x0000024d769e0f7c: 0000 488b | 8424 8802 

  0x0000024d769e0f84: ; ImmutableOopMap {rax=Oop [208]=Oop [216]=Oop [232]=Oop [240]=Oop [264]=Oop [280]=Oop [648]=Oop [656]=Oop [664]=Oop }
                      ;*athrow {reexecute=1 rethrow=0 return_oop=0}
                      ; - (reexecute) org.springframework.beans.factory.support.AbstractBeanFactory::doGetBean@752 (line 395)
                      ;   {section_word}
  0x0000024d769e0f84: 0000 48ba | 860f 9e76 | 4d02 0000 

  0x0000024d769e0f90: ;   {runtime_call handle_exception_nofpu Runtime1 stub}
  0x0000024d769e0f90: e86b 3b5d 

  0x0000024d769e0f94: ;*athrow {reexecute=0 rethrow=0 return_oop=0}
                      ; - org.springframework.beans.factory.support.AbstractBeanFactory::doGetBean@752 (line 395)
  0x0000024d769e0f94: ff90 498b | 87f8 0400 | 004d 33d2 | 4d89 97f8 | 0400 004d | 33d2 4d89 | 9700 0500 | 0048 8bd8 
  0x0000024d769e0fb4: 488d 8424 | b002 0000 | 488b 1048 | 85d2 0f84 | 0f00 0000 | 488b 4808 | f048 0fb1 | 110f 8504 
  0x0000024d769e0fd4: 0600 0049 | ff8f 4805 

  0x0000024d769e0fdc: ;*monitorexit {reexecute=0 rethrow=0 return_oop=0}
                      ; - org.springframework.beans.factory.support.AbstractBeanFactory::cleanupAfterBeanCreationFailure@25 (line 1809)
                      ; - org.springframework.beans.factory.support.AbstractBeanFactory::doGetBean@747 (line 394)
  0x0000024d769e0fdc: 0000 488b 

  0x0000024d769e0fe0: ; ImmutableOopMap {r8=Oop rdi=Oop rsi=Oop rbx=Oop rax=Oop [208]=Oop [216]=Oop [232]=Oop [240]=Oop [264]=Oop [280]=Oop }
                      ;*athrow {reexecute=1 rethrow=0 return_oop=0}
                      ; - (reexecute) org.springframework.beans.factory.support.AbstractBeanFactory::cleanupAfterBeanCreationFailure@27 (line 1809)
                      ; - org.springframework.beans.factory.support.AbstractBeanFactory::doGetBean@747 (line 394)
                      ;   {section_word}
  0x0000024d769e0fe0: c348 bae1 | 0f9e 764d 

  0x0000024d769e0fe8: ;   {runtime_call handle_exception_nofpu Runtime1 stub}
  0x0000024d769e0fe8: 0200 00e8 | 103b 5dff 

  0x0000024d769e0ff0: ;*athrow {reexecute=0 rethrow=0 return_oop=0}
                      ; - org.springframework.beans.factory.support.AbstractBeanFactory::cleanupAfterBeanCreationFailure@27 (line 1809)
                      ; - org.springframework.beans.factory.support.AbstractBeanFactory::doGetBean@747 (line 394)
  0x0000024d769e0ff0: 9048 8b94 | 24d0 0000 | 0049 8b87 | f804 0000 | 4d33 d24d | 8997 f804 | 0000 4d33 | d24d 8997 
  0x0000024d769e1010: 0005 0000 | 440f be42 

  0x0000024d769e1018: ;*getfield cacheBeanMetadata {reexecute=0 rethrow=0 return_oop=0}
                      ; - org.springframework.beans.factory.support.AbstractBeanFactory::isCacheBeanMetadata@1 (line 861)
                      ; - org.springframework.beans.factory.support.AbstractBeanFactory::doGetBean@763 (line 399)
  0x0000024d769e1018: 1941 83e0 | 0145 85c0 | 0f84 4300 

  0x0000024d769e1024: ;*ifne {reexecute=0 rethrow=0 return_oop=0}
                      ; - org.springframework.beans.factory.support.AbstractBeanFactory::doGetBean@766 (line 399)
  0x0000024d769e1024: 0000 488b | f048 8b9c | 24a8 0200 | 0048 8b8c | 2418 0100 | 004c 8bac | 2408 0100 | 0044 8bb4 
  0x0000024d769e1044: 24e0 0000 | 004c 8b84 | 24d8 0000 | 004c 8b8c | 24e8 0000 | 004c 8b9c | 24f0 0000 | 0048 8bfa 
  0x0000024d769e1064: e90b 0100 

  0x0000024d769e1068: ;*aload {reexecute=0 rethrow=0 return_oop=0}
                      ; - org.springframework.beans.factory.support.AbstractBeanFactory::doGetBean@775 (line 402)
  0x0000024d769e1068: 0048 8984 | 24a0 0200 | 008b baa0 | 0000 0048 

  0x0000024d769e1078: ;*getfield mergedBeanDefinitions {reexecute=0 rethrow=0 return_oop=0}
                      ; - org.springframework.beans.factory.support.AbstractBeanFactory::clearMergedBeanDefinition@1 (line 1537)
                      ; - org.springframework.beans.factory.support.DefaultListableBeanFactory::clearMergedBeanDefinition@2 (line 992)
                      ; - org.springframework.beans.factory.support.AbstractBeanFactory::doGetBean@772 (line 400)
  0x0000024d769e1078: c1e7 034c | 8b84 2408 | 0100 0048 

  0x0000024d769e1084: ;*invokeinterface get {reexecute=0 rethrow=0 return_oop=0}
                      ; - org.springframework.beans.factory.support.AbstractBeanFactory::clearMergedBeanDefinition@5 (line 1537)
                      ; - org.springframework.beans.factory.support.DefaultListableBeanFactory::clearMergedBeanDefinition@2 (line 992)
                      ; - org.springframework.beans.factory.support.AbstractBeanFactory::doGetBean@772 (line 400)
  0x0000024d769e1084: 8bd7 0f1f | 8000 0000 | 0048 b8ff | ffff ffff 

  0x0000024d769e1094: ;   {virtual_call}
  0x0000024d769e1094: ffff ffe8 

  0x0000024d769e1098: ; ImmutableOopMap {[208]=Oop [216]=Oop [232]=Oop [240]=Oop [264]=Oop [280]=Oop [672]=Oop [680]=Oop }
                      ;*invokeinterface get {reexecute=0 rethrow=0 return_oop=0}
                      ; - org.springframework.beans.factory.support.AbstractBeanFactory::clearMergedBeanDefinition@5 (line 1537)
                      ; - org.springframework.beans.factory.support.DefaultListableBeanFactory::clearMergedBeanDefinition@2 (line 992)
                      ; - org.springframework.beans.factory.support.AbstractBeanFactory::doGetBean@772 (line 400)
  0x0000024d769e1098: e4dc 50ff 

  0x0000024d769e109c: ;   {other}
  0x0000024d769e109c: 0f1f 8400 

  0x0000024d769e10a0: ;*invokeinterface get {reexecute=0 rethrow=0 return_oop=0}
                      ; - org.springframework.beans.factory.support.AbstractBeanFactory::clearMergedBeanDefinition@5 (line 1537)
                      ; - org.springframework.beans.factory.support.DefaultListableBeanFactory::clearMergedBeanDefinition@2 (line 992)
                      ; - org.springframework.beans.factory.support.AbstractBeanFactory::doGetBean@772 (line 400)
  0x0000024d769e10a0: 8c25 005b | 4885 c00f | 8429 0000 

  0x0000024d769e10ac: ;   {metadata('org/springframework/beans/factory/support/RootBeanDefinition')}
  0x0000024d769e10ac: 0048 bf58 | 102a 034d | 0200 008b | 7008 49ba | 0000 0002 | 4d02 0000 | 4903 f248 | 3b7e 500f 
  0x0000024d769e10cc: 8520 0500 | 00e9 0000 | 0000 4c8b 

  0x0000024d769e10d8: ;*checkcast {reexecute=0 rethrow=0 return_oop=0}
                      ; - org.springframework.beans.factory.support.AbstractBeanFactory::clearMergedBeanDefinition@10 (line 1537)
                      ; - org.springframework.beans.factory.support.DefaultListableBeanFactory::clearMergedBeanDefinition@2 (line 992)
                      ; - org.springframework.beans.factory.support.AbstractBeanFactory::doGetBean@772 (line 400)
  0x0000024d769e10d8: c04d 85c0 | 0f84 0f00 

  0x0000024d769e10e0: ;*ifnull {reexecute=0 rethrow=0 return_oop=0}
                      ; - org.springframework.beans.factory.support.AbstractBeanFactory::clearMergedBeanDefinition@15 (line 1538)
                      ; - org.springframework.beans.factory.support.DefaultListableBeanFactory::clearMergedBeanDefinition@2 (line 992)
                      ; - org.springframework.beans.factory.support.AbstractBeanFactory::doGetBean@772 (line 400)
  0x0000024d769e10e0: 0000 ba01 | 0000 0041 | 8850 2bf0 | 8344 24c0 

  0x0000024d769e10f0: ;*putfield stale {reexecute=0 rethrow=0 return_oop=0}
                      ; - org.springframework.beans.factory.support.AbstractBeanFactory::clearMergedBeanDefinition@20 (line 1539)
                      ; - org.springframework.beans.factory.support.DefaultListableBeanFactory::clearMergedBeanDefinition@2 (line 992)
                      ; - org.springframework.beans.factory.support.AbstractBeanFactory::doGetBean@772 (line 400)
  0x0000024d769e10f0: 0048 8b94 | 24d0 0000 | 008b b2f0 | 0000 0048 

  0x0000024d769e1100: ;*getfield mergedBeanDefinitionHolders {reexecute=0 rethrow=0 return_oop=0}
                      ; - org.springframework.beans.factory.support.DefaultListableBeanFactory::clearMergedBeanDefinition@6 (line 993)
                      ; - org.springframework.beans.factory.support.AbstractBeanFactory::doGetBean@772 (line 400)
  0x0000024d769e1100: c1e6 034c | 8b84 2408 | 0100 0048 

  0x0000024d769e110c: ;*invokeinterface remove {reexecute=0 rethrow=0 return_oop=0}
                      ; - org.springframework.beans.factory.support.DefaultListableBeanFactory::clearMergedBeanDefinition@10 (line 993)
                      ; - org.springframework.beans.factory.support.AbstractBeanFactory::doGetBean@772 (line 400)
  0x0000024d769e110c: 8bd6 0f1f | 8000 0000 | 0048 b8ff | ffff ffff 

  0x0000024d769e111c: ;   {virtual_call}
  0x0000024d769e111c: ffff ffe8 

  0x0000024d769e1120: ; ImmutableOopMap {[208]=Oop [216]=Oop [232]=Oop [240]=Oop [264]=Oop [280]=Oop [672]=Oop [680]=Oop }
                      ;*invokeinterface remove {reexecute=0 rethrow=0 return_oop=0}
                      ; - org.springframework.beans.factory.support.DefaultListableBeanFactory::clearMergedBeanDefinition@10 (line 993)
                      ; - org.springframework.beans.factory.support.AbstractBeanFactory::doGetBean@772 (line 400)
  0x0000024d769e1120: 5cdc 50ff 

  0x0000024d769e1124: ;   {other}
  0x0000024d769e1124: 0f1f 8400 

  0x0000024d769e1128: ;*invokeinterface remove {reexecute=0 rethrow=0 return_oop=0}
                      ; - org.springframework.beans.factory.support.DefaultListableBeanFactory::clearMergedBeanDefinition@10 (line 993)
                      ; - org.springframework.beans.factory.support.AbstractBeanFactory::doGetBean@772 (line 400)
  0x0000024d769e1128: 1426 005c | 488b b424 | a002 0000 | 488b 9c24 | a802 0000 | 488b 8c24 | 1801 0000 | 4c8b ac24 
  0x0000024d769e1148: 0801 0000 | 448b b424 | e000 0000 | 4c8b 8424 | d800 0000 | 4c8b 8c24 | e800 0000 | 4c8b 9c24 
  0x0000024d769e1168: f000 0000 | 488b bc24 | d000 0000 

  0x0000024d769e1174: ; ImmutableOopMap {r9=Oop rsi=Oop rbx=Oop r8=Oop r11=Oop rcx=Oop r13=Oop rdi=Oop rax=Oop [208]=Oop [216]=Oop [232]=Oop [240]=Oop [280]=Oop }
                      ;*athrow {reexecute=1 rethrow=0 return_oop=0}
                      ; - (reexecute) org.springframework.beans.factory.support.AbstractBeanFactory::doGetBean@777 (line 402)
                      ;   {section_word}
  0x0000024d769e1174: 488b c648 | ba77 119e | 764d 0200 

  0x0000024d769e1180: ;   {runtime_call handle_exception_nofpu Runtime1 stub}
  0x0000024d769e1180: 00e8 7a39 | 5dff 9048 

  0x0000024d769e1188: ;   {runtime_call throw_class_cast_exception Runtime1 stub}
  0x0000024d769e1188: 8904 24e8 

  0x0000024d769e118c: ; ImmutableOopMap {[208]=Oop [216]=Oop [232]=Oop [240]=Oop [248]=Oop [256]=Oop }
                      ;*checkcast {reexecute=0 rethrow=0 return_oop=0}
                      ; - org.springframework.core.SimpleAliasRegistry::canonicalName@12 (line 229)
                      ; - org.springframework.beans.factory.support.AbstractBeanFactory::transformedBeanName@5 (line 1285)
                      ; - org.springframework.beans.factory.support.AbstractBeanFactory::doGetBean@2 (line 246)
  0x0000024d769e118c: 7045 5dff 

  0x0000024d769e1190: ;   {runtime_call throw_incompatible_class_change_error Runtime1 stub}
  0x0000024d769e1190: e86b 485d 

  0x0000024d769e1194: ; ImmutableOopMap {rdx=Oop r9=Oop r8=Oop [208]=Oop [216]=Oop [232]=Oop [240]=Oop [264]=Oop [272]=Oop [280]=Oop }
                      ;*invokeinterface start {reexecute=0 rethrow=0 return_oop=0}
                      ; - org.springframework.beans.factory.support.AbstractBeanFactory::doGetBean@225 (line 296)
                      ;   {runtime_call throw_null_pointer_exception Runtime1 stub}
  0x0000024d769e1194: ffe8 e61c 

  0x0000024d769e1198: ; ImmutableOopMap {rdx=Oop r9=Oop [208]=Oop [216]=Oop [232]=Oop [240]=Oop [264]=Oop [272]=Oop [280]=Oop }
                      ;*invokeinterface start {reexecute=0 rethrow=0 return_oop=0}
                      ; - org.springframework.beans.factory.support.AbstractBeanFactory::doGetBean@225 (line 296)
  0x0000024d769e1198: 5dff 448b | 400c 49c1 | e003 4983 | f800 0f84 | c6e3 ffff | 4c89 0424 

  0x0000024d769e11b0: ;   {runtime_call g1_pre_barrier_slow}
  0x0000024d769e11b0: e8cb 7c5d | ffe9 b8e3 

  0x0000024d769e11b8: ;   {runtime_call throw_null_pointer_exception Runtime1 stub}
  0x0000024d769e11b8: ffff e8c1 

  0x0000024d769e11bc: ; ImmutableOopMap {rax=Oop r9=Oop [208]=Oop [216]=Oop [232]=Oop [240]=Oop [264]=Oop [272]=Oop [280]=Oop }
                      ;*invokestatic linkToSpecial {reexecute=0 rethrow=0 return_oop=0}
                      ; - java.lang.invoke.DirectMethodHandle$Holder::newInvokeSpecial@16
                      ; - java.lang.invoke.Invokers$Holder::linkToTargetMethod@5
                      ; - org.springframework.beans.factory.support.AbstractBeanFactory::doGetBean@254 (line 300)
  0x0000024d769e11bc: 1c5d ff49 | 83f9 000f | 84d0 e3ff | ff48 8904 

  0x0000024d769e11cc: ;   {runtime_call g1_post_barrier_slow}
  0x0000024d769e11cc: 24e8 2e85 | 5dff e9c2 

  0x0000024d769e11d4: ;   {runtime_call throw_null_pointer_exception Runtime1 stub}
  0x0000024d769e11d4: e3ff ffe8 

  0x0000024d769e11d8: ; ImmutableOopMap {rax=Oop [208]=Oop [216]=Oop [232]=Oop [240]=Oop [264]=Oop [272]=Oop [280]=Oop [288]=Oop }
                      ;*invokevirtual getDependsOn {reexecute=0 rethrow=0 return_oop=0}
                      ; - org.springframework.beans.factory.support.AbstractBeanFactory::doGetBean@284 (line 306)
  0x0000024d769e11d8: a41c 5dff 

  0x0000024d769e11dc: ;   {runtime_call throw_null_pointer_exception Runtime1 stub}
  0x0000024d769e11dc: e89f 1c5d 

  0x0000024d769e11e0: ; ImmutableOopMap {rax=Oop rsi=Oop [208]=Oop [216]=Oop [232]=Oop [240]=Oop [264]=Oop [272]=Oop [280]=Oop [288]=Oop [312]=Oop }
                      ;*arraylength {reexecute=0 rethrow=0 return_oop=0}
                      ; - org.springframework.beans.factory.support.AbstractBeanFactory::doGetBean@300 (line 308)
                      ;   {runtime_call throw_null_pointer_exception Runtime1 stub}
  0x0000024d769e11e0: ffe8 9a1c 

  0x0000024d769e11e4: ; ImmutableOopMap {rsi=Oop r11=Oop rdx=Oop r13=Oop r14=Oop [208]=Oop [216]=Oop [232]=Oop [240]=Oop [272]=Oop [280]=Oop [288]=Oop [312]=Oop }
                      ;*monitorenter {reexecute=0 rethrow=0 return_oop=0}
                      ; - org.springframework.beans.factory.support.DefaultSingletonBeanRegistry::isDependent@6 (line 628)
                      ; - org.springframework.beans.factory.support.AbstractBeanFactory::doGetBean@325 (line 309)
  0x0000024d769e11e4: 5dff 4c89 | 7424 084c 

  0x0000024d769e11ec: ;   {runtime_call monitorenter_nofpu Runtime1 stub}
  0x0000024d769e11ec: 8904 24e8 

  0x0000024d769e11f0: ; ImmutableOopMap {rsi=Oop r11=Oop rdx=Oop r13=Oop r14=Oop [208]=Oop [216]=Oop [232]=Oop [240]=Oop [272]=Oop [280]=Oop [288]=Oop [312]=Oop [696]=Oop }
                      ;*monitorenter {reexecute=0 rethrow=0 return_oop=0}
                      ; - org.springframework.beans.factory.support.DefaultSingletonBeanRegistry::isDependent@6 (line 628)
                      ; - org.springframework.beans.factory.support.AbstractBeanFactory::doGetBean@325 (line 309)
  0x0000024d769e11f0: 0c51 5dff | e975 e4ff | ff48 8d84 | 24b0 0200 | 0048 8904 

  0x0000024d769e1204: ;   {runtime_call monitorexit_nofpu Runtime1 stub}
  0x0000024d769e1204: 24e8 f656 | 5dff e9d2 | e4ff ff44 | 8b40 0c49 | c1e0 0349 | 83f8 000f | 8429 e6ff | ff4c 8904 
  0x0000024d769e1224: ;   {runtime_call g1_pre_barrier_slow}
  0x0000024d769e1224: 24e8 567c | 5dff e91b 

  0x0000024d769e122c: ;   {runtime_call throw_null_pointer_exception Runtime1 stub}
  0x0000024d769e122c: e6ff ffe8 

  0x0000024d769e1230: ; ImmutableOopMap {rax=Oop rdx=Oop [208]=Oop [216]=Oop [232]=Oop [240]=Oop [264]=Oop [272]=Oop [280]=Oop [288]=Oop [312]=Oop }
                      ;*invokestatic linkToSpecial {reexecute=0 rethrow=0 return_oop=0}
                      ; - java.lang.invoke.LambdaForm$DMH/0x0000024d03180c00::newInvokeSpecial@24
                      ; - java.lang.invoke.Invokers$Holder::linkToTargetMethod@9
                      ; - org.springframework.beans.factory.support.AbstractBeanFactory::doGetBean@471 (line 337)
  0x0000024d769e1230: 4c1c 5dff | 4883 fa00 | 0f84 33e6 | ffff 4889 

  0x0000024d769e1240: ;   {runtime_call g1_post_barrier_slow}
  0x0000024d769e1240: 0424 e8b9 | 845d ffe9 | 25e6 ffff | 448b 4010 | 49c1 e003 | 4983 f800 | 0f84 21e6 | ffff 4c89 
  0x0000024d769e1260: ;   {runtime_call g1_pre_barrier_slow}
  0x0000024d769e1260: 0424 e819 | 7c5d ffe9 | 13e6 ffff | 4883 fe00 | 0f84 30e6 | ffff 4889 

  0x0000024d769e1278: ;   {runtime_call g1_post_barrier_slow}
  0x0000024d769e1278: 0424 e881 | 845d ffe9 | 22e6 ffff | 448b 4014 | 49c1 e003 | 4983 f800 | 0f84 1ee6 | ffff 4c89 
  0x0000024d769e1298: ;   {runtime_call g1_pre_barrier_slow}
  0x0000024d769e1298: 0424 e8e1 | 7b5d ffe9 | 10e6 ffff | 4883 ff00 | 0f84 2de6 | ffff 4889 

  0x0000024d769e12b0: ;   {runtime_call g1_post_barrier_slow}
  0x0000024d769e12b0: 0424 e849 | 845d ffe9 | 1fe6 ffff | 448b 4018 | 49c1 e003 | 4983 f800 | 0f84 1be6 | ffff 4c89 
  0x0000024d769e12d0: ;   {runtime_call g1_pre_barrier_slow}
  0x0000024d769e12d0: 0424 e8a9 | 7b5d ffe9 | 0de6 ffff | 4883 fb00 | 0f84 2ae6 | ffff 4889 

  0x0000024d769e12e8: ;   {runtime_call g1_post_barrier_slow}
  0x0000024d769e12e8: 0424 e811 | 845d ffe9 | 1ce6 ffff 

  0x0000024d769e12f4: ;   {runtime_call throw_null_pointer_exception Runtime1 stub}
  0x0000024d769e12f4: e887 1b5d 

  0x0000024d769e12f8: ; ImmutableOopMap {rax=Oop rdx=Oop rsi=Oop [208]=Oop [216]=Oop [232]=Oop [240]=Oop [264]=Oop [280]=Oop [288]=Oop [312]=Oop [328]=Oop }
                      ;*invokevirtual get {reexecute=0 rethrow=0 return_oop=0}
                      ; - org.springframework.beans.factory.support.AbstractAutowireCapableBeanFactory::getObjectForBeanInstance@4 (line 1311)
                      ; - org.springframework.beans.factory.support.AbstractBeanFactory::doGetBean@489 (line 349)
  0x0000024d769e12f8: ff48 8904 

  0x0000024d769e12fc: ;   {runtime_call throw_class_cast_exception Runtime1 stub}
  0x0000024d769e12fc: 24e8 fe43 

  0x0000024d769e1300: ; ImmutableOopMap {[208]=Oop [216]=Oop [232]=Oop [240]=Oop [264]=Oop [280]=Oop [288]=Oop [312]=Oop [328]=Oop }
                      ;*checkcast {reexecute=0 rethrow=0 return_oop=0}
                      ; - org.springframework.beans.factory.support.AbstractAutowireCapableBeanFactory::getObjectForBeanInstance@7 (line 1311)
                      ; - org.springframework.beans.factory.support.AbstractBeanFactory::doGetBean@489 (line 349)
                      ;   {runtime_call throw_null_pointer_exception Runtime1 stub}
  0x0000024d769e1300: 5dff e879 

  0x0000024d769e1304: ; ImmutableOopMap {rdx=Oop rsi=Oop [208]=Oop [216]=Oop [232]=Oop [240]=Oop [264]=Oop [272]=Oop [280]=Oop [288]=Oop [312]=Oop [352]=Oop }
                      ;*invokevirtual get {reexecute=0 rethrow=0 return_oop=0}
                      ; - org.springframework.beans.factory.support.AbstractAutowireCapableBeanFactory::getObjectForBeanInstance@4 (line 1311)
                      ; - org.springframework.beans.factory.support.AbstractBeanFactory::doGetBean@553 (line 362)
  0x0000024d769e1304: 1b5d ff48 

  0x0000024d769e1308: ;   {runtime_call throw_class_cast_exception Runtime1 stub}
  0x0000024d769e1308: 8904 24e8 

  0x0000024d769e130c: ; ImmutableOopMap {[208]=Oop [216]=Oop [232]=Oop [240]=Oop [264]=Oop [272]=Oop [280]=Oop [288]=Oop [312]=Oop [352]=Oop }
                      ;*checkcast {reexecute=0 rethrow=0 return_oop=0}
                      ; - org.springframework.beans.factory.support.AbstractAutowireCapableBeanFactory::getObjectForBeanInstance@7 (line 1311)
                      ; - org.springframework.beans.factory.support.AbstractBeanFactory::doGetBean@553 (line 362)
  0x0000024d769e130c: f043 5dff 

  0x0000024d769e1310: ;   {runtime_call throw_null_pointer_exception Runtime1 stub}
  0x0000024d769e1310: e86b 1b5d 

  0x0000024d769e1314: ; ImmutableOopMap {rax=Oop rsi=Oop [208]=Oop [216]=Oop [232]=Oop [240]=Oop [264]=Oop [272]=Oop [280]=Oop [288]=Oop [312]=Oop [376]=Oop }
                      ;*invokevirtual isEmpty {reexecute=0 rethrow=0 return_oop=0}
                      ; - org.springframework.util.StringUtils::hasLength@5 (line 147)
                      ; - org.springframework.beans.factory.support.AbstractBeanFactory::doGetBean@570 (line 367)
                      ;   {runtime_call throw_null_pointer_exception Runtime1 stub}
  0x0000024d769e1314: ffe8 661b 

  0x0000024d769e1318: ; ImmutableOopMap {rax=Oop rsi=Oop [208]=Oop [216]=Oop [232]=Oop [240]=Oop [264]=Oop [272]=Oop [280]=Oop [288]=Oop [312]=Oop [376]=Oop }
                      ;*arraylength {reexecute=0 rethrow=0 return_oop=0}
                      ; - java.lang.String::isEmpty@4 (line 1532)
                      ; - org.springframework.util.StringUtils::hasLength@5 (line 147)
                      ; - org.springframework.beans.factory.support.AbstractBeanFactory::doGetBean@570 (line 367)
  0x0000024d769e1318: 5dff 4889 

  0x0000024d769e131c: ;   {runtime_call throw_class_cast_exception Runtime1 stub}
  0x0000024d769e131c: 0424 e8dd 

  0x0000024d769e1320: ; ImmutableOopMap {[208]=Oop [216]=Oop [232]=Oop [240]=Oop [264]=Oop [272]=Oop [280]=Oop [288]=Oop [312]=Oop [376]=Oop }
                      ;*checkcast {reexecute=0 rethrow=0 return_oop=0}
                      ; - org.springframework.beans.factory.support.AbstractBeanFactory::doGetBean@602 (line 370)
  0x0000024d769e1320: 435d ff48 | be00 0000 | 0000 0000 | 00b8 000f 

  0x0000024d769e1330: ;   {runtime_call load_appendix_patching Runtime1 stub}
  0x0000024d769e1330: 050a e8c9 

  0x0000024d769e1334: ; ImmutableOopMap {rdx=Oop [208]=Oop [216]=Oop [232]=Oop [240]=Oop [264]=Oop [272]=Oop [280]=Oop [288]=Oop [312]=Oop [376]=Oop [384]=Oop }
                      ;*invokedynamic {reexecute=1 rethrow=0 return_oop=0}
                      ; - (reexecute) org.springframework.beans.factory.support.AbstractBeanFactory::doGetBean@637 (line 375)
  0x0000024d769e1334: 6d5d ffe9 | 8ce9 ffff 

  0x0000024d769e133c: ;   {runtime_call throw_null_pointer_exception Runtime1 stub}
  0x0000024d769e133c: e83f 1b5d 

  0x0000024d769e1340: ; ImmutableOopMap {rax=Oop rdx=Oop rsi=Oop [208]=Oop [216]=Oop [232]=Oop [240]=Oop [264]=Oop [272]=Oop [280]=Oop [288]=Oop [312]=Oop [376]=Oop [384]=Oop [392]=Oop }
                      ;*invokevirtual get {reexecute=0 rethrow=0 return_oop=0}
                      ; - org.springframework.beans.factory.support.AbstractAutowireCapableBeanFactory::getObjectForBeanInstance@4 (line 1311)
                      ; - org.springframework.beans.factory.support.AbstractBeanFactory::doGetBean@657 (line 384)
  0x0000024d769e1340: ff48 8904 

  0x0000024d769e1344: ;   {runtime_call throw_class_cast_exception Runtime1 stub}
  0x0000024d769e1344: 24e8 b643 

  0x0000024d769e1348: ; ImmutableOopMap {[208]=Oop [216]=Oop [232]=Oop [240]=Oop [264]=Oop [272]=Oop [280]=Oop [288]=Oop [312]=Oop [376]=Oop [384]=Oop [392]=Oop }
                      ;*checkcast {reexecute=0 rethrow=0 return_oop=0}
                      ; - org.springframework.beans.factory.support.AbstractAutowireCapableBeanFactory::getObjectForBeanInstance@7 (line 1311)
                      ; - org.springframework.beans.factory.support.AbstractBeanFactory::doGetBean@657 (line 384)
  0x0000024d769e1348: 5dff 4889 

  0x0000024d769e134c: ;   {runtime_call throw_class_cast_exception Runtime1 stub}
  0x0000024d769e134c: 0424 e8ad 

  0x0000024d769e1350: ; ImmutableOopMap {[208]=Oop [216]=Oop [232]=Oop [240]=Oop [264]=Oop [280]=Oop [288]=Oop [312]=Oop [416]=Oop [424]=Oop }
                      ;*checkcast {reexecute=0 rethrow=0 return_oop=0}
                      ; - org.springframework.beans.factory.support.AbstractBeanFactory::clearMergedBeanDefinition@10 (line 1537)
                      ; - org.springframework.beans.factory.support.DefaultListableBeanFactory::clearMergedBeanDefinition@2 (line 992)
                      ; - org.springframework.beans.factory.support.AbstractBeanFactory::doGetBean@698 (line 400)
                      ;   {runtime_call throw_null_pointer_exception Runtime1 stub}
  0x0000024d769e1350: 435d ffe8 

  0x0000024d769e1354: ; ImmutableOopMap {rdx=Oop [208]=Oop [216]=Oop [232]=Oop [240]=Oop [264]=Oop [280]=Oop [288]=Oop [312]=Oop [416]=Oop [424]=Oop }
                      ;*putfield stale {reexecute=1 rethrow=0 return_oop=0}
                      ; - (reexecute) org.springframework.beans.factory.support.AbstractBeanFactory::clearMergedBeanDefinition@20 (line 1539)
                      ; - org.springframework.beans.factory.support.DefaultListableBeanFactory::clearMergedBeanDefinition@2 (line 992)
                      ; - org.springframework.beans.factory.support.AbstractBeanFactory::doGetBean@698 (line 400)
  0x0000024d769e1354: 281b 5dff 

  0x0000024d769e1358: ;   {runtime_call throw_null_pointer_exception Runtime1 stub}
  0x0000024d769e1358: e823 1b5d 

  0x0000024d769e135c: ; ImmutableOopMap {rbx=Oop [208]=Oop [216]=Oop [232]=Oop [240]=Oop [264]=Oop [272]=Oop [280]=Oop [288]=Oop [296]=Oop [312]=Oop }
                      ;*new {reexecute=0 rethrow=0 return_oop=0}
                      ; - org.springframework.beans.factory.support.AbstractBeanFactory::doGetBean@331 (line 310)
  0x0000024d769e135c: ff48 8bd2 

  0x0000024d769e1360: ;   {runtime_call fast_new_instance_init_check Runtime1 stub}
  0x0000024d769e1360: e89b 2b5d 

  0x0000024d769e1364: ; ImmutableOopMap {rbx=Oop [208]=Oop [216]=Oop [232]=Oop [240]=Oop [264]=Oop [272]=Oop [280]=Oop [288]=Oop [296]=Oop [312]=Oop }
                      ;*new {reexecute=0 rethrow=0 return_oop=0}
                      ; - org.springframework.beans.factory.support.AbstractBeanFactory::doGetBean@331 (line 310)
  0x0000024d769e1364: ffe9 d0eb 

  0x0000024d769e1368: ;   {runtime_call throw_null_pointer_exception Runtime1 stub}
  0x0000024d769e1368: ffff e811 

  0x0000024d769e136c: ; ImmutableOopMap {rax=Oop r8=Oop [208]=Oop [216]=Oop [232]=Oop [240]=Oop [264]=Oop [272]=Oop [280]=Oop }
                      ;*invokevirtual isEmpty {reexecute=0 rethrow=0 return_oop=0}
                      ; - org.springframework.beans.factory.support.AbstractBeanFactory::originalBeanName@7 (line 1295)
                      ; - org.springframework.beans.factory.support.AbstractBeanFactory::doGetBean@136 (line 275)
                      ;   {runtime_call throw_null_pointer_exception Runtime1 stub}
  0x0000024d769e136c: 1b5d ffe8 

  0x0000024d769e1370: ; ImmutableOopMap {rax=Oop r8=Oop rdx=Oop [208]=Oop [216]=Oop [232]=Oop [240]=Oop [264]=Oop [272]=Oop [280]=Oop }
                      ;*arraylength {reexecute=0 rethrow=0 return_oop=0}
                      ; - java.lang.String::isEmpty@4 (line 1532)
                      ; - org.springframework.beans.factory.support.AbstractBeanFactory::originalBeanName@7 (line 1295)
                      ; - org.springframework.beans.factory.support.AbstractBeanFactory::doGetBean@136 (line 275)
  0x0000024d769e1370: 0c1b 5dff | 48c7 0424 | e4ff ffff 

  0x0000024d769e137c: ;   {runtime_call deoptimize Runtime1 stub}
  0x0000024d769e137c: e87f 585d 

  0x0000024d769e1380: ; ImmutableOopMap {r8=Oop rax=Oop rdx=Oop [208]=Oop [216]=Oop [232]=Oop [240]=Oop [264]=Oop [272]=Oop [280]=Oop }
                      ;*invokestatic checkIndex {reexecute=0 rethrow=0 return_oop=0}
                      ; - java.lang.String::checkIndex@5 (line 4832)
                      ; - java.lang.StringLatin1::charAt@3 (line 46)
                      ; - java.lang.String::charAt@12 (line 1555)
                      ; - org.springframework.beans.factory.support.AbstractBeanFactory::originalBeanName@15 (line 1295)
                      ; - org.springframework.beans.factory.support.AbstractBeanFactory::doGetBean@136 (line 275)
  0x0000024d769e1380: ff48 c704 | 24e4 ffff 

  0x0000024d769e1388: ;   {runtime_call deoptimize Runtime1 stub}
  0x0000024d769e1388: ffe8 7258 

  0x0000024d769e138c: ; ImmutableOopMap {r8=Oop rax=Oop rdx=Oop [208]=Oop [216]=Oop [232]=Oop [240]=Oop [264]=Oop [272]=Oop [280]=Oop }
                      ;*invokestatic checkIndex {reexecute=0 rethrow=0 return_oop=0}
                      ; - java.lang.String::checkIndex@5 (line 4832)
                      ; - java.lang.StringLatin1::charAt@3 (line 46)
                      ; - java.lang.String::charAt@12 (line 1555)
                      ; - org.springframework.beans.factory.support.AbstractBeanFactory::originalBeanName@15 (line 1295)
                      ; - org.springframework.beans.factory.support.AbstractBeanFactory::doGetBean@136 (line 275)
  0x0000024d769e138c: 5dff 48c7 | 0424 0000 | 0000 4889 

  0x0000024d769e1398: ;   {runtime_call throw_range_check_failed Runtime1 stub}
  0x0000024d769e1398: 5424 08e8 

  0x0000024d769e139c: ; ImmutableOopMap {r8=Oop rax=Oop rdx=Oop [208]=Oop [216]=Oop [232]=Oop [240]=Oop [264]=Oop [272]=Oop [280]=Oop }
                      ;*baload {reexecute=0 rethrow=0 return_oop=0}
                      ; - java.lang.StringLatin1::charAt@8 (line 47)
                      ; - java.lang.String::charAt@12 (line 1555)
                      ; - org.springframework.beans.factory.support.AbstractBeanFactory::originalBeanName@15 (line 1295)
                      ; - org.springframework.beans.factory.support.AbstractBeanFactory::doGetBean@136 (line 275)
  0x0000024d769e139c: e011 5dff | 48c7 0424 | e4ff ffff 

  0x0000024d769e13a8: ;   {runtime_call deoptimize Runtime1 stub}
  0x0000024d769e13a8: e853 585d 

  0x0000024d769e13ac: ; ImmutableOopMap {r8=Oop rax=Oop rdx=Oop [208]=Oop [216]=Oop [232]=Oop [240]=Oop [264]=Oop [272]=Oop [280]=Oop }
                      ;*invokestatic checkIndex {reexecute=0 rethrow=0 return_oop=0}
                      ; - java.lang.String::checkIndex@5 (line 4832)
                      ; - java.lang.StringUTF16::checkIndex@5 (line 1613)
                      ; - java.lang.StringUTF16::charAt@2 (line 1418)
                      ; - java.lang.String::charAt@21 (line 1557)
                      ; - org.springframework.beans.factory.support.AbstractBeanFactory::originalBeanName@15 (line 1295)
                      ; - org.springframework.beans.factory.support.AbstractBeanFactory::doGetBean@136 (line 275)
  0x0000024d769e13ac: ff48 c704 | 24e4 ffff 

  0x0000024d769e13b4: ;   {runtime_call deoptimize Runtime1 stub}
  0x0000024d769e13b4: ffe8 4658 

  0x0000024d769e13b8: ; ImmutableOopMap {r8=Oop rax=Oop rdx=Oop [208]=Oop [216]=Oop [232]=Oop [240]=Oop [264]=Oop [272]=Oop [280]=Oop }
                      ;*invokestatic checkIndex {reexecute=0 rethrow=0 return_oop=0}
                      ; - java.lang.String::checkIndex@5 (line 4832)
                      ; - java.lang.StringUTF16::checkIndex@5 (line 1613)
                      ; - java.lang.StringUTF16::charAt@2 (line 1418)
                      ; - java.lang.String::charAt@21 (line 1557)
                      ; - org.springframework.beans.factory.support.AbstractBeanFactory::originalBeanName@15 (line 1295)
                      ; - org.springframework.beans.factory.support.AbstractBeanFactory::doGetBean@136 (line 275)
  0x0000024d769e13b8: 5dff 48be | 0000 0000 | 0000 0000 | b800 0f05 

  0x0000024d769e13c8: ;   {runtime_call load_appendix_patching Runtime1 stub}
  0x0000024d769e13c8: 0ae8 326d 

  0x0000024d769e13cc: ; ImmutableOopMap {rax=Oop [208]=Oop [216]=Oop [232]=Oop [240]=Oop [264]=Oop [272]=Oop [280]=Oop }
                      ;*invokedynamic {reexecute=1 rethrow=0 return_oop=0}
                      ; - (reexecute) org.springframework.beans.factory.support.AbstractBeanFactory::originalBeanName@24 (line 1296)
                      ; - org.springframework.beans.factory.support.AbstractBeanFactory::doGetBean@136 (line 275)
  0x0000024d769e13cc: 5dff e98d | ecff ff49 | b800 0000 | 0000 0000 | 00b8 000f 

  0x0000024d769e13e0: ;   {runtime_call load_appendix_patching Runtime1 stub}
  0x0000024d769e13e0: 050a e819 

  0x0000024d769e13e4: ; ImmutableOopMap {rdx=Oop rsi=Oop [208]=Oop [216]=Oop [232]=Oop [240]=Oop [264]=Oop [272]=Oop }
                      ;*invokedynamic {reexecute=1 rethrow=0 return_oop=0}
                      ; - (reexecute) org.springframework.beans.factory.support.AbstractBeanFactory::doGetBean@51 (line 254)
  0x0000024d769e13e4: 6d5d ffe9 | aced ffff | 49b8 0000 | 0000 0000 | 0000 b800 

  0x0000024d769e13f8: ;   {runtime_call load_appendix_patching Runtime1 stub}
  0x0000024d769e13f8: 0f05 0ae8 

  0x0000024d769e13fc: ; ImmutableOopMap {rdx=Oop rsi=Oop [208]=Oop [216]=Oop [232]=Oop [240]=Oop [264]=Oop [272]=Oop }
                      ;*invokedynamic {reexecute=1 rethrow=0 return_oop=0}
                      ; - (reexecute) org.springframework.beans.factory.support.AbstractBeanFactory::doGetBean@70 (line 258)
  0x0000024d769e13fc: 006d 5dff | e9f3 edff 

  0x0000024d769e1404: ;   {runtime_call throw_null_pointer_exception Runtime1 stub}
  0x0000024d769e1404: ffe8 761a 

  0x0000024d769e1408: ; ImmutableOopMap {rdx=Oop rsi=Oop [208]=Oop [216]=Oop [232]=Oop [240]=Oop [264]=Oop [272]=Oop }
                      ;*invokevirtual get {reexecute=0 rethrow=0 return_oop=0}
                      ; - org.springframework.beans.factory.support.AbstractAutowireCapableBeanFactory::getObjectForBeanInstance@4 (line 1311)
                      ; - org.springframework.beans.factory.support.AbstractBeanFactory::doGetBean@87 (line 261)
  0x0000024d769e1408: 5dff 4889 

  0x0000024d769e140c: ;   {runtime_call throw_class_cast_exception Runtime1 stub}
  0x0000024d769e140c: 0424 e8ed 

  0x0000024d769e1410: ; ImmutableOopMap {[208]=Oop [216]=Oop [232]=Oop [240]=Oop [264]=Oop [272]=Oop }
                      ;*checkcast {reexecute=0 rethrow=0 return_oop=0}
                      ; - org.springframework.beans.factory.support.AbstractAutowireCapableBeanFactory::getObjectForBeanInstance@7 (line 1311)
                      ; - org.springframework.beans.factory.support.AbstractBeanFactory::doGetBean@87 (line 261)
                      ;   {runtime_call throw_null_pointer_exception Runtime1 stub}
  0x0000024d769e1410: 425d ffe8 

  0x0000024d769e1414: ; ImmutableOopMap {rbx=Oop r9=Oop r11=Oop [208]=Oop [216]=Oop [232]=Oop [240]=Oop [264]=Oop [272]=Oop [280]=Oop [288]=Oop [296]=Oop [312]=Oop [528]=Oop }
                      ;*new {reexecute=0 rethrow=0 return_oop=0}
                      ; - org.springframework.beans.factory.support.AbstractBeanFactory::doGetBean@407 (line 325)
  0x0000024d769e1414: 681a 5dff 

  0x0000024d769e1418: ;   {runtime_call fast_new_instance_init_check Runtime1 stub}
  0x0000024d769e1418: 488b d2e8 

  0x0000024d769e141c: ; ImmutableOopMap {rbx=Oop r9=Oop r11=Oop [208]=Oop [216]=Oop [232]=Oop [240]=Oop [264]=Oop [272]=Oop [280]=Oop [288]=Oop [296]=Oop [312]=Oop [528]=Oop }
                      ;*new {reexecute=0 rethrow=0 return_oop=0}
                      ; - org.springframework.beans.factory.support.AbstractBeanFactory::doGetBean@407 (line 325)
  0x0000024d769e141c: e02a 5dff | e97c efff 

  0x0000024d769e1424: ;   {runtime_call throw_null_pointer_exception Runtime1 stub}
  0x0000024d769e1424: ffe8 561a 

  0x0000024d769e1428: ; ImmutableOopMap {r9=Oop r11=Oop rbx=Oop [208]=Oop [216]=Oop [232]=Oop [240]=Oop [264]=Oop [272]=Oop [280]=Oop [288]=Oop [296]=Oop [312]=Oop [504]=Oop }
                      ;*new {reexecute=0 rethrow=0 return_oop=0}
                      ; - org.springframework.beans.factory.support.AbstractBeanFactory::doGetBean@375 (line 318)
  0x0000024d769e1428: 5dff 488b 

  0x0000024d769e142c: ;   {runtime_call fast_new_instance_init_check Runtime1 stub}
  0x0000024d769e142c: d2e8 ce2a 

  0x0000024d769e1430: ; ImmutableOopMap {r9=Oop r11=Oop rbx=Oop [208]=Oop [216]=Oop [232]=Oop [240]=Oop [264]=Oop [272]=Oop [280]=Oop [288]=Oop [296]=Oop [312]=Oop [504]=Oop }
                      ;*new {reexecute=0 rethrow=0 return_oop=0}
                      ; - org.springframework.beans.factory.support.AbstractBeanFactory::doGetBean@375 (line 318)
  0x0000024d769e1430: 5dff e92b 

  0x0000024d769e1434: ;   {internal_word}
  0x0000024d769e1434: f0ff ff49 | ba04 059e | 764d 0200 | 004d 8997 | 6004 0000 

  0x0000024d769e1448: ;   {runtime_call SafepointBlob}
  0x0000024d769e1448: e9b3 4251 

  0x0000024d769e144c: ;   {internal_word}
  0x0000024d769e144c: ff49 ba4c | 059e 764d | 0200 004d | 8997 6004 

  0x0000024d769e145c: ;   {runtime_call SafepointBlob}
  0x0000024d769e145c: 0000 e99d 

  0x0000024d769e1460: ;   {internal_word}
  0x0000024d769e1460: 4251 ff49 | ba9c 059e | 764d 0200 | 004d 8997 | 6004 0000 

  0x0000024d769e1474: ;   {runtime_call SafepointBlob}
  0x0000024d769e1474: e987 4251 | ff48 8934 

  0x0000024d769e147c: ;   {runtime_call throw_class_cast_exception Runtime1 stub}
  0x0000024d769e147c: 24e8 7e42 

  0x0000024d769e1480: ; ImmutableOopMap {rax=Oop rsi=Oop [208]=Oop [216]=Oop [232]=Oop [240]=Oop [264]=Oop [272]=Oop [280]=Oop }
                      ;*checkcast {reexecute=0 rethrow=0 return_oop=0}
                      ; - org.springframework.beans.factory.support.AbstractBeanFactory::doGetBean@151 (line 276)
                      ;   {runtime_call throw_null_pointer_exception Runtime1 stub}
  0x0000024d769e1480: 5dff e8f9 

  0x0000024d769e1484: ; ImmutableOopMap {rax=Oop rsi=Oop rbx=Oop [208]=Oop [216]=Oop [232]=Oop [240]=Oop [264]=Oop [272]=Oop [280]=Oop }
                      ;*invokevirtual doGetBean {reexecute=0 rethrow=0 return_oop=0}
                      ; - org.springframework.beans.factory.support.AbstractBeanFactory::doGetBean@164 (line 277)
                      ;   {internal_word}
  0x0000024d769e1484: 195d ff49 | ba2c 069e | 764d 0200 | 004d 8997 | 6004 0000 

  0x0000024d769e1498: ;   {runtime_call SafepointBlob}
  0x0000024d769e1498: e963 4251 

  0x0000024d769e149c: ;   {internal_word}
  0x0000024d769e149c: ff49 bac4 | 069e 764d | 0200 004d | 8997 6004 

  0x0000024d769e14ac: ;   {runtime_call SafepointBlob}
  0x0000024d769e14ac: 0000 e94d | 4251 ff49 | b900 0000 | 0000 0000 | 00b8 000f 

  0x0000024d769e14c0: ;   {runtime_call load_appendix_patching Runtime1 stub}
  0x0000024d769e14c0: 050a e839 

  0x0000024d769e14c4: ; ImmutableOopMap {[208]=Oop [216]=Oop [232]=Oop [240]=Oop [264]=Oop [272]=Oop [280]=Oop [288]=Oop [296]=Oop [312]=Oop [504]=Oop [512]=Oop [520]=Oop }
                      ;*invokedynamic {reexecute=1 rethrow=0 return_oop=0}
                      ; - (reexecute) org.springframework.beans.factory.support.AbstractBeanFactory::doGetBean@390 (line 318)
  0x0000024d769e14c4: 6c5d ffe9 | 3cf2 ffff 

  0x0000024d769e14cc: ;   {runtime_call throw_null_pointer_exception Runtime1 stub}
  0x0000024d769e14cc: e8af 195d 

  0x0000024d769e14d0: ; ImmutableOopMap {rax=Oop r9=Oop [208]=Oop [216]=Oop [232]=Oop [240]=Oop [264]=Oop [272]=Oop [280]=Oop [288]=Oop [296]=Oop [312]=Oop [528]=Oop [536]=Oop [544]=Oop }
                      ;*invokevirtual getSimpleName {reexecute=0 rethrow=0 return_oop=0}
                      ; - org.springframework.beans.factory.support.AbstractBeanFactory::doGetBean@424 (line 327)
  0x0000024d769e14d0: ff48 be00 | 0000 0000 | 0000 00b8 | 000f 050a 

  0x0000024d769e14e0: ;   {runtime_call load_appendix_patching Runtime1 stub}
  0x0000024d769e14e0: e81b 6c5d 

  0x0000024d769e14e4: ; ImmutableOopMap {rax=Oop [208]=Oop [216]=Oop [232]=Oop [240]=Oop [264]=Oop [272]=Oop [280]=Oop [288]=Oop [296]=Oop [312]=Oop [528]=Oop [536]=Oop [544]=Oop [552]=Oop [560]=Oop }
                      ;*invokedynamic {reexecute=1 rethrow=0 return_oop=0}
                      ; - (reexecute) org.springframework.beans.factory.support.AbstractBeanFactory::doGetBean@434 (line 328)
  0x0000024d769e14e4: ffe9 3ef3 | ffff 49b9 | 0000 0000 | 0000 0000 | b800 0f05 

  0x0000024d769e14f8: ;   {runtime_call load_appendix_patching Runtime1 stub}
  0x0000024d769e14f8: 0ae8 026c 

  0x0000024d769e14fc: ; ImmutableOopMap {[208]=Oop [216]=Oop [232]=Oop [240]=Oop [264]=Oop [272]=Oop [280]=Oop [288]=Oop [296]=Oop [312]=Oop [568]=Oop [576]=Oop }
                      ;*invokedynamic {reexecute=1 rethrow=0 return_oop=0}
                      ; - (reexecute) org.springframework.beans.factory.support.AbstractBeanFactory::doGetBean@346 (line 310)
  0x0000024d769e14fc: 5dff e9ed | f3ff ff48 

  0x0000024d769e1504: ;   {runtime_call fast_new_instance Runtime1 stub}
  0x0000024d769e1504: 8bd2 e8f5 

  0x0000024d769e1508: ; ImmutableOopMap {[208]=Oop [216]=Oop [232]=Oop [240]=Oop [264]=Oop [272]=Oop [280]=Oop [288]=Oop [312]=Oop [376]=Oop [384]=Oop }
                      ;*new {reexecute=0 rethrow=0 return_oop=0}
                      ; - org.springframework.beans.factory.support.AbstractBeanFactory::doGetBean@612 (line 372)
  0x0000024d769e1508: 265d ffe9 | a4f4 ffff | 49b8 0000 | 0000 0000 | 0000 b800 

  0x0000024d769e151c: ;   {runtime_call load_appendix_patching Runtime1 stub}
  0x0000024d769e151c: 0f05 0ae8 

  0x0000024d769e1520: ; ImmutableOopMap {rax=Oop [208]=Oop [216]=Oop [232]=Oop [240]=Oop [264]=Oop [272]=Oop [280]=Oop [288]=Oop [312]=Oop [376]=Oop [384]=Oop }
                      ;*invokedynamic {reexecute=1 rethrow=0 return_oop=0}
                      ; - (reexecute) org.springframework.beans.factory.support.AbstractBeanFactory::doGetBean@618 (line 372)
  0x0000024d769e1520: dc6b 5dff | e98f f4ff | ff48 8bd2 

  0x0000024d769e152c: ;   {runtime_call fast_new_instance Runtime1 stub}
  0x0000024d769e152c: e8cf 265d 

  0x0000024d769e1530: ; ImmutableOopMap {[208]=Oop [216]=Oop [232]=Oop [240]=Oop [264]=Oop [272]=Oop [280]=Oop [288]=Oop [312]=Oop [376]=Oop }
                      ;*new {reexecute=0 rethrow=0 return_oop=0}
                      ; - org.springframework.beans.factory.support.AbstractBeanFactory::doGetBean@576 (line 368)
  0x0000024d769e1530: ffe9 36f5 | ffff 49b8 | 0000 0000 | 0000 0000 | b800 0f05 

  0x0000024d769e1544: ;   {runtime_call load_appendix_patching Runtime1 stub}
  0x0000024d769e1544: 0ae8 b66b 

  0x0000024d769e1548: ; ImmutableOopMap {rax=Oop [208]=Oop [216]=Oop [232]=Oop [240]=Oop [264]=Oop [272]=Oop [280]=Oop [288]=Oop [312]=Oop [376]=Oop }
                      ;*invokedynamic {reexecute=1 rethrow=0 return_oop=0}
                      ; - (reexecute) org.springframework.beans.factory.support.AbstractBeanFactory::doGetBean@582 (line 368)
  0x0000024d769e1548: 5dff e921 | f5ff ff48 

  0x0000024d769e1550: ;   {runtime_call fast_new_instance Runtime1 stub}
  0x0000024d769e1550: 8bd2 e8a9 

  0x0000024d769e1554: ; ImmutableOopMap {[208]=Oop [216]=Oop [232]=Oop [240]=Oop [264]=Oop [272]=Oop [280]=Oop }
                      ;*new {reexecute=0 rethrow=0 return_oop=0}
                      ; - java.util.Objects::requireNonNull@4 (line 233)
                      ; - org.springframework.beans.factory.support.AbstractBeanFactory::doGetBean@250 (line 300)
  0x0000024d769e1554: 265d ffe9 | ccf5 ffff 

  0x0000024d769e155c: ;   {runtime_call fast_new_instance Runtime1 stub}
  0x0000024d769e155c: 488b d2e8 

  0x0000024d769e1560: ; ImmutableOopMap {[208]=Oop [216]=Oop [232]=Oop [240]=Oop [264]=Oop [272]=Oop [280]=Oop }
                      ;*new {reexecute=0 rethrow=0 return_oop=0}
                      ; - org.springframework.util.Assert::notNull@4 (line 181)
                      ; - org.springframework.beans.factory.support.DefaultListableBeanFactory::containsBeanDefinition@3 (line 417)
                      ; - org.springframework.beans.factory.support.AbstractBeanFactory::doGetBean@128 (line 273)
  0x0000024d769e1560: 9c26 5dff | e953 f6ff 

  0x0000024d769e1568: ;   {runtime_call throw_null_pointer_exception Runtime1 stub}
  0x0000024d769e1568: ffe8 1219 

  0x0000024d769e156c: ; ImmutableOopMap {[208]=Oop [216]=Oop [232]=Oop [240]=Oop [264]=Oop [272]=Oop }
                      ;*new {reexecute=0 rethrow=0 return_oop=0}
                      ; - org.springframework.beans.factory.support.AbstractBeanFactory::doGetBean@104 (line 268)
  0x0000024d769e156c: 5dff 488b 

  0x0000024d769e1570: ;   {runtime_call fast_new_instance_init_check Runtime1 stub}
  0x0000024d769e1570: d2e8 8a29 

  0x0000024d769e1574: ; ImmutableOopMap {[208]=Oop [216]=Oop [232]=Oop [240]=Oop [264]=Oop [272]=Oop }
                      ;*new {reexecute=0 rethrow=0 return_oop=0}
                      ; - org.springframework.beans.factory.support.AbstractBeanFactory::doGetBean@104 (line 268)
  0x0000024d769e1574: 5dff e9ea 

  0x0000024d769e1578: ;   {runtime_call throw_null_pointer_exception Runtime1 stub}
  0x0000024d769e1578: f6ff ffe8 

  0x0000024d769e157c: ; ImmutableOopMap {r13=Oop r11=Oop [208]=Oop [216]=Oop [232]=Oop [240]=Oop [264]=Oop [272]=Oop [280]=Oop [288]=Oop [312]=Oop [376]=Oop [384]=Oop }
                      ;*new {reexecute=0 rethrow=0 return_oop=0}
                      ; - org.springframework.beans.factory.support.AbstractBeanFactory::doGetBean@667 (line 387)
  0x0000024d769e157c: 0019 5dff 

  0x0000024d769e1580: ;   {runtime_call fast_new_instance_init_check Runtime1 stub}
  0x0000024d769e1580: 488b d2e8 

  0x0000024d769e1584: ; ImmutableOopMap {r13=Oop r11=Oop [208]=Oop [216]=Oop [232]=Oop [240]=Oop [264]=Oop [272]=Oop [280]=Oop [288]=Oop [312]=Oop [376]=Oop [384]=Oop }
                      ;*new {reexecute=0 rethrow=0 return_oop=0}
                      ; - org.springframework.beans.factory.support.AbstractBeanFactory::doGetBean@667 (line 387)
  0x0000024d769e1584: 7829 5dff | e9a9 f7ff | ff48 8d84 | 24b0 0200 | 0048 8904 

  0x0000024d769e1598: ;   {runtime_call monitorexit_nofpu Runtime1 stub}
  0x0000024d769e1598: 24e8 6253 | 5dff e990 

  0x0000024d769e15a0: ;   {runtime_call throw_null_pointer_exception Runtime1 stub}
  0x0000024d769e15a0: f8ff ffe8 

  0x0000024d769e15a4: ; ImmutableOopMap {rax=Oop rdx=Oop [208]=Oop [216]=Oop [232]=Oop [240]=Oop [264]=Oop [280]=Oop [656]=Oop }
                      ;*invokevirtual toString {reexecute=0 rethrow=0 return_oop=0}
                      ; - org.springframework.beans.factory.support.AbstractBeanFactory::doGetBean@716 (line 392)
  0x0000024d769e15a4: d818 5dff 

  0x0000024d769e15a8: ;   {runtime_call throw_null_pointer_exception Runtime1 stub}
  0x0000024d769e15a8: e8d3 185d 

  0x0000024d769e15ac: ; ImmutableOopMap {rax=Oop [208]=Oop [216]=Oop [232]=Oop [240]=Oop [264]=Oop [280]=Oop [648]=Oop [656]=Oop }
                      ;*invokevirtual toString {reexecute=0 rethrow=0 return_oop=0}
                      ; - java.lang.String::valueOf@11 (line 4465)
                      ; - org.springframework.beans.factory.support.AbstractBeanFactory::doGetBean@735 (line 393)
                      ;   {runtime_call throw_null_pointer_exception Runtime1 stub}
  0x0000024d769e15ac: ffe8 ce18 

  0x0000024d769e15b0: ; ImmutableOopMap {rdx=Oop rsi=Oop [208]=Oop [216]=Oop [232]=Oop [240]=Oop [264]=Oop [280]=Oop [648]=Oop [656]=Oop }
                      ;*monitorenter {reexecute=0 rethrow=0 return_oop=0}
                      ; - org.springframework.beans.factory.support.AbstractBeanFactory::cleanupAfterBeanCreationFailure@6 (line 1807)
                      ; - org.springframework.beans.factory.support.AbstractBeanFactory::doGetBean@747 (line 394)
  0x0000024d769e15b0: 5dff 4889 | 7424 084c 

  0x0000024d769e15b8: ;   {runtime_call monitorenter_nofpu Runtime1 stub}
  0x0000024d769e15b8: 8904 24e8 

  0x0000024d769e15bc: ; ImmutableOopMap {rdx=Oop rsi=Oop [208]=Oop [216]=Oop [232]=Oop [240]=Oop [264]=Oop [280]=Oop [648]=Oop [656]=Oop [696]=Oop }
                      ;*monitorenter {reexecute=0 rethrow=0 return_oop=0}
                      ; - org.springframework.beans.factory.support.AbstractBeanFactory::cleanupAfterBeanCreationFailure@6 (line 1807)
                      ; - org.springframework.beans.factory.support.AbstractBeanFactory::doGetBean@747 (line 394)
  0x0000024d769e15bc: 404d 5dff | e956 f9ff | ff48 8d84 | 24b0 0200 | 0048 8904 

  0x0000024d769e15d0: ;   {runtime_call monitorexit_nofpu Runtime1 stub}
  0x0000024d769e15d0: 24e8 2a53 | 5dff e9a3 | f9ff ff48 | 8d84 24b0 | 0200 0048 

  0x0000024d769e15e4: ;   {runtime_call monitorexit_nofpu Runtime1 stub}
  0x0000024d769e15e4: 8904 24e8 | 1453 5dff | e9ed f9ff | ff48 8904 

  0x0000024d769e15f4: ;   {runtime_call throw_class_cast_exception Runtime1 stub}
  0x0000024d769e15f4: 24e8 0641 

  0x0000024d769e15f8: ; ImmutableOopMap {[208]=Oop [216]=Oop [232]=Oop [240]=Oop [264]=Oop [280]=Oop [672]=Oop [680]=Oop }
                      ;*checkcast {reexecute=0 rethrow=0 return_oop=0}
                      ; - org.springframework.beans.factory.support.AbstractBeanFactory::clearMergedBeanDefinition@10 (line 1537)
                      ; - org.springframework.beans.factory.support.DefaultListableBeanFactory::clearMergedBeanDefinition@2 (line 992)
                      ; - org.springframework.beans.factory.support.AbstractBeanFactory::doGetBean@772 (line 400)
                      ;   {runtime_call throw_null_pointer_exception Runtime1 stub}
  0x0000024d769e15f8: 5dff e881 

  0x0000024d769e15fc: ; ImmutableOopMap {r8=Oop [208]=Oop [216]=Oop [232]=Oop [240]=Oop [264]=Oop [280]=Oop [672]=Oop [680]=Oop }
                      ;*putfield stale {reexecute=1 rethrow=0 return_oop=0}
                      ; - (reexecute) org.springframework.beans.factory.support.AbstractBeanFactory::clearMergedBeanDefinition@20 (line 1539)
                      ; - org.springframework.beans.factory.support.DefaultListableBeanFactory::clearMergedBeanDefinition@2 (line 992)
                      ; - org.springframework.beans.factory.support.AbstractBeanFactory::doGetBean@772 (line 400)
                      ;   {runtime_call throw_null_pointer_exception Runtime1 stub}
  0x0000024d769e15fc: 185d ffe8 

  0x0000024d769e1600: ; ImmutableOopMap {rax=Oop [208]=Oop [216]=Oop [232]=Oop [240]=Oop [264]=Oop [272]=Oop [280]=Oop }
                      ;*invokestatic linkToSpecial {reexecute=0 rethrow=0 return_oop=0}
                      ; - java.lang.invoke.DirectMethodHandle$Holder::newInvokeSpecial@16
                      ; - java.lang.invoke.Invokers$Holder::linkToTargetMethod@5
                      ; - org.springframework.beans.factory.support.AbstractBeanFactory::doGetBean@254 (line 300)
  0x0000024d769e1600: 7c18 5dff 

  0x0000024d769e1604: ;   {runtime_call throw_null_pointer_exception Runtime1 stub}
  0x0000024d769e1604: e877 185d 

  0x0000024d769e1608: ; ImmutableOopMap {rax=Oop [208]=Oop [216]=Oop [232]=Oop [240]=Oop [264]=Oop [272]=Oop [280]=Oop [288]=Oop [312]=Oop }
                      ;*invokestatic linkToSpecial {reexecute=0 rethrow=0 return_oop=0}
                      ; - java.lang.invoke.LambdaForm$DMH/0x0000024d03180c00::newInvokeSpecial@24
                      ; - java.lang.invoke.Invokers$Holder::linkToTargetMethod@9
                      ; - org.springframework.beans.factory.support.AbstractBeanFactory::doGetBean@471 (line 337)
  0x0000024d769e1608: ff48 ffb4 | 2410 0100 | 0048 8f84 | 2490 0200 | 00e9 28f8 | ffff 48ff | b424 1001 | 0000 488f 
  0x0000024d769e1628: 8424 a802 | 0000 e9be | f9ff ff48 | ffb4 2410 | 0100 0048 | 8f84 2490 | 0200 00e9 | fef7 ffff 
  0x0000024d769e1648: 48ff b424 | 1001 0000 | 488f 8424 | a802 0000 | e994 f9ff | ff48 ffb4 | 2410 0100 | 0048 8f84 
  0x0000024d769e1668: 2490 0200 | 00e9 d4f7 | ffff 48ff | b424 1001 | 0000 488f | 8424 a802 | 0000 e96a | f9ff ff4c 
  0x0000024d769e1688: 8bb4 2440 | 0100 004c | 8bac 2428 | 0100 008b | 8c24 e400 | 0000 4c8b | 8424 1001 | 0000 e929 
  0x0000024d769e16a8: f7ff ff48 | ffb4 2410 | 0100 0048 | 8f84 2490 | 0200 00e9 | 86f7 ffff | 48ff b424 | 1001 0000 
  0x0000024d769e16c8: 488f 8424 | a802 0000 | e91c f9ff | ff48 ffb4 | 2410 0100 | 0048 8f84 | 2490 0200 | 00e9 5cf7 
  0x0000024d769e16e8: ffff 48ff | b424 1001 | 0000 488f | 8424 a802 | 0000 e9f2 | f8ff ff48 

  0x0000024d769e1700: ;   {no_reloc}
  0x0000024d769e1700: ffb4 2410 | 0100 0048 | 8f84 2490 | 0200 00e9 | 32f7 ffff | 48ff b424 | 1001 0000 | 488f 8424 
  0x0000024d769e1720: a802 0000 | e9c8 f8ff | ff48 ffb4 | 2410 0100 | 0048 8f84 | 2490 0200 | 00e9 08f7 | ffff 48ff 
  0x0000024d769e1740: b424 1001 | 0000 488f | 8424 a802 | 0000 e99e | f8ff ff48 | ffb4 2410 | 0100 0048 | 8f84 2490 
  0x0000024d769e1760: 0200 00e9 | def6 ffff | 48ff b424 | 1001 0000 | 488f 8424 | a802 0000 | e974 f8ff | ff48 ffb4 
  0x0000024d769e1780: 2410 0100 | 0048 8f84 | 2490 0200 | 00e9 b4f6 | ffff 48ff | b424 1001 | 0000 488f | 8424 a802 
  0x0000024d769e17a0: 0000 e94a | f8ff ff48 | ffb4 2448 | 0100 0048 | 8f84 2490 | 0200 00e9 | 8af6 ffff | 48ff b424 
  0x0000024d769e17c0: 4801 0000 | 488f 8424 | a802 0000 | e920 f8ff | ff48 ffb4 | 2448 0100 | 0048 8f84 | 2490 0200 
  0x0000024d769e17e0: 00e9 60f6 | ffff 48ff | b424 4801 | 0000 488f | 8424 a802 | 0000 e9f6 | f7ff ff48 | ffb4 2448 
  0x0000024d769e1800: ;   {no_reloc}
  0x0000024d769e1800: 0100 0048 | 8f84 2490 | 0200 00e9 | 36f6 ffff | 48ff b424 | 4801 0000 | 488f 8424 | a802 0000 
  0x0000024d769e1820: e9cc f7ff | ff48 ffb4 | 2410 0100 | 0048 8f84 | 2490 0200 | 00e9 0cf6 | ffff 48ff | b424 1001 
  0x0000024d769e1840: 0000 488f | 8424 a802 | 0000 e9a2 | f7ff ff48 | ffb4 2410 | 0100 0048 | 8f84 2490 | 0200 00e9 
  0x0000024d769e1860: e2f5 ffff | 48ff b424 | 1001 0000 | 488f 8424 | a802 0000 | e978 f7ff | ff48 ffb4 | 2410 0100 
  0x0000024d769e1880: 0048 8f84 | 2490 0200 | 00e9 b8f5 | ffff 48ff | b424 1001 | 0000 488f | 8424 a802 | 0000 e94e 
  0x0000024d769e18a0: f7ff ff48 | ffb4 2410 | 0100 0048 | 8f84 2490 | 0200 00e9 | 8ef5 ffff | 48ff b424 | 1001 0000 
  0x0000024d769e18c0: 488f 8424 | a802 0000 | e924 f7ff | ff48 ffb4 | 2410 0100 | 0048 8f84 | 2490 0200 | 00e9 64f5 
  0x0000024d769e18e0: ffff 48ff | b424 1001 | 0000 488f | 8424 a802 | 0000 e9fa | f6ff ff48 | ffb4 2410 | 0100 0048 
  0x0000024d769e1900: ;   {no_reloc}
  0x0000024d769e1900: 8f84 2490 | 0200 00e9 | 3af5 ffff | 48ff b424 | 1001 0000 | 488f 8424 | a802 0000 | e9d0 f6ff 
  0x0000024d769e1920: ff48 ffb4 | 2410 0100 | 0048 8f84 | 2490 0200 | 00e9 10f5 | ffff 48ff | b424 1001 | 0000 488f 
  0x0000024d769e1940: 8424 a802 | 0000 e9a6 | f6ff ff48 | ffb4 2410 | 0100 0048 | 8f84 2490 | 0200 00e9 | e6f4 ffff 
  0x0000024d769e1960: 48ff b424 | 1001 0000 | 488f 8424 | a802 0000 | e97c f6ff | ff48 ffb4 | 2410 0100 | 0048 8f84 
  0x0000024d769e1980: 2490 0200 | 00e9 bcf4 | ffff 48ff | b424 1001 | 0000 488f | 8424 a802 | 0000 e952 | f6ff ff48 
  0x0000024d769e19a0: ffb4 2410 | 0100 0048 | 8f84 2490 | 0200 00e9 | 92f4 ffff | 48ff b424 | 1001 0000 | 488f 8424 
  0x0000024d769e19c0: a802 0000 | e928 f6ff | ff48 ffb4 | 2410 0100 | 0048 8f84 | 2490 0200 | 00e9 68f4 | ffff 48ff 
  0x0000024d769e19e0: b424 1001 | 0000 488f | 8424 a802 | 0000 e9fe | f5ff ff48 | ffb4 2410 | 0100 0048 | 8f84 2490 
  0x0000024d769e1a00: ;   {no_reloc}
  0x0000024d769e1a00: 0200 00e9 | 3ef4 ffff | 48ff b424 | 1001 0000 | 488f 8424 | a802 0000 | e9d4 f5ff | ff48 ffb4 
  0x0000024d769e1a20: 2410 0100 | 0048 8f84 | 2490 0200 | 00e9 14f4 | ffff 48ff | b424 1001 | 0000 488f | 8424 a802 
  0x0000024d769e1a40: 0000 e9aa | f5ff ff48 | ffb4 2410 | 0100 0048 | 8f84 2490 | 0200 00e9 | eaf3 ffff | 48ff b424 
  0x0000024d769e1a60: 1001 0000 | 488f 8424 | a802 0000 | e980 f5ff | ff48 ffb4 | 2410 0100 | 0048 8f84 | 2490 0200 
  0x0000024d769e1a80: 00e9 c0f3 | ffff 48ff | b424 1001 | 0000 488f | 8424 a802 | 0000 e956 | f5ff ff48 | ffb4 2410 
  0x0000024d769e1aa0: 0100 0048 | 8f84 2490 | 0200 00e9 | 96f3 ffff | 48ff b424 | 1001 0000 | 488f 8424 | a802 0000 
  0x0000024d769e1ac0: e92c f5ff | ff48 ffb4 | 2410 0100 | 0048 8f84 | 2490 0200 | 00e9 6cf3 | ffff 48ff | b424 1001 
  0x0000024d769e1ae0: 0000 488f | 8424 a802 | 0000 e902 | f5ff ff48 | ffb4 2410 | 0100 0048 | 8f84 2490 

  0x0000024d769e1afc: ;   {no_reloc}
  0x0000024d769e1afc: 0200 00e9 | 42f3 ffff | 48ff b424 | 1001 0000 | 488f 8424 | a802 0000 | e9d8 f4ff | ff48 ffb4 
  0x0000024d769e1b1c: 2410 0100 | 0048 8f84 | 2490 0200 | 00e9 18f3 | ffff 48ff | b424 1001 | 0000 488f | 8424 a802 
  0x0000024d769e1b3c: 0000 e9ae | f4ff ff48 | ffb4 2410 | 0100 0048 | 8f84 2490 | 0200 00e9 | eef2 ffff | 48ff b424 
  0x0000024d769e1b5c: 1001 0000 | 488f 8424 | a802 0000 | e984 f4ff | ff48 ffb4 | 2410 0100 | 0048 8f84 | 2490 0200 
  0x0000024d769e1b7c: 00e9 c4f2 | ffff 48ff | b424 1001 | 0000 488f | 8424 a802 | 0000 e95a | f4ff ff48 | ffb4 2410 
  0x0000024d769e1b9c: 0100 0048 | 8f84 2490 | 0200 00e9 | 9af2 ffff | 48ff b424 | 1001 0000 | 488f 8424 | a802 0000 
  0x0000024d769e1bbc: e930 f4ff | ff48 ffb4 | 2410 0100 | 0048 8f84 | 2490 0200 | 00e9 70f2 | ffff 48ff | b424 1001 
  0x0000024d769e1bdc: 0000 488f | 8424 a802 | 0000 e906 | f4ff ff48 | ffb4 2410 | 0100 0048 | 8f84 2490 | 0200 00e9 
  0x0000024d769e1bfc: ;   {no_reloc}
  0x0000024d769e1bfc: 46f2 ffff | 48ff b424 | 1001 0000 | 488f 8424 | a802 0000 | e9dc f3ff | ff48 ffb4 | 2410 0100 
  0x0000024d769e1c1c: 0048 8f84 | 2490 0200 | 00e9 1cf2 | ffff 48ff | b424 1001 | 0000 488f | 8424 a802 | 0000 e9b2 
  0x0000024d769e1c3c: f3ff ff48 | ffb4 2410 | 0100 0048 | 8f84 2490 | 0200 00e9 | f2f1 ffff | 48ff b424 | 1001 0000 
  0x0000024d769e1c5c: 488f 8424 | a802 0000 | e988 f3ff | ff48 ffb4 | 2410 0100 | 0048 8f84 | 2490 0200 | 00e9 c8f1 
  0x0000024d769e1c7c: ffff 48ff | b424 1001 | 0000 488f | 8424 a802 | 0000 e95e | f3ff ff48 | ffb4 2410 | 0100 0048 
  0x0000024d769e1c9c: 8f84 2490 | 0200 00e9 | 9ef1 ffff | 48ff b424 | 1001 0000 | 488f 8424 | a802 0000 | e934 f3ff 
  0x0000024d769e1cbc: ff48 ffb4 | 2410 0100 | 0048 8f84 | 2490 0200 | 00e9 74f1 | ffff 48ff | b424 1001 | 0000 488f 
  0x0000024d769e1cdc: 8424 a802 | 0000 e90a | f3ff ff48 | ffb4 2410 | 0100 0048 | 8f84 2490 | 0200 00e9 | 4af1 ffff 
  0x0000024d769e1cfc: ;   {no_reloc}
  0x0000024d769e1cfc: 48ff b424 | 1001 0000 | 488f 8424 | a802 0000 | e9e0 f2ff | ff48 ffb4 | 2410 0100 | 0048 8f84 
  0x0000024d769e1d1c: 2490 0200 | 00e9 20f1 | ffff 48ff | b424 1001 | 0000 488f | 8424 a802 | 0000 e9b6 | f2ff ff48 
  0x0000024d769e1d3c: ffb4 2410 | 0100 0048 | 8f84 2490 | 0200 00e9 | f6f0 ffff | 48ff b424 | 1001 0000 | 488f 8424 
  0x0000024d769e1d5c: a802 0000 | e98c f2ff | ff48 ffb4 | 2410 0100 | 0048 8f84 | 2490 0200 | 00e9 ccf0 | ffff 48ff 
  0x0000024d769e1d7c: b424 1001 | 0000 488f | 8424 a802 | 0000 e962 | f2ff ff48 | ffb4 2410 | 0100 0048 | 8f84 2490 
  0x0000024d769e1d9c: 0200 00e9 | a2f0 ffff | 48ff b424 | 1001 0000 | 488f 8424 | a802 0000 | e938 f2ff | ff48 ffb4 
  0x0000024d769e1dbc: 2410 0100 | 0048 8f84 | 2490 0200 | 00e9 78f0 | ffff 48ff | b424 1001 | 0000 488f | 8424 a802 
  0x0000024d769e1ddc: 0000 e90e | f2ff ff48 | ffb4 2410 | 0100 0048 | 8f84 2490 | 0200 00e9 | 4ef0 ffff | 48ff b424 
  0x0000024d769e1dfc: ;   {no_reloc}
  0x0000024d769e1dfc: 1001 0000 | 488f 8424 | a802 0000 | e9e4 f1ff | ff48 ffb4 | 2410 0100 | 0048 8f84 | 2490 0200 
  0x0000024d769e1e1c: 00e9 24f0 | ffff 48ff | b424 1001 | 0000 488f | 8424 a802 | 0000 e9ba | f1ff ff48 | ffb4 2410 
  0x0000024d769e1e3c: 0100 0048 | 8f84 2490 | 0200 00e9 | faef ffff | 48ff b424 | 1001 0000 | 488f 8424 | a802 0000 
  0x0000024d769e1e5c: e990 f1ff | ff48 ffb4 | 2410 0100 | 0048 8f84 | 2490 0200 | 00e9 d0ef | ffff 48ff | b424 1001 
  0x0000024d769e1e7c: 0000 488f | 8424 a802 | 0000 e966 | f1ff ff4c | 8984 2490 | 0200 00e9 | aeef ffff | 4c89 8424 
  0x0000024d769e1e9c: a802 0000 | e94c f1ff | ff48 ffb4 | 2490 0200 | 0048 8f84 | 24a8 0200 | 00e9 37f1 | ffff 48ff 
  0x0000024d769e1ebc: b424 9002 | 0000 488f | 8424 a802 | 0000 e922 | f1ff ff48 | 8bb4 2498 | 0200 0048 | 8bbc 2488 
  0x0000024d769e1edc: 0200 004c | 8b84 2490 | 0200 00e9 | aaf0 ffff | 48ff b424 | 9002 0000 | 488f 8424 

  0x0000024d769e1ef8: ;   {no_reloc}
  0x0000024d769e1ef8: a802 0000 | e9f0 f0ff | ff4c 8984 | 24a8 0200 | 00e9 e3f0 | ffff 48ff | b424 1001 | 0000 488f 
  0x0000024d769e1f18: 8424 9002 | 0000 e923 | efff ff48 | ffb4 2410 | 0100 0048 | 8f84 24a8 | 0200 00e9 | b9f0 ffff 
  0x0000024d769e1f38: 48ff b424 | 1001 0000 | 488f 8424 | 9002 0000 | e9f9 eeff | ff48 ffb4 | 2410 0100 | 0048 8f84 
  0x0000024d769e1f58: 24a8 0200 | 00e9 8ff0 | ffff 48ff | b424 1001 | 0000 488f | 8424 9002 | 0000 e9cf | eeff ff48 
  0x0000024d769e1f78: ffb4 2410 | 0100 0048 | 8f84 24a8 | 0200 00e9 | 65f0 ffff | 48ff b424 | 1001 0000 | 488f 8424 
  0x0000024d769e1f98: 9002 0000 | 4c89 9c24 | 0801 0000 | e99d eeff | ff48 ffb4 | 2410 0100 | 0048 8f84 | 24a8 0200 
  0x0000024d769e1fb8: 004c 899c | 2408 0100 | 00e9 2bf0 | ffff 48ff | b424 1001 | 0000 488f | 8424 9002 | 0000 e96b 
  0x0000024d769e1fd8: eeff ff48 | ffb4 2410 | 0100 0048 | 8f84 24a8 | 0200 00e9 | 01f0 ffff | 4889 8424 | 9002 0000 
  0x0000024d769e1ff8: ;   {no_reloc}
  0x0000024d769e1ff8: e949 eeff | ff48 8984 | 24a8 0200 | 00e9 e7ef | ffff 48ff | b424 4801 | 0000 488f | 8424 9002 
  0x0000024d769e2018: 0000 e927 | eeff ff48 | ffb4 2448 | 0100 0048 | 8f84 24a8 | 0200 00e9 | bdef ffff | 48ff b424 
  0x0000024d769e2038: 1001 0000 | 488f 8424 | 9002 0000 | e9fd edff | ff48 ffb4 | 2410 0100 | 0048 8f84 | 24a8 0200 
  0x0000024d769e2058: 00e9 93ef | ffff 48ff | b424 1001 | 0000 488f | 8424 9002 | 0000 e9d3 | edff ff48 | ffb4 2410 
  0x0000024d769e2078: 0100 0048 | 8f84 24a8 | 0200 00e9 | 69ef ffff | 48ff b424 | 1001 0000 | 488f 8424 | 9002 0000 
  0x0000024d769e2098: e9a9 edff | ff48 ffb4 | 2410 0100 | 0048 8f84 | 24a8 0200 | 00e9 3fef | ffff 48ff | b424 1001 
  0x0000024d769e20b8: 0000 488f | 8424 9002 | 0000 e97f | edff ff48 | ffb4 2410 | 0100 0048 | 8f84 24a8 | 0200 00e9 
  0x0000024d769e20d8: 15ef ffff | 48ff b424 | 1001 0000 | 488f 8424 | 9002 0000 | e955 edff | ff48 ffb4 | 2410 0100 
  0x0000024d769e20f8: ;   {no_reloc}
  0x0000024d769e20f8: 0048 8f84 | 24a8 0200 | 00e9 ebee | ffff 48ff | b424 1001 | 0000 488f | 8424 9002 | 0000 e92b 
  0x0000024d769e2118: edff ff48 | ffb4 2410 | 0100 0048 | 8f84 24a8 | 0200 00e9 | c1ee ffff | 48ff b424 | 1001 0000 
  0x0000024d769e2138: 488f 8424 | 9002 0000 | e901 edff | ff48 ffb4 | 2410 0100 | 0048 8f84 | 24a8 0200 | 00e9 97ee 
  0x0000024d769e2158: ffff 48ff | b424 1001 | 0000 488f | 8424 9002 | 0000 e9d7 | ecff ff48 | ffb4 2410 | 0100 0048 
  0x0000024d769e2178: 8f84 24a8 | 0200 00e9 | 6dee ffff | 48ff b424 | 1001 0000 | 488f 8424 | 9002 0000 | e9ad ecff 
  0x0000024d769e2198: ff48 ffb4 | 2410 0100 | 0048 8f84 | 24a8 0200 | 00e9 43ee | ffff 48ff | b424 1001 | 0000 488f 
  0x0000024d769e21b8: 8424 9002 | 0000 e983 | ecff ff48 | ffb4 2410 | 0100 0048 | 8f84 24a8 | 0200 00e9 | 19ee ffff 
  0x0000024d769e21d8: 48ff b424 | 1001 0000 | 488f 8424 | 9002 0000 | e959 ecff | ff48 ffb4 | 2410 0100 | 0048 8f84 
  0x0000024d769e21f8: ;   {no_reloc}
  0x0000024d769e21f8: 24a8 0200 | 00e9 efed | ffff 48ff | b424 1001 | 0000 488f | 8424 9002 | 0000 e92f | ecff ff48 
  0x0000024d769e2218: ffb4 2410 | 0100 0048 | 8f84 24a8 | 0200 00e9 | c5ed ffff | 48ff b424 | 1001 0000 | 488f 8424 
  0x0000024d769e2238: 9002 0000 | e905 ecff | ff48 ffb4 | 2410 0100 | 0048 8f84 | 24a8 0200 | 00e9 9bed | ffff 48ff 
  0x0000024d769e2258: b424 1001 | 0000 488f | 8424 9002 | 0000 e9db | ebff ff48 | ffb4 2410 | 0100 0048 | 8f84 24a8 
  0x0000024d769e2278: 0200 00e9 | 71ed ffff | 48ff b424 | 1001 0000 | 488f 8424 | 9002 0000 | e9b1 ebff | ff48 ffb4 
  0x0000024d769e2298: 2410 0100 | 0048 8f84 | 24a8 0200 | 00e9 47ed | ffff 48ff | b424 1001 | 0000 488f | 8424 9002 
  0x0000024d769e22b8: 0000 e987 | ebff ff48 | ffb4 2410 | 0100 0048 | 8f84 24a8 | 0200 00e9 | 1ded ffff | 48ff b424 
  0x0000024d769e22d8: 1001 0000 | 488f 8424 | 9002 0000 | e95d ebff | ff48 ffb4 | 2410 0100 | 0048 8f84 

  0x0000024d769e22f4: ;   {no_reloc}
  0x0000024d769e22f4: 24a8 0200 | 00e9 f3ec | ffff 48ff | b424 1001 | 0000 488f | 8424 9002 | 0000 e933 | ebff ff48 
  0x0000024d769e2314: ffb4 2410 | 0100 0048 | 8f84 24a8 | 0200 00e9 | c9ec ffff | 48ff b424 | 1001 0000 | 488f 8424 
  0x0000024d769e2334: 9002 0000 | e909 ebff | ff48 ffb4 | 2410 0100 | 0048 8f84 | 24a8 0200 | 00e9 9fec | ffff 48ff 
  0x0000024d769e2354: b424 1001 | 0000 488f | 8424 9002 | 0000 e9df | eaff ff48 | ffb4 2410 | 0100 0048 | 8f84 24a8 
  0x0000024d769e2374: 0200 00e9 | 75ec ffff | 48ff b424 | 1001 0000 | 488f 8424 | 9002 0000 | e9b5 eaff | ff48 ffb4 
  0x0000024d769e2394: 2410 0100 | 0048 8f84 | 24a8 0200 | 00e9 4bec | ffff 48ff | b424 9002 | 0000 488f | 8424 a802 
  0x0000024d769e23b4: 0000 e936 | ecff ff48 | ffb4 2490 | 0200 0048 | 8f84 24a8 | 0200 00e9 | 21ec ffff | 48ff b424 
  0x0000024d769e23d4: 9002 0000 | 488f 8424 | a802 0000 | e90c ecff | ff48 ffb4 | 2410 0100 | 0048 8f84 | 2490 0200 
  0x0000024d769e23f4: ;   {no_reloc}
  0x0000024d769e23f4: 00e9 4cea | ffff 48ff | b424 1001 | 0000 488f | 8424 a802 | 0000 e9e2 | ebff ff48 | ffb4 2410 
  0x0000024d769e2414: 0100 0048 | 8f84 2490 | 0200 00e9 | 22ea ffff | 48ff b424 | 1001 0000 | 488f 8424 | a802 0000 
  0x0000024d769e2434: e9b8 ebff | ff49 8b87 | f804 0000 | 49c7 87f8 | 0400 0000 | 0000 0049 | c787 0005 | 0000 0000 
  0x0000024d769e2454: 0000 4881 | c4d0 0200 

  0x0000024d769e245c: ;   {runtime_call unwind_exception Runtime1 stub}
  0x0000024d769e245c: 005d e99d | f15c fff4 | f4f4 f4f4 
[Stub Code]
  0x0000024d769e2468: ;   {no_reloc}
  0x0000024d769e2468: 0f1f 4400 

  0x0000024d769e246c: ;   {static_stub}
  0x0000024d769e246c: 0048 bb00 | 0000 0000 

  0x0000024d769e2474: ;   {runtime_call}
  0x0000024d769e2474: 0000 00e9 | fbff ffff 

  0x0000024d769e247c: ;   {static_stub}
  0x0000024d769e247c: 9048 bb00 | 0000 0000 

  0x0000024d769e2484: ;   {runtime_call}
  0x0000024d769e2484: 0000 00e9 | fbff ffff 

  0x0000024d769e248c: ;   {static_stub}
  0x0000024d769e248c: 9048 bbc8 | 2d0f 444d 

  0x0000024d769e2494: ;   {runtime_call I2C/C2I adapters}
  0x0000024d769e2494: 0200 00e9 | 4b1d 51ff 

  0x0000024d769e249c: ;   {static_stub}
  0x0000024d769e249c: 9048 bb00 | 0000 0000 

  0x0000024d769e24a4: ;   {runtime_call}
  0x0000024d769e24a4: 0000 00e9 | fbff ffff 

  0x0000024d769e24ac: ;   {static_stub}
  0x0000024d769e24ac: 9048 bbe0 | 4f0f 444d 

  0x0000024d769e24b4: ;   {runtime_call I2C/C2I adapters}
  0x0000024d769e24b4: 0200 00e9 | 2b1d 51ff 

  0x0000024d769e24bc: ;   {static_stub}
  0x0000024d769e24bc: 9048 bb00 | 0000 0000 

  0x0000024d769e24c4: ;   {runtime_call}
  0x0000024d769e24c4: 0000 00e9 | fbff ffff 

  0x0000024d769e24cc: ;   {static_stub}
  0x0000024d769e24cc: 9048 bbd8 | 2a0d 444d 

  0x0000024d769e24d4: ;   {runtime_call I2C/C2I adapters}
  0x0000024d769e24d4: 0200 00e9 | 93fa 4fff 

  0x0000024d769e24dc: ;   {static_stub}
  0x0000024d769e24dc: 9048 bb88 | b30f 444d 

  0x0000024d769e24e4: ;   {runtime_call I2C/C2I adapters}
  0x0000024d769e24e4: 0200 00e9 | 7f88 50ff 

  0x0000024d769e24ec: ;   {static_stub}
  0x0000024d769e24ec: 9048 bb00 | 0000 0000 

  0x0000024d769e24f4: ;   {runtime_call}
  0x0000024d769e24f4: 0000 00e9 | fbff ffff 

  0x0000024d769e24fc: ;   {static_stub}
  0x0000024d769e24fc: 9048 bb00 | a30f 444d 

  0x0000024d769e2504: ;   {runtime_call I2C/C2I adapters}
  0x0000024d769e2504: 0200 00e9 | 5f88 50ff 

  0x0000024d769e250c: ;   {static_stub}
  0x0000024d769e250c: 9048 bb00 | 0000 0000 

  0x0000024d769e2514: ;   {runtime_call}
  0x0000024d769e2514: 0000 00e9 | fbff ffff 

  0x0000024d769e251c: ;   {static_stub}
  0x0000024d769e251c: 9048 bb00 | 0000 0000 

  0x0000024d769e2524: ;   {runtime_call}
  0x0000024d769e2524: 0000 00e9 | fbff ffff 

  0x0000024d769e252c: ;   {static_stub}
  0x0000024d769e252c: 9048 bb00 | 0000 0000 

  0x0000024d769e2534: ;   {runtime_call}
  0x0000024d769e2534: 0000 00e9 | fbff ffff 

  0x0000024d769e253c: ;   {static_stub}
  0x0000024d769e253c: 9048 bb00 | 0000 0000 

  0x0000024d769e2544: ;   {runtime_call}
  0x0000024d769e2544: 0000 00e9 | fbff ffff 

  0x0000024d769e254c: ;   {static_stub}
  0x0000024d769e254c: 9048 bb00 | 0000 0000 

  0x0000024d769e2554: ;   {runtime_call}
  0x0000024d769e2554: 0000 00e9 | fbff ffff 

  0x0000024d769e255c: ;   {static_stub}
  0x0000024d769e255c: 9048 bb00 | 0000 0000 

  0x0000024d769e2564: ;   {runtime_call}
  0x0000024d769e2564: 0000 00e9 | fbff ffff 

  0x0000024d769e256c: ;   {static_stub}
  0x0000024d769e256c: 9048 bb00 | 0000 0000 

  0x0000024d769e2574: ;   {runtime_call}
  0x0000024d769e2574: 0000 00e9 | fbff ffff 

  0x0000024d769e257c: ;   {static_stub}
  0x0000024d769e257c: 9048 bb00 | 0000 0000 

  0x0000024d769e2584: ;   {runtime_call}
  0x0000024d769e2584: 0000 00e9 | fbff ffff 

  0x0000024d769e258c: ;   {static_stub}
  0x0000024d769e258c: 9048 bb00 | 0000 0000 

  0x0000024d769e2594: ;   {runtime_call}
  0x0000024d769e2594: 0000 00e9 | fbff ffff 

  0x0000024d769e259c: ;   {static_stub}
  0x0000024d769e259c: 9048 bb00 | 0000 0000 

  0x0000024d769e25a4: ;   {runtime_call}
  0x0000024d769e25a4: 0000 00e9 | fbff ffff 

  0x0000024d769e25ac: ;   {static_stub}
  0x0000024d769e25ac: 9048 bb00 | 0000 0000 

  0x0000024d769e25b4: ;   {runtime_call}
  0x0000024d769e25b4: 0000 00e9 | fbff ffff 

  0x0000024d769e25bc: ;   {static_stub}
  0x0000024d769e25bc: 9048 bb00 | 0000 0000 

  0x0000024d769e25c4: ;   {runtime_call}
  0x0000024d769e25c4: 0000 00e9 | fbff ffff 

  0x0000024d769e25cc: ;   {static_stub}
  0x0000024d769e25cc: 9048 bb00 | 0000 0000 

  0x0000024d769e25d4: ;   {runtime_call}
  0x0000024d769e25d4: 0000 00e9 | fbff ffff 

  0x0000024d769e25dc: ;   {static_stub}
  0x0000024d769e25dc: 9048 bb00 | 0000 0000 

  0x0000024d769e25e4: ;   {runtime_call}
  0x0000024d769e25e4: 0000 00e9 | fbff ffff 

  0x0000024d769e25ec: ;   {static_stub}
  0x0000024d769e25ec: 9048 bb00 | 0000 0000 

  0x0000024d769e25f4: ;   {runtime_call}
  0x0000024d769e25f4: 0000 00e9 | fbff ffff 

  0x0000024d769e25fc: ;   {static_stub}
  0x0000024d769e25fc: 9048 bb00 | 0000 0000 

  0x0000024d769e2604: ;   {runtime_call}
  0x0000024d769e2604: 0000 00e9 | fbff ffff 

  0x0000024d769e260c: ;   {static_stub}
  0x0000024d769e260c: 9048 bb00 | 0000 0000 

  0x0000024d769e2614: ;   {runtime_call}
  0x0000024d769e2614: 0000 00e9 | fbff ffff 

  0x0000024d769e261c: ;   {static_stub}
  0x0000024d769e261c: 9048 bb00 | 0000 0000 

  0x0000024d769e2624: ;   {runtime_call}
  0x0000024d769e2624: 0000 00e9 | fbff ffff 

  0x0000024d769e262c: ;   {static_stub}
  0x0000024d769e262c: 9048 bb00 | 0000 0000 

  0x0000024d769e2634: ;   {runtime_call}
  0x0000024d769e2634: 0000 00e9 | fbff ffff 

  0x0000024d769e263c: ;   {static_stub}
  0x0000024d769e263c: 9048 bb00 | 0000 0000 

  0x0000024d769e2644: ;   {runtime_call}
  0x0000024d769e2644: 0000 00e9 | fbff ffff 

  0x0000024d769e264c: ;   {static_stub}
  0x0000024d769e264c: 9048 bb00 | 0000 0000 

  0x0000024d769e2654: ;   {runtime_call}
  0x0000024d769e2654: 0000 00e9 | fbff ffff 

  0x0000024d769e265c: ;   {static_stub}
  0x0000024d769e265c: 9048 bb00 | 0000 0000 

  0x0000024d769e2664: ;   {runtime_call}
  0x0000024d769e2664: 0000 00e9 | fbff ffff 

  0x0000024d769e266c: ;   {static_stub}
  0x0000024d769e266c: 9048 bb00 | 0000 0000 

  0x0000024d769e2674: ;   {runtime_call}
  0x0000024d769e2674: 0000 00e9 | fbff ffff 

  0x0000024d769e267c: ;   {static_stub}
  0x0000024d769e267c: 9048 bb00 | 0000 0000 

  0x0000024d769e2684: ;   {runtime_call}
  0x0000024d769e2684: 0000 00e9 | fbff ffff 

  0x0000024d769e268c: ;   {static_stub}
  0x0000024d769e268c: 9048 bb00 | 0000 0000 

  0x0000024d769e2694: ;   {runtime_call}
  0x0000024d769e2694: 0000 00e9 | fbff ffff 

  0x0000024d769e269c: ;   {static_stub}
  0x0000024d769e269c: 9048 bb00 | 0000 0000 

  0x0000024d769e26a4: ;   {runtime_call}
  0x0000024d769e26a4: 0000 00e9 | fbff ffff 

  0x0000024d769e26ac: ;   {static_stub}
  0x0000024d769e26ac: 9048 bb00 | 0000 0000 

  0x0000024d769e26b4: ;   {runtime_call}
  0x0000024d769e26b4: 0000 00e9 | fbff ffff 

  0x0000024d769e26bc: ;   {static_stub}
  0x0000024d769e26bc: 9048 bb00 | 0000 0000 

  0x0000024d769e26c4: ;   {runtime_call}
  0x0000024d769e26c4: 0000 00e9 | fbff ffff 

  0x0000024d769e26cc: ;   {static_stub}
  0x0000024d769e26cc: 9048 bb00 | 0000 0000 

  0x0000024d769e26d4: ;   {runtime_call}
  0x0000024d769e26d4: 0000 00e9 | fbff ffff 

  0x0000024d769e26dc: ;   {static_stub}
  0x0000024d769e26dc: 9048 bb00 | 0000 0000 

  0x0000024d769e26e4: ;   {runtime_call}
  0x0000024d769e26e4: 0000 00e9 | fbff ffff 

  0x0000024d769e26ec: ;   {static_stub}
  0x0000024d769e26ec: 9048 bb00 | 0000 0000 

  0x0000024d769e26f4: ;   {runtime_call}
  0x0000024d769e26f4: 0000 00e9 | fbff ffff 

  0x0000024d769e26fc: ;   {static_stub}
  0x0000024d769e26fc: 9048 bb00 | 0000 0000 

  0x0000024d769e2704: ;   {runtime_call}
  0x0000024d769e2704: 0000 00e9 | fbff ffff 

  0x0000024d769e270c: ;   {static_stub}
  0x0000024d769e270c: 9048 bb00 | 0000 0000 

  0x0000024d769e2714: ;   {runtime_call}
  0x0000024d769e2714: 0000 00e9 | fbff ffff 

  0x0000024d769e271c: ;   {static_stub}
  0x0000024d769e271c: 9048 bb00 | 0000 0000 

  0x0000024d769e2724: ;   {runtime_call}
  0x0000024d769e2724: 0000 00e9 | fbff ffff 

  0x0000024d769e272c: ;   {static_stub}
  0x0000024d769e272c: 9048 bb00 | 0000 0000 

  0x0000024d769e2734: ;   {runtime_call}
  0x0000024d769e2734: 0000 00e9 | fbff ffff 

  0x0000024d769e273c: ;   {static_stub}
  0x0000024d769e273c: 9048 bb00 | 0000 0000 

  0x0000024d769e2744: ;   {runtime_call}
  0x0000024d769e2744: 0000 00e9 | fbff ffff 

  0x0000024d769e274c: ;   {static_stub}
  0x0000024d769e274c: 9048 bb00 | 0000 0000 

  0x0000024d769e2754: ;   {runtime_call}
  0x0000024d769e2754: 0000 00e9 | fbff ffff 

  0x0000024d769e275c: ;   {static_stub}
  0x0000024d769e275c: 9048 bb00 | 0000 0000 

  0x0000024d769e2764: ;   {runtime_call}
  0x0000024d769e2764: 0000 00e9 | fbff ffff 

  0x0000024d769e276c: ;   {static_stub}
  0x0000024d769e276c: 9048 bb00 | 0000 0000 

  0x0000024d769e2774: ;   {runtime_call}
  0x0000024d769e2774: 0000 00e9 | fbff ffff 

  0x0000024d769e277c: ;   {static_stub}
  0x0000024d769e277c: 9048 bb00 | 0000 0000 

  0x0000024d769e2784: ;   {runtime_call}
  0x0000024d769e2784: 0000 00e9 | fbff ffff 

  0x0000024d769e278c: ;   {static_stub}
  0x0000024d769e278c: 9048 bb00 | 0000 0000 

  0x0000024d769e2794: ;   {runtime_call}
  0x0000024d769e2794: 0000 00e9 | fbff ffff 

  0x0000024d769e279c: ;   {static_stub}
  0x0000024d769e279c: 9048 bb00 | 0000 0000 

  0x0000024d769e27a4: ;   {runtime_call}
  0x0000024d769e27a4: 0000 00e9 | fbff ffff 

  0x0000024d769e27ac: ;   {static_stub}
  0x0000024d769e27ac: 9048 bb00 | 0000 0000 

  0x0000024d769e27b4: ;   {runtime_call}
  0x0000024d769e27b4: 0000 00e9 | fbff ffff 

  0x0000024d769e27bc: ;   {static_stub}
  0x0000024d769e27bc: 9048 bb00 | 0000 0000 

  0x0000024d769e27c4: ;   {runtime_call}
  0x0000024d769e27c4: 0000 00e9 | fbff ffff 

  0x0000024d769e27cc: ;   {static_stub}
  0x0000024d769e27cc: 9048 bb00 | 0000 0000 

  0x0000024d769e27d4: ;   {runtime_call}
  0x0000024d769e27d4: 0000 00e9 | fbff ffff 

  0x0000024d769e27dc: ;   {static_stub}
  0x0000024d769e27dc: 9048 bb00 | 0000 0000 

  0x0000024d769e27e4: ;   {runtime_call}
  0x0000024d769e27e4: 0000 00e9 | fbff ffff 

  0x0000024d769e27ec: ;   {static_stub}
  0x0000024d769e27ec: 9048 bb00 | 0000 0000 

  0x0000024d769e27f4: ;   {runtime_call}
  0x0000024d769e27f4: 0000 00e9 | fbff ffff 

  0x0000024d769e27fc: ;   {static_stub}
  0x0000024d769e27fc: 9048 bb00 | 0000 0000 

  0x0000024d769e2804: ;   {runtime_call}
  0x0000024d769e2804: 0000 00e9 | fbff ffff 

  0x0000024d769e280c: ;   {static_stub}
  0x0000024d769e280c: 9048 bb00 | 0000 0000 

  0x0000024d769e2814: ;   {runtime_call}
  0x0000024d769e2814: 0000 00e9 | fbff ffff 

  0x0000024d769e281c: ;   {static_stub}
  0x0000024d769e281c: 48bb 0000 | 0000 0000 

  0x0000024d769e2824: ;   {runtime_call}
  0x0000024d769e2824: 0000 e9fb 

  0x0000024d769e2828: ;   {static_stub}
  0x0000024d769e2828: ffff ff48 | bb00 0000 | 0000 0000 

  0x0000024d769e2834: ;   {runtime_call}
  0x0000024d769e2834: 00e9 fbff 

  0x0000024d769e2838: ;   {static_stub}
  0x0000024d769e2838: ffff 48bb | 0000 0000 | 0000 0000 

  0x0000024d769e2844: ;   {runtime_call}
  0x0000024d769e2844: e9fb ffff 

  0x0000024d769e2848: ;   {static_stub}
  0x0000024d769e2848: ff48 bb00 | 0000 0000 

  0x0000024d769e2850: ;   {runtime_call}
  0x0000024d769e2850: 0000 00e9 | fbff ffff 

  0x0000024d769e2858: ;   {static_stub}
  0x0000024d769e2858: 48bb 0000 | 0000 0000 

  0x0000024d769e2860: ;   {runtime_call}
  0x0000024d769e2860: 0000 e9fb 

  0x0000024d769e2864: ;   {static_stub}
  0x0000024d769e2864: ffff ff48 | bb00 0000 | 0000 0000 

  0x0000024d769e2870: ;   {runtime_call}
  0x0000024d769e2870: 00e9 fbff 

  0x0000024d769e2874: ;   {static_stub}
  0x0000024d769e2874: ffff 48bb | 0000 0000 | 0000 0000 

  0x0000024d769e2880: ;   {runtime_call}
  0x0000024d769e2880: e9fb ffff 

  0x0000024d769e2884: ;   {static_stub}
  0x0000024d769e2884: ff48 bb78 | b60f 444d 

  0x0000024d769e288c: ;   {runtime_call I2C/C2I adapters}
  0x0000024d769e288c: 0200 00e9 | dbf6 4fff 

  0x0000024d769e2894: ;   {static_stub}
  0x0000024d769e2894: 48bb 0000 | 0000 0000 

  0x0000024d769e289c: ;   {runtime_call}
  0x0000024d769e289c: 0000 e9fb 

  0x0000024d769e28a0: ;   {static_stub}
  0x0000024d769e28a0: ffff ff48 | bb00 0000 | 0000 0000 

  0x0000024d769e28ac: ;   {runtime_call}
  0x0000024d769e28ac: 00e9 fbff 

  0x0000024d769e28b0: ;   {runtime_call handle_exception_from_callee Runtime1 stub}
  0x0000024d769e28b0: ffff e849 

  0x0000024d769e28b4: ;   {external_word}
  0x0000024d769e28b4: 285d ff48 | b9b0 7831 | 26fb 7f00 | 0048 83e4 

  0x0000024d769e28c4: ;   {runtime_call}
  0x0000024d769e28c4: f048 b850 | 42f9 25fb | 7f00 00ff 

  0x0000024d769e28d0: ;   {section_word}
  0x0000024d769e28d0: d0f4 49ba | d228 9e76 | 4d02 0000 

  0x0000024d769e28dc: ;   {runtime_call DeoptimizationBlob}
  0x0000024d769e28dc: 4152 e9bd | 2051 fff4 | f4f4 f4f4 
[/MachCode]


Compiled method (c1)    8509 3500       1       org.springframework.beans.factory.support.AbstractBeanFactory::getBean (9 bytes)
 total in heap  [0x0000024d769d5990,0x0000024d769d5d00] = 880
 relocation     [0x0000024d769d5af0,0x0000024d769d5b28] = 56
 main code      [0x0000024d769d5b40,0x0000024d769d5c10] = 208
 stub code      [0x0000024d769d5c10,0x0000024d769d5c58] = 72
 oops           [0x0000024d769d5c58,0x0000024d769d5c60] = 8
 metadata       [0x0000024d769d5c60,0x0000024d769d5c78] = 24
 scopes data    [0x0000024d769d5c78,0x0000024d769d5c98] = 32
 scopes pcs     [0x0000024d769d5c98,0x0000024d769d5cf8] = 96
 dependencies   [0x0000024d769d5cf8,0x0000024d769d5d00] = 8

[Constant Pool (empty)]

[MachCode]
[Entry Point]
  # {method} {0x0000024d440eec08} 'getBean' '(Ljava/lang/String;Ljava/lang/Class;)Ljava/lang/Object;' in 'org/springframework/beans/factory/support/AbstractBeanFactory'
  # this:     rdx:rdx   = 'org/springframework/beans/factory/support/AbstractBeanFactory'
  # parm0:    r8:r8     = 'java/lang/String'
  # parm1:    r9:r9     = 'java/lang/Class'
  #           [sp+0x60]  (sp of caller)
  0x0000024d769d5b40: 448b 5208 | 49bb 0000 | 0002 4d02 | 0000 4d03 | d34c 3bd0 

  0x0000024d769d5b54: ;   {runtime_call ic_miss_stub}
  0x0000024d769d5b54: 0f85 268c | 51ff 660f | 1f44 0000 
[Verified Entry Point]
  0x0000024d769d5b60: 8984 2400 | 80ff ff55 | 4883 ec50 | 4181 7f20 | 0600 0000 

  0x0000024d769d5b74: ;   {runtime_call StubRoutines (final stubs)}
  0x0000024d769d5b74: 7405 e8e5 

  0x0000024d769d5b78: ;*aload_0 {reexecute=0 rethrow=0 return_oop=0}
                      ; - org.springframework.beans.factory.support.AbstractBeanFactory::getBean@0 (line 207)
  0x0000024d769d5b78: f14f ff49 | 8bd8 4c8b | c349 8bc1 

  0x0000024d769d5b84: ;   {oop(nullptr)}
  0x0000024d769d5b84: 4c8b c848 | bf00 0000 | 0000 0000 | 00be 0000 | 0000 488b 

  0x0000024d769d5b98: ;*invokevirtual doGetBean {reexecute=0 rethrow=0 return_oop=0}
                      ; - org.springframework.beans.factory.support.AbstractBeanFactory::getBean@5 (line 207)
  0x0000024d769d5b98: ca48 8bd1 | 4889 5c24 | 4048 8944 | 2438 4889 | 4c24 300f 

  0x0000024d769d5bac: ;   {optimized virtual_call}
  0x0000024d769d5bac: 1f40 00e8 

  0x0000024d769d5bb0: ; ImmutableOopMap {[48]=Oop [56]=Oop [64]=Oop }
                      ;*invokevirtual doGetBean {reexecute=0 rethrow=0 return_oop=0}
                      ; - org.springframework.beans.factory.support.AbstractBeanFactory::getBean@5 (line 207)
  0x0000024d769d5bb0: 0c97 0000 

  0x0000024d769d5bb4: ;   {other}
  0x0000024d769d5bb4: 0f1f 8400 

  0x0000024d769d5bb8: ;*invokevirtual doGetBean {reexecute=0 rethrow=0 return_oop=0}
                      ; - org.springframework.beans.factory.support.AbstractBeanFactory::getBean@5 (line 207)
  0x0000024d769d5bb8: 2402 0000 | 4883 c450 

  0x0000024d769d5bc0: ;   {poll_return}
  0x0000024d769d5bc0: 5d49 3ba7 | 4804 0000 | 0f87 0100 

  0x0000024d769d5bcc: ;   {internal_word}
  0x0000024d769d5bcc: 0000 c349 | bac1 5b9d | 764d 0200 | 004d 8997 | 6004 0000 

  0x0000024d769d5be0: ;   {runtime_call SafepointBlob}
  0x0000024d769d5be0: e91b fb51 | ff49 8b87 | f804 0000 | 49c7 87f8 | 0400 0000 | 0000 0049 | c787 0005 | 0000 0000 
  0x0000024d769d5c00: 0000 4883 

  0x0000024d769d5c04: ;   {runtime_call unwind_exception Runtime1 stub}
  0x0000024d769d5c04: c450 5de9 | f4b9 5dff | f4f4 f4f4 
[Stub Code]
  0x0000024d769d5c10: ;   {no_reloc}
  0x0000024d769d5c10: 0f1f 4400 

  0x0000024d769d5c14: ;   {static_stub}
  0x0000024d769d5c14: 0048 bb00 | 0000 0000 

  0x0000024d769d5c1c: ;   {runtime_call}
  0x0000024d769d5c1c: 0000 00e9 | fbff ffff 
[Exception Handler]
  0x0000024d769d5c24: ;   {runtime_call handle_exception_from_callee Runtime1 stub}
  0x0000024d769d5c24: e8d7 f45d 

  0x0000024d769d5c28: ;   {external_word}
  0x0000024d769d5c28: ff48 b9b0 | 7831 26fb | 7f00 0048 

  0x0000024d769d5c34: ;   {runtime_call}
  0x0000024d769d5c34: 83e4 f048 | b850 42f9 | 25fb 7f00 | 00ff d0f4 
[Deopt Handler Code]
  0x0000024d769d5c44: ;   {section_word}
  0x0000024d769d5c44: 49ba 445c | 9d76 4d02 | 0000 4152 

  0x0000024d769d5c50: ;   {runtime_call DeoptimizationBlob}
  0x0000024d769d5c50: e94b ed51 | fff4 f4f4 
[/MachCode]


---------------  P R O C E S S  ---------------

Threads class SMR info:
_java_thread_list=0x0000024d4bcb6db0, length=31, elements={
0x0000024d6d6bde20, 0x0000024d75e9a0c0, 0x0000024d75e9ab10, 0x0000024d75e9b8c0,
0x0000024d75e9e450, 0x0000024d7f9b20e0, 0x0000024d7f9b2f60, 0x0000024d7f9b4320,
0x0000024d7f9ab8d0, 0x0000024d7fad0f80, 0x0000024d7fad2a40, 0x0000024d7fb50e10,
0x0000024d7fb72ce0, 0x0000024d7fb7b780, 0x0000024d7fc87550, 0x0000024d7fbd7d30,
0x0000024d47bec3d0, 0x0000024d47c7ff90, 0x0000024d47fb3900, 0x0000024d48320130,
0x0000024d483e6920, 0x0000024d483e8360, 0x0000024d483e6290, 0x0000024d4905f530,
0x0000024d49a29e20, 0x0000024d4abba550, 0x0000024d4abc0e50, 0x0000024d4abbe6f0,
0x0000024d4abc14e0, 0x0000024d4b7edb50, 0x0000024d4c817e10
}

Java Threads: ( => current thread )
  0x0000024d6d6bde20 JavaThread "main"                              [_thread_blocked, id=13664, stack(0x000000809f400000,0x000000809f500000) (1024K)]
  0x0000024d75e9a0c0 JavaThread "Reference Handler"          daemon [_thread_blocked, id=14900, stack(0x000000809fc00000,0x000000809fd00000) (1024K)]
  0x0000024d75e9ab10 JavaThread "Finalizer"                  daemon [_thread_blocked, id=11624, stack(0x000000809fd00000,0x000000809fe00000) (1024K)]
  0x0000024d75e9b8c0 JavaThread "Signal Dispatcher"          daemon [_thread_blocked, id=8080, stack(0x000000809fe00000,0x000000809ff00000) (1024K)]
  0x0000024d75e9e450 JavaThread "Attach Listener"            daemon [_thread_blocked, id=3444, stack(0x000000809ff00000,0x00000080a0000000) (1024K)]
  0x0000024d7f9b20e0 JavaThread "Service Thread"             daemon [_thread_blocked, id=8680, stack(0x00000080a0000000,0x00000080a0100000) (1024K)]
  0x0000024d7f9b2f60 JavaThread "Monitor Deflation Thread"   daemon [_thread_blocked, id=6320, stack(0x00000080a0100000,0x00000080a0200000) (1024K)]
  0x0000024d7f9b4320 JavaThread "C1 CompilerThread0"         daemon [_thread_blocked, id=14384, stack(0x00000080a0200000,0x00000080a0300000) (1024K)]
  0x0000024d7f9ab8d0 JavaThread "Common-Cleaner"             daemon [_thread_blocked, id=13856, stack(0x00000080a0300000,0x00000080a0400000) (1024K)]
  0x0000024d7fad0f80 JavaThread "C1 CompilerThread1"         daemon [_thread_blocked, id=14980, stack(0x00000080a0400000,0x00000080a0500000) (1024K)]
  0x0000024d7fad2a40 JavaThread "C1 CompilerThread2"         daemon [_thread_blocked, id=8788, stack(0x00000080a0500000,0x00000080a0600000) (1024K)]
  0x0000024d7fb50e10 JavaThread "JDWP Transport Listener: dt_socket" daemon [_thread_blocked, id=6464, stack(0x00000080a0700000,0x00000080a0800000) (1024K)]
  0x0000024d7fb72ce0 JavaThread "JDWP Event Helper Thread"   daemon [_thread_blocked, id=11852, stack(0x00000080a0800000,0x00000080a0900000) (1024K)]
  0x0000024d7fb7b780 JavaThread "JDWP Command Reader"        daemon [_thread_in_native, id=11856, stack(0x00000080a0900000,0x00000080a0a00000) (1024K)]
  0x0000024d7fc87550 JavaThread "IntelliJ Suspend Helper"    daemon [_thread_blocked, id=13376, stack(0x00000080a0600000,0x00000080a0700000) (1024K)]
  0x0000024d7fbd7d30 JavaThread "Notification Thread"        daemon [_thread_blocked, id=13672, stack(0x00000080a0a00000,0x00000080a0b00000) (1024K)]
  0x0000024d47bec3d0 JavaThread "C1 CompilerThread3"         daemon [_thread_blocked, id=9144, stack(0x00000080a0b00000,0x00000080a0c00000) (1024K)]
  0x0000024d47c7ff90 JavaThread "C1 CompilerThread4"         daemon [_thread_blocked, id=10992, stack(0x00000080a0c00000,0x00000080a0d00000) (1024K)]
  0x0000024d47fb3900 JavaThread "RMI TCP Accept-0"           daemon [_thread_in_native, id=13228, stack(0x00000080a1700000,0x00000080a1800000) (1024K)]
  0x0000024d48320130 JavaThread "RMI TCP Connection(1)-192.168.1.9" daemon [_thread_in_native, id=13724, stack(0x00000080a1800000,0x00000080a1900000) (1024K)]
  0x0000024d483e6920 JavaThread "RMI Scheduler(0)"           daemon [_thread_blocked, id=9876, stack(0x00000080a1900000,0x00000080a1a00000) (1024K)]
  0x0000024d483e8360 JavaThread "Thread-0"                          [_thread_blocked, id=9436, stack(0x00000080a1a00000,0x00000080a1b00000) (1024K)]
=>0x0000024d483e6290 JavaThread "restartedMain"                     [_thread_in_vm, id=4760, stack(0x00000080a1b00000,0x00000080a1c00000) (1024K)]
  0x0000024d4905f530 JavaThread "C1 CompilerThread5"         daemon [_thread_blocked, id=14940, stack(0x00000080a2100000,0x00000080a2200000) (1024K)]
  0x0000024d49a29e20 JavaThread "C1 CompilerThread6"         daemon [_thread_blocked, id=7408, stack(0x00000080a2200000,0x00000080a2300000) (1024K)]
  0x0000024d4abba550 JavaThread "Catalina-utility-1"                [_thread_blocked, id=14644, stack(0x00000080a2000000,0x00000080a2100000) (1024K)]
  0x0000024d4abc0e50 JavaThread "Catalina-utility-2"                [_thread_blocked, id=12452, stack(0x00000080a2300000,0x00000080a2400000) (1024K)]
  0x0000024d4abbe6f0 JavaThread "container-0"                       [_thread_blocked, id=3344, stack(0x00000080a2400000,0x00000080a2500000) (1024K)]
  0x0000024d4abc14e0 JavaThread "mysql-cj-abandoned-connection-cleanup" daemon [_thread_blocked, id=12500, stack(0x00000080a2500000,0x00000080a2600000) (1024K)]
  0x0000024d4b7edb50 JavaThread "HikariPool-1:housekeeper"   daemon [_thread_blocked, id=3212, stack(0x00000080a2700000,0x00000080a2800000) (1024K)]
  0x0000024d4c817e10 JavaThread "HikariPool-1:connection-adder" daemon [_thread_blocked, id=15336, stack(0x00000080a2800000,0x00000080a2900000) (1024K)]
Total: 31

Other Threads:
  0x0000024d75d6f560 VMThread "VM Thread"                           [id=12944, stack(0x000000809fb00000,0x000000809fc00000) (1024K)]
  0x0000024d7f9aaa00 WatcherThread "VM Periodic Task Thread"        [id=13400, stack(0x000000809fa00000,0x000000809fb00000) (1024K)]
  0x0000024d75d6e340 WorkerThread "GC Thread#0"                     [id=10272, stack(0x000000809f500000,0x000000809f600000) (1024K)]
  0x0000024d47b41690 WorkerThread "GC Thread#1"                     [id=7420, stack(0x00000080a0d00000,0x00000080a0e00000) (1024K)]
  0x0000024d47b42170 WorkerThread "GC Thread#2"                     [id=8952, stack(0x00000080a0e00000,0x00000080a0f00000) (1024K)]
  0x0000024d47b41a30 WorkerThread "GC Thread#3"                     [id=14364, stack(0x00000080a0f00000,0x00000080a1000000) (1024K)]
  0x0000024d47b400d0 WorkerThread "GC Thread#4"                     [id=12936, stack(0x00000080a1000000,0x00000080a1100000) (1024K)]
  0x0000024d47b428b0 WorkerThread "GC Thread#5"                     [id=9684, stack(0x00000080a1100000,0x00000080a1200000) (1024K)]
  0x0000024d47b41dd0 WorkerThread "GC Thread#6"                     [id=14460, stack(0x00000080a1200000,0x00000080a1300000) (1024K)]
  0x0000024d47b40470 WorkerThread "GC Thread#7"                     [id=13344, stack(0x00000080a1300000,0x00000080a1400000) (1024K)]
  0x0000024d47b42ff0 WorkerThread "GC Thread#8"                     [id=9676, stack(0x00000080a1400000,0x00000080a1500000) (1024K)]
  0x0000024d47b42c50 WorkerThread "GC Thread#9"                     [id=9032, stack(0x00000080a1500000,0x00000080a1600000) (1024K)]
  0x0000024d47b43390 WorkerThread "GC Thread#10"                    [id=14024, stack(0x00000080a1600000,0x00000080a1700000) (1024K)]
  0x0000024d482211e0 WorkerThread "GC Thread#11"                    [id=10184, stack(0x00000080a1c00000,0x00000080a1d00000) (1024K)]
  0x0000024d4821df20 WorkerThread "GC Thread#12"                    [id=5480, stack(0x00000080a1d00000,0x00000080a1e00000) (1024K)]
  0x0000024d75d80510 ConcurrentGCThread "G1 Main Marker"            [id=13992, stack(0x000000809f600000,0x000000809f700000) (1024K)]
  0x0000024d75d6ea80 WorkerThread "G1 Conc#0"                       [id=12232, stack(0x000000809f700000,0x000000809f800000) (1024K)]
  0x0000024d4821f880 WorkerThread "G1 Conc#1"                       [id=10224, stack(0x00000080a1e00000,0x00000080a1f00000) (1024K)]
  0x0000024d48220700 WorkerThread "G1 Conc#2"                       [id=3664, stack(0x00000080a1f00000,0x00000080a2000000) (1024K)]
  0x0000024d75e463c0 ConcurrentGCThread "G1 Refine#0"               [id=1572, stack(0x000000809f800000,0x000000809f900000) (1024K)]
  0x0000024d75e46d40 ConcurrentGCThread "G1 Service"                [id=8108, stack(0x000000809f900000,0x000000809fa00000) (1024K)]
Total: 21

Threads with active compile tasks:
Total: 0

VM state: not at safepoint (normal execution)

VM Mutex/Monitor currently owned by a thread: None

Heap address: 0x0000000709400000, size: 3948 MB, Compressed Oops mode: Zero based, Oop shift amount: 3

CDS archive(s) mapped at: [0x0000024d02000000-0x0000024d02c90000-0x0000024d02c90000), size 13172736, SharedBaseAddress: 0x0000024d02000000, ArchiveRelocationMode: 1.
Compressed class space mapped at: 0x0000024d03000000-0x0000024d43000000, reserved size: 1073741824
Narrow klass base: 0x0000024d02000000, Narrow klass shift: 0, Narrow klass range: 0x100000000

GC Precious Log:
 CardTable entry size: 512
 Card Set container configuration: InlinePtr #cards 4 size 8 Array Of Cards #cards 16 size 48 Howl #buckets 8 coarsen threshold 3686 Howl Bitmap #cards 512 size 80 coarsen threshold 460 Card regions per heap region 1 cards per card region 4096
 CPUs: 16 total, 16 available
 Memory: 15789M
 Large Page Support: Disabled
 NUMA Support: Disabled
 Compressed Oops: Enabled (Zero based)
 Heap Region Size: 2M
 Heap Min Capacity: 8M
 Heap Initial Capacity: 248M
 Heap Max Capacity: 3948M
 Pre-touch: Disabled
 Parallel Workers: 13
 Concurrent Workers: 3
 Concurrent Refinement Workers: 13
 Periodic GC: Disabled

Heap:
 garbage-first heap   total 155648K, used 48137K [0x0000000709400000, 0x0000000800000000)
  region size 2048K, 13 young (26624K), 4 survivors (8192K)
 Metaspace       used 71285K, committed 72000K, reserved 1114112K
  class space    used 9538K, committed 9856K, reserved 1048576K

Heap Regions: E=young(eden), S=young(survivor), O=old, HS=humongous(starts), HC=humongous(continues), CS=collection set, F=free, TAMS=top-at-mark-start, PB=parsable bottom
|   0|0x0000000709400000, 0x0000000709600000, 0x0000000709600000|100%| O|  |TAMS 0x0000000709400000| PB 0x0000000709400000| Untracked 
|   1|0x0000000709600000, 0x0000000709800000, 0x0000000709800000|100%| O|  |TAMS 0x0000000709600000| PB 0x0000000709600000| Untracked 
|   2|0x0000000709800000, 0x0000000709a00000, 0x0000000709a00000|100%| O|  |TAMS 0x0000000709800000| PB 0x0000000709800000| Untracked 
|   3|0x0000000709a00000, 0x0000000709c00000, 0x0000000709c00000|100%| O|  |TAMS 0x0000000709a00000| PB 0x0000000709a00000| Untracked 
|   4|0x0000000709c00000, 0x0000000709e00000, 0x0000000709e00000|100%| O|  |TAMS 0x0000000709c00000| PB 0x0000000709c00000| Untracked 
|   5|0x0000000709e00000, 0x000000070a000000, 0x000000070a000000|100%| O|  |TAMS 0x0000000709e00000| PB 0x0000000709e00000| Untracked 
|   6|0x000000070a000000, 0x000000070a200000, 0x000000070a200000|100%| O|  |TAMS 0x000000070a000000| PB 0x000000070a000000| Untracked 
|   7|0x000000070a200000, 0x000000070a400000, 0x000000070a400000|100%| O|  |TAMS 0x000000070a200000| PB 0x000000070a200000| Untracked 
|   8|0x000000070a400000, 0x000000070a400000, 0x000000070a600000|  0%| F|  |TAMS 0x000000070a400000| PB 0x000000070a400000| Untracked 
|   9|0x000000070a600000, 0x000000070a800000, 0x000000070a800000|100%| O|  |TAMS 0x000000070a600000| PB 0x000000070a600000| Untracked 
|  10|0x000000070a800000, 0x000000070aa00000, 0x000000070aa00000|100%| O|  |TAMS 0x000000070a800000| PB 0x000000070a800000| Untracked 
|  11|0x000000070aa00000, 0x000000070ac00000, 0x000000070ac00000|100%| O|  |TAMS 0x000000070aa00000| PB 0x000000070aa00000| Untracked 
|  12|0x000000070ac00000, 0x000000070ad79258, 0x000000070ae00000| 73%| O|  |TAMS 0x000000070ac00000| PB 0x000000070ac00000| Untracked 
|  13|0x000000070ae00000, 0x000000070ae00000, 0x000000070b000000|  0%| F|  |TAMS 0x000000070ae00000| PB 0x000000070ae00000| Untracked 
|  14|0x000000070b000000, 0x000000070b000000, 0x000000070b200000|  0%| F|  |TAMS 0x000000070b000000| PB 0x000000070b000000| Untracked 
|  15|0x000000070b200000, 0x000000070b200000, 0x000000070b400000|  0%| F|  |TAMS 0x000000070b200000| PB 0x000000070b200000| Untracked 
|  16|0x000000070b400000, 0x000000070b400000, 0x000000070b600000|  0%| F|  |TAMS 0x000000070b400000| PB 0x000000070b400000| Untracked 
|  17|0x000000070b600000, 0x000000070b600000, 0x000000070b800000|  0%| F|  |TAMS 0x000000070b600000| PB 0x000000070b600000| Untracked 
|  18|0x000000070b800000, 0x000000070b800000, 0x000000070ba00000|  0%| F|  |TAMS 0x000000070b800000| PB 0x000000070b800000| Untracked 
|  19|0x000000070ba00000, 0x000000070ba00000, 0x000000070bc00000|  0%| F|  |TAMS 0x000000070ba00000| PB 0x000000070ba00000| Untracked 
|  20|0x000000070bc00000, 0x000000070bc00000, 0x000000070be00000|  0%| F|  |TAMS 0x000000070bc00000| PB 0x000000070bc00000| Untracked 
|  21|0x000000070be00000, 0x000000070be00000, 0x000000070c000000|  0%| F|  |TAMS 0x000000070be00000| PB 0x000000070be00000| Untracked 
|  22|0x000000070c000000, 0x000000070c000000, 0x000000070c200000|  0%| F|  |TAMS 0x000000070c000000| PB 0x000000070c000000| Untracked 
|  23|0x000000070c200000, 0x000000070c200000, 0x000000070c400000|  0%| F|  |TAMS 0x000000070c200000| PB 0x000000070c200000| Untracked 
|  24|0x000000070c400000, 0x000000070c400000, 0x000000070c600000|  0%| F|  |TAMS 0x000000070c400000| PB 0x000000070c400000| Untracked 
|  25|0x000000070c600000, 0x000000070c600000, 0x000000070c800000|  0%| F|  |TAMS 0x000000070c600000| PB 0x000000070c600000| Untracked 
|  26|0x000000070c800000, 0x000000070c800000, 0x000000070ca00000|  0%| F|  |TAMS 0x000000070c800000| PB 0x000000070c800000| Untracked 
|  27|0x000000070ca00000, 0x000000070ca00000, 0x000000070cc00000|  0%| F|  |TAMS 0x000000070ca00000| PB 0x000000070ca00000| Untracked 
|  28|0x000000070cc00000, 0x000000070cc00000, 0x000000070ce00000|  0%| F|  |TAMS 0x000000070cc00000| PB 0x000000070cc00000| Untracked 
|  29|0x000000070ce00000, 0x000000070cf892d0, 0x000000070d000000| 76%| S|CS|TAMS 0x000000070ce00000| PB 0x000000070ce00000| Complete 
|  30|0x000000070d000000, 0x000000070d200000, 0x000000070d200000|100%| S|CS|TAMS 0x000000070d000000| PB 0x000000070d000000| Complete 
|  31|0x000000070d200000, 0x000000070d400000, 0x000000070d400000|100%| S|CS|TAMS 0x000000070d200000| PB 0x000000070d200000| Complete 
|  32|0x000000070d400000, 0x000000070d600000, 0x000000070d600000|100%| S|CS|TAMS 0x000000070d400000| PB 0x000000070d400000| Complete 
|  33|0x000000070d600000, 0x000000070d600000, 0x000000070d800000|  0%| F|  |TAMS 0x000000070d600000| PB 0x000000070d600000| Untracked 
|  34|0x000000070d800000, 0x000000070d800000, 0x000000070da00000|  0%| F|  |TAMS 0x000000070d800000| PB 0x000000070d800000| Untracked 
|  35|0x000000070da00000, 0x000000070da00000, 0x000000070dc00000|  0%| F|  |TAMS 0x000000070da00000| PB 0x000000070da00000| Untracked 
|  36|0x000000070dc00000, 0x000000070dc00000, 0x000000070de00000|  0%| F|  |TAMS 0x000000070dc00000| PB 0x000000070dc00000| Untracked 
|  37|0x000000070de00000, 0x000000070de00000, 0x000000070e000000|  0%| F|  |TAMS 0x000000070de00000| PB 0x000000070de00000| Untracked 
|  38|0x000000070e000000, 0x000000070e000000, 0x000000070e200000|  0%| F|  |TAMS 0x000000070e000000| PB 0x000000070e000000| Untracked 
|  39|0x000000070e200000, 0x000000070e200000, 0x000000070e400000|  0%| F|  |TAMS 0x000000070e200000| PB 0x000000070e200000| Untracked 
|  40|0x000000070e400000, 0x000000070e400000, 0x000000070e600000|  0%| F|  |TAMS 0x000000070e400000| PB 0x000000070e400000| Untracked 
|  41|0x000000070e600000, 0x000000070e600000, 0x000000070e800000|  0%| F|  |TAMS 0x000000070e600000| PB 0x000000070e600000| Untracked 
|  42|0x000000070e800000, 0x000000070e800000, 0x000000070ea00000|  0%| F|  |TAMS 0x000000070e800000| PB 0x000000070e800000| Untracked 
|  43|0x000000070ea00000, 0x000000070ea00000, 0x000000070ec00000|  0%| F|  |TAMS 0x000000070ea00000| PB 0x000000070ea00000| Untracked 
|  44|0x000000070ec00000, 0x000000070ec00000, 0x000000070ee00000|  0%| F|  |TAMS 0x000000070ec00000| PB 0x000000070ec00000| Untracked 
|  45|0x000000070ee00000, 0x000000070ee00000, 0x000000070f000000|  0%| F|  |TAMS 0x000000070ee00000| PB 0x000000070ee00000| Untracked 
|  46|0x000000070f000000, 0x000000070f000000, 0x000000070f200000|  0%| F|  |TAMS 0x000000070f000000| PB 0x000000070f000000| Untracked 
|  47|0x000000070f200000, 0x000000070f200000, 0x000000070f400000|  0%| F|  |TAMS 0x000000070f200000| PB 0x000000070f200000| Untracked 
|  48|0x000000070f400000, 0x000000070f400000, 0x000000070f600000|  0%| F|  |TAMS 0x000000070f400000| PB 0x000000070f400000| Untracked 
|  49|0x000000070f600000, 0x000000070f600000, 0x000000070f800000|  0%| F|  |TAMS 0x000000070f600000| PB 0x000000070f600000| Untracked 
|  50|0x000000070f800000, 0x000000070f800000, 0x000000070fa00000|  0%| F|  |TAMS 0x000000070f800000| PB 0x000000070f800000| Untracked 
|  51|0x000000070fa00000, 0x000000070fa00000, 0x000000070fc00000|  0%| F|  |TAMS 0x000000070fa00000| PB 0x000000070fa00000| Untracked 
|  52|0x000000070fc00000, 0x000000070fc00000, 0x000000070fe00000|  0%| F|  |TAMS 0x000000070fc00000| PB 0x000000070fc00000| Untracked 
|  53|0x000000070fe00000, 0x000000070fe00000, 0x0000000710000000|  0%| F|  |TAMS 0x000000070fe00000| PB 0x000000070fe00000| Untracked 
|  54|0x0000000710000000, 0x0000000710000000, 0x0000000710200000|  0%| F|  |TAMS 0x0000000710000000| PB 0x0000000710000000| Untracked 
|  55|0x0000000710200000, 0x0000000710200000, 0x0000000710400000|  0%| F|  |TAMS 0x0000000710200000| PB 0x0000000710200000| Untracked 
|  56|0x0000000710400000, 0x0000000710400000, 0x0000000710600000|  0%| F|  |TAMS 0x0000000710400000| PB 0x0000000710400000| Untracked 
|  57|0x0000000710600000, 0x0000000710600000, 0x0000000710800000|  0%| F|  |TAMS 0x0000000710600000| PB 0x0000000710600000| Untracked 
|  58|0x0000000710800000, 0x0000000710800000, 0x0000000710a00000|  0%| F|  |TAMS 0x0000000710800000| PB 0x0000000710800000| Untracked 
|  59|0x0000000710a00000, 0x0000000710a00000, 0x0000000710c00000|  0%| F|  |TAMS 0x0000000710a00000| PB 0x0000000710a00000| Untracked 
|  60|0x0000000710c00000, 0x0000000710c00000, 0x0000000710e00000|  0%| F|  |TAMS 0x0000000710c00000| PB 0x0000000710c00000| Untracked 
|  61|0x0000000710e00000, 0x0000000710e00000, 0x0000000711000000|  0%| F|  |TAMS 0x0000000710e00000| PB 0x0000000710e00000| Untracked 
|  62|0x0000000711000000, 0x0000000711000000, 0x0000000711200000|  0%| F|  |TAMS 0x0000000711000000| PB 0x0000000711000000| Untracked 
|  63|0x0000000711200000, 0x0000000711200000, 0x0000000711400000|  0%| F|  |TAMS 0x0000000711200000| PB 0x0000000711200000| Untracked 
|  64|0x0000000711400000, 0x0000000711400000, 0x0000000711600000|  0%| F|  |TAMS 0x0000000711400000| PB 0x0000000711400000| Untracked 
|  65|0x0000000711600000, 0x0000000711600000, 0x0000000711800000|  0%| F|  |TAMS 0x0000000711600000| PB 0x0000000711600000| Untracked 
|  66|0x0000000711800000, 0x0000000711800000, 0x0000000711a00000|  0%| F|  |TAMS 0x0000000711800000| PB 0x0000000711800000| Untracked 
|  67|0x0000000711a00000, 0x0000000711b00000, 0x0000000711c00000| 50%| E|  |TAMS 0x0000000711a00000| PB 0x0000000711a00000| Complete 
|  68|0x0000000711c00000, 0x0000000711e00000, 0x0000000711e00000|100%| E|CS|TAMS 0x0000000711c00000| PB 0x0000000711c00000| Complete 
|  69|0x0000000711e00000, 0x0000000712000000, 0x0000000712000000|100%| E|CS|TAMS 0x0000000711e00000| PB 0x0000000711e00000| Complete 
|  70|0x0000000712000000, 0x0000000712200000, 0x0000000712200000|100%| E|CS|TAMS 0x0000000712000000| PB 0x0000000712000000| Complete 
|  71|0x0000000712200000, 0x0000000712400000, 0x0000000712400000|100%| E|CS|TAMS 0x0000000712200000| PB 0x0000000712200000| Complete 
|  72|0x0000000712400000, 0x0000000712600000, 0x0000000712600000|100%| E|CS|TAMS 0x0000000712400000| PB 0x0000000712400000| Complete 
| 118|0x0000000718000000, 0x0000000718200000, 0x0000000718200000|100%| E|CS|TAMS 0x0000000718000000| PB 0x0000000718000000| Complete 
| 119|0x0000000718200000, 0x0000000718400000, 0x0000000718400000|100%| E|CS|TAMS 0x0000000718200000| PB 0x0000000718200000| Complete 
| 123|0x0000000718a00000, 0x0000000718c00000, 0x0000000718c00000|100%| E|CS|TAMS 0x0000000718a00000| PB 0x0000000718a00000| Complete 

Card table byte_map: [0x0000024d7a490000,0x0000024d7ac50000] _byte_map_base: 0x0000024d76c46000

Marking Bits: (CMBitMap*) 0x0000024d75d70570
 Bits: [0x0000024d7ac50000, 0x0000024d7ea00000)

Polling page: 0x0000024d6b580000

Metaspace:

Usage:
  Non-class:     60.30 MB used.
      Class:      9.32 MB used.
       Both:     69.61 MB used.

Virtual space:
  Non-class space:       64.00 MB reserved,      60.69 MB ( 95%) committed,  1 nodes.
      Class space:        1.00 GB reserved,       9.62 MB ( <1%) committed,  1 nodes.
             Both:        1.06 GB reserved,      70.31 MB (  6%) committed. 

Chunk freelists:
   Non-Class:  3.30 MB
       Class:  6.41 MB
        Both:  9.70 MB

MaxMetaspaceSize: unlimited
CompressedClassSpaceSize: 1.00 GB
Initial GC threshold: 21.00 MB
Current GC threshold: 70.56 MB
CDS: on
 - commit_granule_bytes: 65536.
 - commit_granule_words: 8192.
 - virtual_space_node_default_size: 8388608.
 - enlarge_chunks_in_place: 1.
 - use_allocation_guard: 0.


Internal statistics:

num_allocs_failed_limit: 6.
num_arena_births: 912.
num_arena_deaths: 0.
num_vsnodes_births: 2.
num_vsnodes_deaths: 0.
num_space_committed: 1125.
num_space_uncommitted: 0.
num_chunks_returned_to_freelist: 6.
num_chunks_taken_from_freelist: 3140.
num_chunk_merges: 6.
num_chunk_splits: 2306.
num_chunks_enlarged: 1813.
num_inconsistent_stats: 0.

CodeCache: size=49152Kb used=17930Kb max_used=17930Kb free=31221Kb
 bounds [0x0000024d75ea0000, 0x0000024d77030000, 0x0000024d78ea0000]
 total_blobs=7285 nmethods=6563 adapters=639
 compilation: enabled
              stopped_count=0, restarted_count=0
 full_count=0

Compilation events (20 events):
Event: 8.294 Thread 0x0000024d7fad2a40 6600       1       org.hibernate.type.EntityType::isReferenceToPrimaryKey (5 bytes)
Event: 8.294 Thread 0x0000024d4905f530 nmethod 6598 0x0000024d77015790 code [0x0000024d77015920, 0x0000024d770159f0]
Event: 8.294 Thread 0x0000024d7f9b4320 nmethod 6599 0x0000024d77015a90 code [0x0000024d77015c20, 0x0000024d77015cf0]
Event: 8.294 Thread 0x0000024d7fad2a40 nmethod 6600 0x0000024d77015d90 code [0x0000024d77015f20, 0x0000024d77015ff0]
Event: 8.300 Thread 0x0000024d49a29e20 6603       1       java.lang.invoke.LambdaFormEditor$TransformKey::packedBytes (92 bytes)
Event: 8.300 Thread 0x0000024d7f9b4320 6602       1       java.lang.invoke.LambdaFormEditor$TransformKey::of (95 bytes)
Event: 8.300 Thread 0x0000024d4905f530 6604       1       org.hibernate.internal.util.collections.JoinedList::iterator (25 bytes)
Event: 8.300 Thread 0x0000024d49a29e20 nmethod 6603 0x0000024d77016390 code [0x0000024d77016560, 0x0000024d77016778]
Event: 8.300 Thread 0x0000024d7f9b4320 nmethod 6602 0x0000024d77016a10 code [0x0000024d77016be0, 0x0000024d77016f68]
Event: 8.300 Thread 0x0000024d4905f530 nmethod 6604 0x0000024d77017390 code [0x0000024d77017580, 0x0000024d770179a8]
Event: 8.301 Thread 0x0000024d7fad0f80 6605       1       org.hibernate.type.descriptor.jdbc.JdbcType::getDefaultSqlTypeCode (7 bytes)
Event: 8.301 Thread 0x0000024d7fad0f80 nmethod 6605 0x0000024d77017d90 code [0x0000024d77017f40, 0x0000024d77018040]
Event: 8.320 Thread 0x0000024d4905f530 6609       1       java.lang.invoke.LambdaFormEditor::foldArgumentsForm (95 bytes)
Event: 8.320 Thread 0x0000024d4905f530 nmethod 6609 0x0000024d77019610 code [0x0000024d770197e0, 0x0000024d770199f0]
Event: 8.336 Thread 0x0000024d49a29e20 6610       1       java.util.HashSet::<init> (17 bytes)
Event: 8.336 Thread 0x0000024d49a29e20 nmethod 6610 0x0000024d77019c10 code [0x0000024d77019de0, 0x0000024d77019fa0]
Event: 8.337 Thread 0x0000024d7f9b4320 6611   !   1       java.io.ObjectInputStream::readObject0 (681 bytes)
Event: 8.337 Thread 0x0000024d7fad0f80 6612       1       java.io.ObjectInputStream$HandleTable::markDependency (175 bytes)
Event: 8.338 Thread 0x0000024d7fad0f80 nmethod 6612 0x0000024d7701a110 code [0x0000024d7701a340, 0x0000024d7701a958]
Event: 8.339 Thread 0x0000024d7f9b4320 nmethod 6611 0x0000024d7701b010 code [0x0000024d7701b660, 0x0000024d7701d370]

GC Heap History (20 events):
Event: 3.643 GC heap before
{Heap before GC invocations=5 (full 0):
 garbage-first heap   total 55296K, used 37058K [0x0000000709400000, 0x0000000800000000)
  region size 2048K, 16 young (32768K), 3 survivors (6144K)
 Metaspace       used 25074K, committed 25472K, reserved 1114112K
  class space    used 3196K, committed 3392K, reserved 1048576K
}
Event: 3.647 GC heap after
{Heap after GC invocations=6 (full 0):
 garbage-first heap   total 55296K, used 14374K [0x0000000709400000, 0x0000000800000000)
  region size 2048K, 1 young (2048K), 1 survivors (2048K)
 Metaspace       used 25074K, committed 25472K, reserved 1114112K
  class space    used 3196K, committed 3392K, reserved 1048576K
}
Event: 3.653 GC heap before
{Heap before GC invocations=6 (full 0):
 garbage-first heap   total 55296K, used 14374K [0x0000000709400000, 0x0000000800000000)
  region size 2048K, 2 young (4096K), 1 survivors (2048K)
 Metaspace       used 25165K, committed 25600K, reserved 1114112K
  class space    used 3199K, committed 3392K, reserved 1048576K
}
Event: 3.654 GC heap after
{Heap after GC invocations=7 (full 0):
 garbage-first heap   total 55296K, used 14285K [0x0000000709400000, 0x0000000800000000)
  region size 2048K, 1 young (2048K), 1 survivors (2048K)
 Metaspace       used 25165K, committed 25600K, reserved 1114112K
  class space    used 3199K, committed 3392K, reserved 1048576K
}
Event: 3.908 GC heap before
{Heap before GC invocations=8 (full 0):
 garbage-first heap   total 55296K, used 38861K [0x0000000709400000, 0x0000000800000000)
  region size 2048K, 14 young (28672K), 1 survivors (2048K)
 Metaspace       used 29257K, committed 29696K, reserved 1114112K
  class space    used 3718K, committed 3904K, reserved 1048576K
}
Event: 3.910 GC heap after
{Heap after GC invocations=9 (full 0):
 garbage-first heap   total 55296K, used 16252K [0x0000000709400000, 0x0000000800000000)
  region size 2048K, 2 young (4096K), 2 survivors (4096K)
 Metaspace       used 29257K, committed 29696K, reserved 1114112K
  class space    used 3718K, committed 3904K, reserved 1048576K
}
Event: 4.327 GC heap before
{Heap before GC invocations=9 (full 0):
 garbage-first heap   total 55296K, used 40828K [0x0000000709400000, 0x0000000800000000)
  region size 2048K, 15 young (30720K), 2 survivors (4096K)
 Metaspace       used 31252K, committed 31744K, reserved 1114112K
  class space    used 3987K, committed 4224K, reserved 1048576K
}
Event: 4.330 GC heap after
{Heap after GC invocations=10 (full 0):
 garbage-first heap   total 55296K, used 18503K [0x0000000709400000, 0x0000000800000000)
  region size 2048K, 2 young (4096K), 2 survivors (4096K)
 Metaspace       used 31252K, committed 31744K, reserved 1114112K
  class space    used 3987K, committed 4224K, reserved 1048576K
}
Event: 4.711 GC heap before
{Heap before GC invocations=10 (full 0):
 garbage-first heap   total 55296K, used 41031K [0x0000000709400000, 0x0000000800000000)
  region size 2048K, 14 young (28672K), 2 survivors (4096K)
 Metaspace       used 33727K, committed 34240K, reserved 1114112K
  class space    used 4299K, committed 4544K, reserved 1048576K
}
Event: 4.714 GC heap after
{Heap after GC invocations=11 (full 0):
 garbage-first heap   total 55296K, used 20144K [0x0000000709400000, 0x0000000800000000)
  region size 2048K, 1 young (2048K), 1 survivors (2048K)
 Metaspace       used 33727K, committed 34240K, reserved 1114112K
  class space    used 4299K, committed 4544K, reserved 1048576K
}
Event: 5.143 GC heap before
{Heap before GC invocations=11 (full 0):
 garbage-first heap   total 55296K, used 46768K [0x0000000709400000, 0x0000000800000000)
  region size 2048K, 14 young (28672K), 1 survivors (2048K)
 Metaspace       used 36444K, committed 36992K, reserved 1114112K
  class space    used 4678K, committed 4928K, reserved 1048576K
}
Event: 5.145 GC heap after
{Heap after GC invocations=12 (full 0):
 garbage-first heap   total 55296K, used 21694K [0x0000000709400000, 0x0000000800000000)
  region size 2048K, 2 young (4096K), 2 survivors (4096K)
 Metaspace       used 36444K, committed 36992K, reserved 1114112K
  class space    used 4678K, committed 4928K, reserved 1048576K
}
Event: 5.560 GC heap before
{Heap before GC invocations=12 (full 0):
 garbage-first heap   total 55296K, used 46270K [0x0000000709400000, 0x0000000800000000)
  region size 2048K, 14 young (28672K), 2 survivors (4096K)
 Metaspace       used 40031K, committed 40512K, reserved 1114112K
  class space    used 5213K, committed 5440K, reserved 1048576K
}
Event: 5.563 GC heap after
{Heap after GC invocations=13 (full 0):
 garbage-first heap   total 55296K, used 24177K [0x0000000709400000, 0x0000000800000000)
  region size 2048K, 2 young (4096K), 2 survivors (4096K)
 Metaspace       used 40031K, committed 40512K, reserved 1114112K
  class space    used 5213K, committed 5440K, reserved 1048576K
}
Event: 5.886 GC heap before
{Heap before GC invocations=13 (full 0):
 garbage-first heap   total 55296K, used 44657K [0x0000000709400000, 0x0000000800000000)
  region size 2048K, 13 young (26624K), 2 survivors (4096K)
 Metaspace       used 42427K, committed 43008K, reserved 1114112K
  class space    used 5519K, committed 5824K, reserved 1048576K
}
Event: 5.890 GC heap after
{Heap after GC invocations=14 (full 0):
 garbage-first heap   total 55296K, used 26426K [0x0000000709400000, 0x0000000800000000)
  region size 2048K, 1 young (2048K), 1 survivors (2048K)
 Metaspace       used 42427K, committed 43008K, reserved 1114112K
  class space    used 5519K, committed 5824K, reserved 1048576K
}
Event: 6.335 GC heap before
{Heap before GC invocations=15 (full 0):
 garbage-first heap   total 55296K, used 48954K [0x0000000709400000, 0x0000000800000000)
  region size 2048K, 12 young (24576K), 1 survivors (2048K)
 Metaspace       used 47346K, committed 48000K, reserved 1114112K
  class space    used 6277K, committed 6592K, reserved 1048576K
}
Event: 6.338 GC heap after
{Heap after GC invocations=16 (full 0):
 garbage-first heap   total 155648K, used 27163K [0x0000000709400000, 0x0000000800000000)
  region size 2048K, 2 young (4096K), 2 survivors (4096K)
 Metaspace       used 47346K, committed 48000K, reserved 1114112K
  class space    used 6277K, committed 6592K, reserved 1048576K
}
Event: 8.117 GC heap before
{Heap before GC invocations=16 (full 0):
 garbage-first heap   total 155648K, used 113179K [0x0000000709400000, 0x0000000800000000)
  region size 2048K, 45 young (92160K), 2 survivors (4096K)
 Metaspace       used 68745K, committed 69376K, reserved 1114112K
  class space    used 9178K, committed 9472K, reserved 1048576K
}
Event: 8.122 GC heap after
{Heap after GC invocations=17 (full 0):
 garbage-first heap   total 155648K, used 31753K [0x0000000709400000, 0x0000000800000000)
  region size 2048K, 4 young (8192K), 4 survivors (8192K)
 Metaspace       used 68745K, committed 69376K, reserved 1114112K
  class space    used 9178K, committed 9472K, reserved 1048576K
}

Dll operation events (12 events):
Event: 0.063 Loaded shared library C:\Program Files\Java\jdk-21\bin\java.dll
Event: 0.065 Loaded shared library C:\Program Files\Java\jdk-21\bin\zip.dll
Event: 0.982 Loaded shared library C:\Program Files\Java\jdk-21\bin\instrument.dll
Event: 1.069 Loaded shared library C:\Program Files\Java\jdk-21\bin\jimage.dll
Event: 1.097 Loaded shared library C:\Program Files\Java\jdk-21\bin\net.dll
Event: 1.098 Loaded shared library C:\Program Files\Java\jdk-21\bin\nio.dll
Event: 1.118 Loaded shared library C:\Program Files\Java\jdk-21\bin\zip.dll
Event: 1.307 Loaded shared library C:\Program Files\Java\jdk-21\bin\management.dll
Event: 1.391 Loaded shared library C:\Program Files\Java\jdk-21\bin\management_ext.dll
Event: 1.828 Loaded shared library C:\Program Files\Java\jdk-21\bin\extnet.dll
Event: 3.924 Loaded shared library C:\Program Files\Java\jdk-21\bin\sunmscapi.dll
Event: 6.250 Loaded shared library C:\Program Files\Java\jdk-21\bin\verify.dll

Deoptimization events (20 events):
Event: 8.338 Thread 0x0000024d48320130 DEOPT PACKING pc=0x0000024d76a3991c sp=0x00000080a18fe9f0
Event: 8.338 Thread 0x0000024d48320130 DEOPT UNPACKING pc=0x0000024d75ef4e42 sp=0x00000080a18fdee0 mode 1
Event: 8.338 Thread 0x0000024d48320130 DEOPT PACKING pc=0x0000024d76a455f4 sp=0x00000080a18feb90
Event: 8.338 Thread 0x0000024d48320130 DEOPT UNPACKING pc=0x0000024d75ef4e42 sp=0x00000080a18fe080 mode 1
Event: 8.355 Thread 0x0000024d483e6290 DEOPT PACKING pc=0x0000024d7649d559 sp=0x00000080a1bfc760
Event: 8.355 Thread 0x0000024d483e6290 DEOPT UNPACKING pc=0x0000024d75ef4e42 sp=0x00000080a1bfbbb8 mode 1
Event: 8.355 Thread 0x0000024d483e6290 DEOPT PACKING pc=0x0000024d7649c7ac sp=0x00000080a1bfc7f0
Event: 8.355 Thread 0x0000024d483e6290 DEOPT UNPACKING pc=0x0000024d75ef4e42 sp=0x00000080a1bfbc98 mode 1
Event: 8.355 Thread 0x0000024d483e6290 DEOPT PACKING pc=0x0000024d76534d94 sp=0x00000080a1bfd270
Event: 8.355 Thread 0x0000024d483e6290 DEOPT UNPACKING pc=0x0000024d75ef4e42 sp=0x00000080a1bfc738 mode 1
Event: 8.355 Thread 0x0000024d483e6290 DEOPT PACKING pc=0x0000024d76e2d2f4 sp=0x00000080a1bfd300
Event: 8.355 Thread 0x0000024d483e6290 DEOPT UNPACKING pc=0x0000024d75ef4e42 sp=0x00000080a1bfc790 mode 1
Event: 8.355 Thread 0x0000024d483e6290 DEOPT PACKING pc=0x0000024d7649d559 sp=0x00000080a1bfc760
Event: 8.355 Thread 0x0000024d483e6290 DEOPT UNPACKING pc=0x0000024d75ef4e42 sp=0x00000080a1bfbbb8 mode 1
Event: 8.355 Thread 0x0000024d483e6290 DEOPT PACKING pc=0x0000024d7649c7ac sp=0x00000080a1bfc7f0
Event: 8.355 Thread 0x0000024d483e6290 DEOPT UNPACKING pc=0x0000024d75ef4e42 sp=0x00000080a1bfbc98 mode 1
Event: 8.355 Thread 0x0000024d483e6290 DEOPT PACKING pc=0x0000024d76534d94 sp=0x00000080a1bfd270
Event: 8.355 Thread 0x0000024d483e6290 DEOPT UNPACKING pc=0x0000024d75ef4e42 sp=0x00000080a1bfc738 mode 1
Event: 8.355 Thread 0x0000024d483e6290 DEOPT PACKING pc=0x0000024d76e2d2f4 sp=0x00000080a1bfd300
Event: 8.355 Thread 0x0000024d483e6290 DEOPT UNPACKING pc=0x0000024d75ef4e42 sp=0x00000080a1bfc790 mode 1

Classes loaded (20 events):
Event: 8.363 Loading class org/hibernate/metamodel/mapping/SelectableConsumer
Event: 8.363 Loading class org/hibernate/metamodel/mapping/SelectableConsumer done
Event: 8.363 Loading class org/hibernate/metamodel/mapping/SelectableConsumer
Event: 8.363 Loading class org/hibernate/metamodel/mapping/SelectableConsumer done
Event: 8.363 Loading class org/hibernate/persister/entity/mutation/UpdateCoordinatorStandard
Event: 8.363 Loading class org/hibernate/persister/entity/mutation/UpdateCoordinatorStandard done
Event: 8.363 Loading class org/hibernate/sql/model/ast/builder/TableMutationBuilder
Event: 8.363 Loading class org/hibernate/sql/model/ast/builder/TableMutationBuilder done
Event: 8.363 Loading class org/hibernate/sql/model/ast/ColumnValueParameterList
Event: 8.363 Loading class org/hibernate/sql/model/ast/ColumnValueParameterList done
Event: 8.363 Loading class org/hibernate/sql/model/internal/TableUpdateStandard
Event: 8.363 Loading class org/hibernate/sql/model/internal/TableUpdateStandard done
Event: 8.364 Loading class org/hibernate/sql/model/ast/AbstractTableUpdate
Event: 8.364 Loading class org/hibernate/sql/model/ast/AbstractTableUpdate done
Event: 8.364 Loading class org/hibernate/sql/model/ast/TableUpdate
Event: 8.364 Loading class org/hibernate/sql/model/ast/TableUpdate done
Event: 8.364 Loading class org/hibernate/sql/model/ast/AbstractRestrictedTableMutation
Event: 8.364 Loading class org/hibernate/sql/model/ast/AbstractRestrictedTableMutation done
Event: 8.364 Loading class org/hibernate/sql/model/ast/ColumnValueBinding
Event: 8.364 Loading class org/hibernate/sql/model/ast/ColumnValueBinding done

Classes unloaded (0 events):
No events

Classes redefined (1 events):
Event: 1.015 Thread 0x0000024d75d6f560 redefined class name=java.lang.Throwable, count=1

Internal exceptions (20 events):
Event: 5.909 Thread 0x0000024d483e6290 Exception <a 'java/lang/NoSuchMethodError'{0x0000000718a8c0f0}: 'void java.lang.invoke.DelegatingMethodHandle$Holder.reinvoke_L(java.lang.Object, java.lang.Object, java.lang.Object, java.lang.Object, int, java.lang.Object, java.lang.Object, java.lang.Object)'> (0x0000000718a8c0f0) 
thrown [s\open\src\hotspot\share\interpreter\linkResolver.cpp, line 773]
Event: 6.470 Thread 0x0000024d483e6290 Exception <a 'java/lang/NoSuchMethodError'{0x000000071254ec08}: 'int java.lang.invoke.DirectMethodHandle$Holder.invokeStatic(java.lang.Object)'> (0x000000071254ec08) 
thrown [s\open\src\hotspot\share\interpreter\linkResolver.cpp, line 773]
Event: 6.674 Thread 0x0000024d483e6290 Exception <a 'sun/nio/fs/WindowsException'{0x0000000711b61db8}> (0x0000000711b61db8) 
thrown [s\open\src\hotspot\share\prims\jni.cpp, line 520]
Event: 7.132 Thread 0x0000024d483e6290 Exception <a 'java/lang/NoSuchMethodError'{0x0000000710ffc558}: 'java.lang.Object java.lang.invoke.DirectMethodHandle$Holder.invokeStaticInit(java.lang.Object, java.lang.Object, java.lang.Object, java.lang.Object)'> (0x0000000710ffc558) 
thrown [s\open\src\hotspot\share\interpreter\linkResolver.cpp, line 773]
Event: 7.146 Thread 0x0000024d483e6290 Exception <a 'java/lang/NoSuchMethodError'{0x0000000710d06f78}: 'int java.lang.invoke.Invokers$Holder.invokeExact_MT(java.lang.Object, java.lang.Object)'> (0x0000000710d06f78) 
thrown [s\open\src\hotspot\share\interpreter\linkResolver.cpp, line 773]
Event: 7.501 Thread 0x0000024d483e6290 Exception <a 'java/lang/NoSuchMethodError'{0x000000070f886208}: 'java.lang.Object java.lang.invoke.DirectMethodHandle$Holder.newInvokeSpecial(java.lang.Object, java.lang.Object, int)'> (0x000000070f886208) 
thrown [s\open\src\hotspot\share\interpreter\linkResolver.cpp, line 773]
Event: 7.709 Thread 0x0000024d483e6290 Exception <a 'java/lang/IncompatibleClassChangeError'{0x000000070ea416b0}: Found class java.lang.Object, but interface was expected> (0x000000070ea416b0) 
thrown [s\open\src\hotspot\share\interpreter\linkResolver.cpp, line 840]
Event: 7.725 Thread 0x0000024d483e6290 Exception <a 'java/lang/NoSuchMethodError'{0x000000070eb295a8}: 'java.lang.Object java.lang.invoke.DirectMethodHandle$Holder.invokeStatic(java.lang.Object, java.lang.Object, int, java.lang.Object)'> (0x000000070eb295a8) 
thrown [s\open\src\hotspot\share\interpreter\linkResolver.cpp, line 773]
Event: 7.725 Thread 0x0000024d483e6290 Exception <a 'java/lang/NoSuchMethodError'{0x000000070eb2cdd0}: 'java.lang.Object java.lang.invoke.DirectMethodHandle$Holder.invokeStaticInit(java.lang.Object, java.lang.Object, int, java.lang.Object)'> (0x000000070eb2cdd0) 
thrown [s\open\src\hotspot\share\interpreter\linkResolver.cpp, line 773]
Event: 8.245 Thread 0x0000024d483e6290 Exception <a 'java/lang/NoSuchMethodError'{0x0000000712033a00}: 'void java.lang.invoke.DirectMethodHandle$Holder.invokeStaticInit(java.lang.Object, int, java.lang.Object, java.lang.Object, java.lang.Object, java.lang.Object)'> (0x0000000712033a00) 
thrown [s\open\src\hotspot\share\interpreter\linkResolver.cpp, line 773]
Event: 8.268 Thread 0x0000024d483e6290 Exception <a 'java/lang/NoSuchMethodError'{0x00000007121877d8}: 'int java.lang.invoke.DirectMethodHandle$Holder.invokeStatic(java.lang.Object, java.lang.Object, java.lang.Object, java.lang.Object, java.lang.Object, java.lang.Object)'> (0x00000007121877d8) 
thrown [s\open\src\hotspot\share\interpreter\linkResolver.cpp, line 773]
Event: 8.273 Thread 0x0000024d483e6290 Exception <a 'java/lang/NoSuchMethodError'{0x00000007121b3d10}: 'int java.lang.invoke.DirectMethodHandle$Holder.invokeStatic(java.lang.Object, java.lang.Object, java.lang.Object, java.lang.Object, java.lang.Object)'> (0x00000007121b3d10) 
thrown [s\open\src\hotspot\share\interpreter\linkResolver.cpp, line 773]
Event: 8.303 Thread 0x0000024d483e6290 Exception <a 'java/lang/NoSuchMethodError'{0x0000000711ef3660}: 'void java.lang.invoke.DirectMethodHandle$Holder.invokeInterface(java.lang.Object, java.lang.Object, int, java.lang.Object)'> (0x0000000711ef3660) 
thrown [s\open\src\hotspot\share\interpreter\linkResolver.cpp, line 773]
Event: 8.306 Thread 0x0000024d483e6290 Exception <a 'java/lang/NoSuchMethodError'{0x0000000711f1d998}: 'java.lang.Object java.lang.invoke.DirectMethodHandle$Holder.newInvokeSpecial(java.lang.Object, java.lang.Object, int, java.lang.Object)'> (0x0000000711f1d998) 
thrown [s\open\src\hotspot\share\interpreter\linkResolver.cpp, line 773]
Event: 8.307 Thread 0x0000024d483e6290 Exception <a 'java/lang/NoSuchMethodError'{0x0000000711f21328}: 'java.lang.Object java.lang.invoke.Invokers$Holder.linkToTargetMethod(java.lang.Object, int, java.lang.Object, java.lang.Object)'> (0x0000000711f21328) 
thrown [s\open\src\hotspot\share\interpreter\linkResolver.cpp, line 773]
Event: 8.326 Thread 0x0000024d483e6290 Exception <a 'java/lang/NoSuchMethodError'{0x0000000711c18c60}: 'void java.lang.invoke.DirectMethodHandle$Holder.invokeSpecial(java.lang.Object, java.lang.Object, java.lang.Object, java.lang.Object, java.lang.Object, java.lang.Object, java.lang.Object, java.lang.Object)'> (0x0000000711c18c60) 
thrown [s\open\src\hotspot\share\interpreter\linkResolver.cpp, line 773]
Event: 8.332 Thread 0x0000024d483e6290 Exception <a 'java/lang/NoSuchMethodError'{0x0000000711c5d690}: 'void java.lang.invoke.DirectMethodHandle$Holder.invokeSpecial(java.lang.Object, java.lang.Object, int, java.lang.Object)'> (0x0000000711c5d690) 
thrown [s\open\src\hotspot\share\interpreter\linkResolver.cpp, line 773]
Event: 8.356 Thread 0x0000024d483e6290 Exception <a 'java/lang/NoSuchMethodError'{0x0000000711a64580}: 'int java.lang.invoke.DirectMethodHandle$Holder.invokeStatic(java.lang.Object, int, java.lang.Object)'> (0x0000000711a64580) 
thrown [s\open\src\hotspot\share\interpreter\linkResolver.cpp, line 773]
Event: 8.358 Thread 0x0000024d483e6290 Exception <a 'java/lang/NoSuchMethodError'{0x0000000711a82658}: 'java.lang.Object java.lang.invoke.DirectMethodHandle$Holder.newInvokeSpecial(java.lang.Object, java.lang.Object, java.lang.Object, java.lang.Object, java.lang.Object, int, java.lang.Object)'> (0x0000000711a82658) 
thrown [s\open\src\hotspot\share\interpreter\linkResolver.cpp, line 773]
Event: 8.362 Thread 0x0000024d483e6290 Exception <a 'java/lang/NoSuchMethodError'{0x0000000711abbb38}: 'java.lang.Object java.lang.invoke.Invokers$Holder.linkToTargetMethod(java.lang.Object, java.lang.Object, java.lang.Object, java.lang.Object, java.lang.Object, java.lang.Object, java.lang.Object, java.lang.Object, java.lang.Object, java.lang.Object, java.lang.Object, java.lang.Object)'> (0x0000000711abbb38) 
thrown [s\open\src\hotspot\share\interpreter\linkResolver.cpp, line 773]

ZGC Phase Switch (0 events):
No events

VM Operations (20 events):
Event: 6.335 Executing VM operation: G1CollectForAllocation (G1 Evacuation Pause)
Event: 6.338 Executing VM operation: G1CollectForAllocation (G1 Evacuation Pause) done
Event: 6.681 Executing VM operation: HandshakeAllThreads (Deoptimize)
Event: 6.682 Executing VM operation: HandshakeAllThreads (Deoptimize) done
Event: 6.933 Executing VM operation: HandshakeAllThreads (Deoptimize)
Event: 6.933 Executing VM operation: HandshakeAllThreads (Deoptimize) done
Event: 7.655 Executing VM operation: ICBufferFull
Event: 7.655 Executing VM operation: ICBufferFull done
Event: 7.962 Executing VM operation: HandshakeAllThreads (Deoptimize)
Event: 7.962 Executing VM operation: HandshakeAllThreads (Deoptimize) done
Event: 7.966 Executing VM operation: HandshakeAllThreads (Deoptimize)
Event: 7.966 Executing VM operation: HandshakeAllThreads (Deoptimize) done
Event: 7.991 Executing VM operation: HandshakeAllThreads (Deoptimize)
Event: 7.991 Executing VM operation: HandshakeAllThreads (Deoptimize) done
Event: 8.105 Executing VM operation: HandshakeAllThreads (Deoptimize)
Event: 8.105 Executing VM operation: HandshakeAllThreads (Deoptimize) done
Event: 8.113 Executing VM operation: ICBufferFull
Event: 8.114 Executing VM operation: ICBufferFull done
Event: 8.117 Executing VM operation: G1CollectForAllocation (G1 Evacuation Pause)
Event: 8.122 Executing VM operation: G1CollectForAllocation (G1 Evacuation Pause) done

Events (20 events):
Event: 5.903 Thread 0x0000024d75d6f560 flushing nmethod 0x0000024d76149390
Event: 5.903 Thread 0x0000024d75d6f560 flushing nmethod 0x0000024d761e4390
Event: 5.903 Thread 0x0000024d75d6f560 flushing nmethod 0x0000024d76425610
Event: 5.903 Thread 0x0000024d75d6f560 flushing nmethod 0x0000024d76426b90
Event: 5.903 Thread 0x0000024d75d6f560 flushing nmethod 0x0000024d7663b010
Event: 5.903 Thread 0x0000024d75d6f560 flushing nmethod 0x0000024d76149010
Event: 5.903 Thread 0x0000024d75d6f560 flushing nmethod 0x0000024d7637c710
Event: 5.903 Thread 0x0000024d75d6f560 flushing nmethod 0x0000024d76669d10
Event: 6.303 Thread 0x0000024d4b7e6530 Thread added: 0x0000024d4b7e6530
Event: 6.308 Thread 0x0000024d4b7e6530 Thread exited: 0x0000024d4b7e6530
Event: 6.810 Thread 0x0000024d4c0691c0 Thread added: 0x0000024d4c0691c0
Event: 6.814 Thread 0x0000024d4c0691c0 Thread exited: 0x0000024d4c0691c0
Event: 7.020 Thread 0x0000024d4b7edb50 Thread added: 0x0000024d4b7edb50
Event: 7.139 Thread 0x0000024d4c817e10 Thread added: 0x0000024d4c817e10
Event: 7.316 Thread 0x0000024d4c8184a0 Thread added: 0x0000024d4c8184a0
Event: 7.322 Thread 0x0000024d4c8184a0 Thread exited: 0x0000024d4c8184a0
Event: 7.826 Thread 0x0000024d4c81d360 Thread added: 0x0000024d4c81d360
Event: 7.831 Thread 0x0000024d4c81d360 Thread exited: 0x0000024d4c81d360
Event: 8.335 Thread 0x0000024d4d7a2b40 Thread added: 0x0000024d4d7a2b40
Event: 8.339 Thread 0x0000024d4d7a2b40 Thread exited: 0x0000024d4d7a2b40


Dynamic libraries:
0x00007ff6bfe80000 - 0x00007ff6bfe90000 	C:\Program Files\Java\jdk-21\bin\java.exe
0x00007ffb69760000 - 0x00007ffb699c3000 	C:\WINDOWS\SYSTEM32\ntdll.dll
0x00007ffb67cb0000 - 0x00007ffb67d77000 	C:\WINDOWS\System32\KERNEL32.DLL
0x00007ffb66e10000 - 0x00007ffb671b1000 	C:\WINDOWS\System32\KERNELBASE.dll
0x00007ffb67270000 - 0x00007ffb673bb000 	C:\WINDOWS\System32\ucrtbase.dll
0x00007ffb26950000 - 0x00007ffb26969000 	C:\Program Files\Java\jdk-21\bin\jli.dll
0x00007ffb686c0000 - 0x00007ffb68772000 	C:\WINDOWS\System32\ADVAPI32.dll
0x00007ffb67ba0000 - 0x00007ffb67c49000 	C:\WINDOWS\System32\msvcrt.dll
0x00007ffb68600000 - 0x00007ffb686a7000 	C:\WINDOWS\System32\sechost.dll
0x00007ffb695e0000 - 0x00007ffb696f6000 	C:\WINDOWS\System32\RPCRT4.dll
0x00007ffb67e60000 - 0x00007ffb68023000 	C:\WINDOWS\System32\USER32.dll
0x00007ffb66d20000 - 0x00007ffb66d47000 	C:\WINDOWS\System32\win32u.dll
0x00007ffb687b0000 - 0x00007ffb687da000 	C:\WINDOWS\System32\GDI32.dll
0x00007ffb66b70000 - 0x00007ffb66c91000 	C:\WINDOWS\System32\gdi32full.dll
0x00007ffb671c0000 - 0x00007ffb67263000 	C:\WINDOWS\System32\msvcp_win.dll
0x00007ffb268a0000 - 0x00007ffb268bb000 	C:\Program Files\Java\jdk-21\bin\VCRUNTIME140.dll
0x00007ffb57180000 - 0x00007ffb57410000 	C:\WINDOWS\WinSxS\amd64_microsoft.windows.common-controls_6595b64144ccf1df_6.0.26100.1591_none_3e0fac18e32dc903\COMCTL32.dll
0x00007ffb5ecf0000 - 0x00007ffb5ecfb000 	C:\WINDOWS\SYSTEM32\VERSION.dll
0x00007ffb68b10000 - 0x00007ffb68b3f000 	C:\WINDOWS\System32\IMM32.DLL
0x00007ffb28cc0000 - 0x00007ffb28ccc000 	C:\Program Files\Java\jdk-21\bin\vcruntime140_1.dll
0x00007ffb26810000 - 0x00007ffb2689e000 	C:\Program Files\Java\jdk-21\bin\msvcp140.dll
0x00007ffb25970000 - 0x00007ffb2668d000 	C:\Program Files\Java\jdk-21\bin\server\jvm.dll
0x00007ffb69470000 - 0x00007ffb694e4000 	C:\WINDOWS\System32\WS2_32.dll
0x00007ffb66a10000 - 0x00007ffb66a5e000 	C:\WINDOWS\SYSTEM32\POWRPROF.dll
0x00007ffb5ce50000 - 0x00007ffb5ce86000 	C:\WINDOWS\SYSTEM32\WINMM.dll
0x00007ffb669f0000 - 0x00007ffb66a04000 	C:\WINDOWS\SYSTEM32\UMPDC.dll
0x00007ffb65900000 - 0x00007ffb6591a000 	C:\WINDOWS\SYSTEM32\kernel.appcore.dll
0x00007ffb284d0000 - 0x00007ffb284da000 	C:\Program Files\Java\jdk-21\bin\jimage.dll
0x00007ffb5dd60000 - 0x00007ffb5dfa1000 	C:\WINDOWS\SYSTEM32\DBGHELP.DLL
0x00007ffb68030000 - 0x00007ffb683ac000 	C:\WINDOWS\System32\combase.dll
0x00007ffb67d80000 - 0x00007ffb67e56000 	C:\WINDOWS\System32\OLEAUT32.dll
0x00007ffb4d920000 - 0x00007ffb4d959000 	C:\WINDOWS\SYSTEM32\dbgcore.DLL
0x00007ffb673c0000 - 0x00007ffb67459000 	C:\WINDOWS\System32\bcryptPrimitives.dll
0x00007ffb256a0000 - 0x00007ffb256dc000 	C:\Program Files\Java\jdk-21\bin\jdwp.dll
0x00007ffb25690000 - 0x00007ffb2569f000 	C:\Program Files\Java\jdk-21\bin\instrument.dll
0x00007ffb267f0000 - 0x00007ffb2680f000 	C:\Program Files\Java\jdk-21\bin\java.dll
0x00007ffb256f0000 - 0x00007ffb25901000 	C:\Users\trung\AppData\Local\Temp\idea_libasyncProfiler_dll_temp_folder4275\libasyncProfiler.dll
0x00007ffb266d0000 - 0x00007ffb266e8000 	C:\Program Files\Java\jdk-21\bin\zip.dll
0x00007ffb68d60000 - 0x00007ffb69456000 	C:\WINDOWS\System32\SHELL32.dll
0x00007ffb64900000 - 0x00007ffb6512a000 	C:\WINDOWS\SYSTEM32\windows.storage.dll
0x00007ffb68a30000 - 0x00007ffb68b03000 	C:\WINDOWS\System32\SHCORE.dll
0x00007ffb67ac0000 - 0x00007ffb67b1d000 	C:\WINDOWS\System32\shlwapi.dll
0x00007ffb66a90000 - 0x00007ffb66ab9000 	C:\WINDOWS\SYSTEM32\profapi.dll
0x00007ffb25680000 - 0x00007ffb2568c000 	C:\Program Files\Java\jdk-21\bin\dt_socket.dll
0x00007ffb653c0000 - 0x00007ffb653f2000 	C:\WINDOWS\SYSTEM32\IPHLPAPI.DLL
0x00007ffb65ed0000 - 0x00007ffb65f38000 	C:\WINDOWS\system32\mswsock.dll
0x00007ffb28290000 - 0x00007ffb282a0000 	C:\Program Files\Java\jdk-21\bin\net.dll
0x00007ffb5fa70000 - 0x00007ffb5fb96000 	C:\WINDOWS\SYSTEM32\WINHTTP.dll
0x00007ffb266f0000 - 0x00007ffb26706000 	C:\Program Files\Java\jdk-21\bin\nio.dll
0x00007ffb65400000 - 0x00007ffb65520000 	C:\WINDOWS\SYSTEM32\DNSAPI.dll
0x00007ffb686b0000 - 0x00007ffb686ba000 	C:\WINDOWS\System32\NSI.dll
0x00007ffb53cc0000 - 0x00007ffb53ccb000 	C:\Windows\System32\rasadhlp.dll
0x00007ffb5ef90000 - 0x00007ffb5f016000 	C:\WINDOWS\System32\fwpuclnt.dll
0x00007ffb25950000 - 0x00007ffb2595a000 	C:\Program Files\Java\jdk-21\bin\management.dll
0x00007ffb25940000 - 0x00007ffb2594b000 	C:\Program Files\Java\jdk-21\bin\management_ext.dll
0x00007ffb69460000 - 0x00007ffb69468000 	C:\WINDOWS\System32\PSAPI.DLL
0x00007ffb66180000 - 0x00007ffb6619c000 	C:\WINDOWS\SYSTEM32\CRYPTSP.dll
0x00007ffb65920000 - 0x00007ffb65958000 	C:\WINDOWS\system32\rsaenh.dll
0x00007ffb65f70000 - 0x00007ffb65f9b000 	C:\WINDOWS\SYSTEM32\USERENV.dll
0x00007ffb663c0000 - 0x00007ffb663e6000 	C:\WINDOWS\SYSTEM32\bcrypt.dll
0x00007ffb66170000 - 0x00007ffb6617c000 	C:\WINDOWS\SYSTEM32\CRYPTBASE.dll
0x00007ffb4a900000 - 0x00007ffb4a918000 	C:\WINDOWS\system32\napinsp.dll
0x00007ffb4cbe0000 - 0x00007ffb4cbf2000 	C:\WINDOWS\System32\winrnr.dll
0x00007ffb4cbb0000 - 0x00007ffb4cbd2000 	C:\WINDOWS\system32\nlansp_c.dll
0x00007ffb5f020000 - 0x00007ffb5f036000 	C:\WINDOWS\system32\wshbth.dll
0x00007ffb25960000 - 0x00007ffb25969000 	C:\Program Files\Java\jdk-21\bin\extnet.dll
0x00007ffb26cd0000 - 0x00007ffb26cde000 	C:\Program Files\Java\jdk-21\bin\sunmscapi.dll
0x00007ffb67460000 - 0x00007ffb675d6000 	C:\WINDOWS\System32\CRYPT32.dll
0x00007ffb66380000 - 0x00007ffb663b0000 	C:\WINDOWS\SYSTEM32\ncrypt.dll
0x00007ffb66330000 - 0x00007ffb6636f000 	C:\WINDOWS\SYSTEM32\NTASN1.dll
0x00007ffb28ed0000 - 0x00007ffb28ee0000 	C:\Program Files\Java\jdk-21\bin\verify.dll

dbghelp: loaded successfully - version: 4.0.5 - missing functions: none
symbol engine: initialized successfully - sym options: 0x614 - pdb path: .;C:\Program Files\Java\jdk-21\bin;C:\WINDOWS\SYSTEM32;C:\WINDOWS\WinSxS\amd64_microsoft.windows.common-controls_6595b64144ccf1df_6.0.26100.1591_none_3e0fac18e32dc903;C:\Program Files\Java\jdk-21\bin\server;C:\Users\trung\AppData\Local\Temp\idea_libasyncProfiler_dll_temp_folder4275

VM Arguments:
jvm_args: -agentlib:jdwp=transport=dt_socket,address=127.0.0.1:55850,suspend=y,server=n -javaagent:C:\Users\trung\AppData\Local\JetBrains\IntelliJIdea2025.2\captureAgent\debugger-agent.jar=file:///C:/Users/trung/AppData/Local/Temp/capture1705928215475656846.props -agentpath:C:\Users\trung\AppData\Local\Temp\idea_libasyncProfiler_dll_temp_folder4275\libasyncProfiler.dll=version,jfr,event=wall,interval=10ms,cstack=no,file=C:\Users\trung\IdeaSnapshots\VibetalkApiApplication_2025_09_17_112231.jfr,dbghelppath=C:\Users\trung\AppData\Local\Temp\idea_dbghelp_dll_temp_folder25192\dbghelp.dll,log=C:\Users\trung\AppData\Local\Temp\VibetalkApiApplication_2025_09_17_112231.jfr.log.txt,logLevel=DEBUG -XX:TieredStopAtLevel=1 -Dspring.output.ansi.enabled=always -Dcom.sun.management.jmxremote -Dspring.jmx.enabled=true -Dspring.liveBeansView.mbeanDomain -Dspring.application.admin.enabled=true -Dmanagement.endpoints.jmx.exposure.include=* -Dkotlinx.coroutines.debug.enable.creation.stack.trace=false -Ddebugger.agent.enable.coroutines=true -Dkotlinx.coroutines.debug.enable.flows.stack.trace=true -Dkotlinx.coroutines.debug.enable.mutable.state.flows.stack.trace=true -Dfile.encoding=UTF-8 -Dsun.stdout.encoding=UTF-8 -Dsun.stderr.encoding=UTF-8 
java_command: com.gnxrt.vibetalkapi.VibetalkApiApplication
java_class_path (initial): C:\Workplace\VibeTalk\vibetalk-api\vibetalk-api\target\classes;C:\Users\trung\.m2\repository\org\springframework\boot\spring-boot-starter-data-jpa\3.5.5\spring-boot-starter-data-jpa-3.5.5.jar;C:\Users\trung\.m2\repository\org\springframework\boot\spring-boot-starter\3.5.5\spring-boot-starter-3.5.5.jar;C:\Users\trung\.m2\repository\org\springframework\boot\spring-boot-starter-logging\3.5.5\spring-boot-starter-logging-3.5.5.jar;C:\Users\trung\.m2\repository\ch\qos\logback\logback-classic\1.5.18\logback-classic-1.5.18.jar;C:\Users\trung\.m2\repository\ch\qos\logback\logback-core\1.5.18\logback-core-1.5.18.jar;C:\Users\trung\.m2\repository\org\apache\logging\log4j\log4j-to-slf4j\2.24.3\log4j-to-slf4j-2.24.3.jar;C:\Users\trung\.m2\repository\org\apache\logging\log4j\log4j-api\2.24.3\log4j-api-2.24.3.jar;C:\Users\trung\.m2\repository\org\slf4j\jul-to-slf4j\2.0.17\jul-to-slf4j-2.0.17.jar;C:\Users\trung\.m2\repository\jakarta\annotation\jakarta.annotation-api\2.1.1\jakarta.annotation-api-2.1.1.jar;C:\Users\trung\.m2\repository\org\yaml\snakeyaml\2.4\snakeyaml-2.4.jar;C:\Users\trung\.m2\repository\org\springframework\boot\spring-boot-starter-jdbc\3.5.5\spring-boot-starter-jdbc-3.5.5.jar;C:\Users\trung\.m2\repository\com\zaxxer\HikariCP\6.3.2\HikariCP-6.3.2.jar;C:\Users\trung\.m2\repository\org\springframework\spring-jdbc\6.2.10\spring-jdbc-6.2.10.jar;C:\Users\trung\.m2\repository\org\hibernate\orm\hibernate-core\6.6.26.Final\hibernate-core-6.6.26.Final.jar;C:\Users\trung\.m2\repository\jakarta\persistence\jakarta.persistence-api\3.1.0\jakarta.persistence-api-3.1.0.jar;C:\Users\trung\.m2\repository\jakarta\transaction\jakarta.transaction-api\2.0.1\jakarta.transaction-api-2.0.1.jar;C:\Users\trung\.m2\repository\org\jboss\logging\jboss-logging\3.6.1.Final\jboss-logging-3.6.1.Final.jar;C:\Users\trung\.m2\repository\org\hibernate\common\hibernate-commons-annotations\7.0.3.Final\hibernate-commons-annotations-7.0.3.Final.jar;C:\Users\trung\.m2\repository\io\smallrye\jandex\3.2.0\jandex-3.2.0.jar;C:\Users\trung\.m2\repository\com\fasterxml\classmate\1.7.0\classmate-1.7.0.jar;C:\Users\trung\.m2\repository\net\bytebuddy\byte-buddy\1.17.7\byte-buddy-1.17.7.jar;C:\Users\trung\.m2\repository\org\glassfish\jaxb\jaxb-runtime\4.0.5\jaxb-runtime-4.0.5.jar;C:\Users\trung\.m2\repository\org\glassfish\jaxb\jaxb-core\4.0.5\jaxb-core-4.0.5.jar;C:\Users\trung\.m2\repository\org\glassfish\jaxb\txw2\4.0.5\txw2-4.0.5.jar;C:\Users\trung\.m2\repository\com\sun\istack\istack-commons-runtime\4.1.2\istack-commons-runtime-4.1.2.jar;C:\Users\trung\.m2\repository\jakarta\inject\jakarta.inject-api\2.0.1\jakarta.inject-api-2.0.1.jar;C:\Users\trung\.m2\repository\org\antlr\antlr4-runtime\4.13.0\antlr4-runtime-4.13.0.jar;C:\Users\trung\.m2\repository\org\springframework\data\spring-data-jpa\3.5.3\spring-data-jpa-3.5.3.jar;C:\Users\trung\.m2\repository\org\springframework\data\spring-data-commons\3.5.3\spring-data-commons-3.5.3.jar;C:\Users\trung\.m2\repository\org\springframework\spring-orm\6.2.10\spring-orm-6.2.10.jar;C:\Users\trung\.m2\repository\org\springframework\spring-context\6.2.10\spring-context-6.2.10.jar;C:\Users\trung\.m2\repository\org\springframework\spring-tx\6.2.10\spring-tx-6.2.10.jar;C:\Users\trung\.m2\repository\org\springframework\spring-beans\6.2.10\spring-beans-6.2.10.jar;C:\Users\trung\.m2\repository\org\slf4j\slf4j-api\2.0.17\slf4j-api-2.0.17.jar;C:\Users\trung\.m2\repository\org\springframework\spring-aspects\6.2.10\spring-aspects-6.2.10.jar;C:\Users\trung\.m2\repository\org\aspectj\aspectjweaver\1.9.24\aspectjweaver-1.9.24.jar;C:\Users\trung\.m2\repository\org\springframework\boot\spring-boot-starter-security\3.5.5\spring-boot-starter-security-3.5.5.jar;C:\Users\trung\.m2\repository\org\springframework\spring-aop\6.2.10\spring-aop-6.2.10.jar;C:\Users\trung\.m2\repository\org\springframework\security\spring-security-config\6.5.3\spring-security-config-6.5.3.jar;C:\Users\trung\.m2\repository\org\springframework\security\spring-security-web\6.5.3\spring-security-web-6.5.3.jar;C:\Users\trung\.m2\repository\org\springframework\spring-expression\6.2.10\spring-expression-6.2.10.jar;C:\Users\trung\.m2\repository\org\springframework\boot\spring-boot-starter-validation\3.5.5\spring-boot-starter-validation-3.5.5.jar;C:\Users\trung\.m2\repository\org\apache\tomcat\embed\tomcat-embed-el\10.1.44\tomcat-embed-el-10.1.44.jar;C:\Users\trung\.m2\repository\org\hibernate\validator\hibernate-validator\8.0.3.Final\hibernate-validator-8.0.3.Final.jar;C:\Users\trung\.m2\repository\jakarta\validation\jakarta.validation-api\3.0.2\jakarta.validation-api-3.0.2.jar;C:\Users\trung\.m2\repository\org\springframework\boot\spring-boot-starter-web\3.5.5\spring-boot-starter-web-3.5.5.jar;C:\Users\trung\.m2\repository\org\springframework\boot\spring-boot-starter-json\3.5.5\spring-boot-starter-json-3.5.5.jar;C:\Users\trung\.m2\repository\com\fasterxml\jackson\datatype\jackson-datatype-jdk8\2.19.2\jackson-datatype-jdk8-2.19.2.jar;C:\Users\trung\.m2\repository\com\fasterxml\jackson\datatype\jackson-datatype-jsr310\2.19.2\jackson-datatype-jsr310-2.19.2.jar;C:\Users\trung\.m2\repository\com\fasterxml\jackson\module\jackson-module-parameter-names\2.19.2\jackson-module-parameter-names-2.19.2.jar;C:\Users\trung\.m2\repository\org\springframework\boot\spring-boot-starter-tomcat\3.5.5\spring-boot-starter-tomcat-3.5.5.jar;C:\Users\trung\.m2\repository\org\apache\tomcat\embed\tomcat-embed-core\10.1.44\tomcat-embed-core-10.1.44.jar;C:\Users\trung\.m2\repository\org\apache\tomcat\embed\tomcat-embed-websocket\10.1.44\tomcat-embed-websocket-10.1.44.jar;C:\Users\trung\.m2\repository\org\springframework\spring-web\6.2.10\spring-web-6.2.10.jar;C:\Users\trung\.m2\repository\io\micrometer\micrometer-observation\1.15.3\micrometer-observation-1.15.3.jar;C:\Users\trung\.m2\repository\io\micrometer\micrometer-commons\1.15.3\micrometer-commons-1.15.3.jar;C:\Users\trung\.m2\repository\org\springframework\spring-webmvc\6.2.10\spring-webmvc-6.2.10.jar;C:\Users\trung\.m2\repository\org\springframework\boot\spring-boot-starter-websocket\3.5.5\spring-boot-starter-websocket-3.5.5.jar;C:\Users\trung\.m2\repository\org\springframework\spring-messaging\6.2.10\spring-messaging-6.2.10.jar;C:\Users\trung\.m2\repository\org\springframework\spring-websocket\6.2.10\spring-websocket-6.2.10.jar;C:\Users\trung\.m2\repository\io\jsonwebtoken\jjwt-api\0.12.6\jjwt-api-0.12.6.jar;C:\Users\trung\.m2\repository\io\jsonwebtoken\jjwt-impl\0.12.6\jjwt-impl-0.12.6.jar;C:\Users\trung\.m2\repository\io\jsonwebtoken\jjwt-jackson\0.12.6\jjwt-jackson-0.12.6.jar;C:\Users\trung\.m2\repository\com\fasterxml\jackson\core\jackson-databind\2.19.2\jackson-databind-2.19.2.jar;C:\Users\trung\.m2\repository\com\fasterxml\jackson\core\jackson-annotations\2.19.2\jackson-annotations-2.19.2.jar;C:\Users\trung\.m2\repository\com\fasterxml\jackson\core\jackson-core\2.19.2\jackson-core-2.19.2.jar;C:\Users\trung\.m2\repository\org\springframework\boot\spring-boot-devtools\3.5.5\spring-boot-devtools-3.5.5.jar;C:\Users\trung\.m2\repository\org\springframework\boot\spring-boot\3.5.5\spring-boot-3.5.5.jar;C:\Users\trung\.m2\repository\org\springframework\boot\spring-boot-autoconfigure\3.5.5\spring-boot-autoconfigure-3.5.5.jar;C:\Users\trung\.m2\repository\com\mysql\mysql-connector-j\9.4.0\mysql-connector-j-9.4.0.jar;C:\Users\trung\.m2\repository\org\projectlombok\lombok\1.18.38\lombok-1.18.38.jar;C:\Users\trung\.m2\repository\org\springdoc\springdoc-openapi-starter-webmvc-ui\2.8.8\springdoc-openapi-starter-webmvc-ui-2.8.8.jar;C:\Users\trung\.m2\repository\org\springdoc\springdoc-openapi-starter-webmvc-api\2.8.8\springdoc-openapi-starter-webmvc-api-2.8.8.jar;C:\Users\trung\.m2\repository\org\springdoc\springdoc-openapi-starter-common\2.8.8\springdoc-openapi-starter-common-2.8.8.jar;C:\Users\trung\.m2\repository\io\swagger\core\v3\swagger-core-jakarta\2.2.30\swagger-core-jakarta-2.2.30.jar;C:\Users\trung\.m2\repository\io\swagger\core\v3\swagger-annotations-jakarta\2.2.30\swagger-annotations-jakarta-2.2.30.jar;C:\Users\trung\.m2\repository\io\swagger\core\v3\swagger-models-jakarta\2.2.30\swagger-models-jakarta-2.2.30.jar;C:\Users\trung\.m2\repository\com\fasterxml\jackson\dataformat\jackson-dataformat-yaml\2.19.2\jackson-dataformat-yaml-2.19.2.jar;C:\Users\trung\.m2\repository\org\webjars\swagger-ui\5.21.0\swagger-ui-5.21.0.jar;C:\Users\trung\.m2\repository\org\webjars\webjars-locator-lite\1.1.0\webjars-locator-lite-1.1.0.jar;C:\Users\trung\.m2\repository\org\jspecify\jspecify\1.0.0\jspecify-1.0.0.jar;C:\Users\trung\.m2\repository\me\paulschwarz\spring-dotenv\4.0.0\spring-dotenv-4.0.0.jar;C:\Users\trung\.m2\repository\io\github\cdimascio\dotenv-java\3.0.0\dotenv-java-3.0.0.jar;C:\Users\trung\.m2\repository\org\springframework\boot\spring-boot-starter-mail\3.5.3\spring-boot-starter-mail-3.5.3.jar;C:\Users\trung\.m2\repository\org\springframework\spring-context-support\6.2.10\spring-context-support-6.2.10.jar;C:\Users\trung\.m2\repository\org\eclipse\angus\jakarta.mail\2.0.4\jakarta.mail-2.0.4.jar;C:\Users\trung\.m2\repository\jakarta\activation\jakarta.activation-api\2.1.3\jakarta.activation-api-2.1.3.jar;C:\Users\trung\.m2\repository\org\eclipse\angus\angus-activation\2.0.2\angus-activation-2.0.2.jar;C:\Users\trung\.m2\repository\jakarta\xml\bind\jakarta.xml.bind-api\4.0.2\jakarta.xml.bind-api-4.0.2.jar;C:\Users\trung\.m2\repository\org\springframework\spring-core\6.2.10\spring-core-6.2.10.jar;C:\Users\trung\.m2\repository\org\springframework\spring-jcl\6.2.10\spring-jcl-6.2.10.jar;C:\Users\trung\.m2\repository\org\springframework\security\spring-security-core\6.5.3\spring-security-core-6.5.3.jar;C:\Users\trung\.m2\repository\org\springframework\security\spring-security-crypto\6.5.3\spring-security-crypto-6.5.3.jar;C:\Users\trung\.m2\repository\com\cloudinary\cloudinary-http44\1.39.0\cloudinary-http44-1.39.0.jar;C:\Users\trung\.m2\repository\com\cloudinary\cloudinary-core\1.39.0\cloudinary-core-1.39.0.jar;C:\Users\trung\.m2\repository\org\apache\commons\commons-lang3\3.17.0\commons-lang3-3.17.0.jar;C:\Users\trung\.m2\repository\org\apache\httpcomponents\httpclient\4.4\httpclient-4.4.jar;C:\Users\trung\.m2\repository\org\apache\httpcomponents\httpcore\4.4.16\httpcore-4.4.16.jar;C:\Users\trung\.m2\repository\commons-logging\commons-logging\1.2\commons-logging-1.2.jar;C:\Users\trung\.m2\repository\commons-codec\commons-codec\1.18.0\commons-codec-1.18.0.jar;C:\Users\trung\.m2\repository\org\apache\httpcomponents\httpmime\4.4\httpmime-4.4.jar;C:\Users\trung\.m2\repository\commons-fileupload\commons-fileupload\1.5\commons-fileupload-1.5.jar;C:\Users\trung\.m2\repository\commons-io\commons-io\2.11.0\commons-io-2.11.0.jar;C:\Program Files\JetBrains\IntelliJ IDEA 2025.2\lib\idea_rt.jar
Launcher Type: SUN_STANDARD

[Global flags]
     intx CICompilerCount                          = 12                                        {product} {ergonomic}
     uint ConcGCThreads                            = 3                                         {product} {ergonomic}
     uint G1ConcRefinementThreads                  = 13                                        {product} {ergonomic}
   size_t G1HeapRegionSize                         = 2097152                                   {product} {ergonomic}
    uintx GCDrainStackTargetSize                   = 64                                        {product} {ergonomic}
   size_t InitialHeapSize                          = 260046848                                 {product} {ergonomic}
     bool ManagementServer                         = true                                      {product} {command line}
   size_t MarkStackSize                            = 4194304                                   {product} {ergonomic}
   size_t MaxHeapSize                              = 4139778048                                {product} {ergonomic}
   size_t MaxNewSize                               = 2483027968                                {product} {ergonomic}
   size_t MinHeapDeltaBytes                        = 2097152                                   {product} {ergonomic}
   size_t MinHeapSize                              = 8388608                                   {product} {ergonomic}
    uintx NonNMethodCodeHeapSize                   = 4096                                   {pd product} {ergonomic}
    uintx NonProfiledCodeHeapSize                  = 0                                      {pd product} {ergonomic}
     bool ProfileInterpreter                       = false                                  {pd product} {command line}
    uintx ProfiledCodeHeapSize                     = 0                                      {pd product} {ergonomic}
   size_t SoftMaxHeapSize                          = 4139778048                             {manageable} {ergonomic}
     intx TieredStopAtLevel                        = 1                                         {product} {command line}
     bool UseCompressedOops                        = true                           {product lp64_product} {ergonomic}
     bool UseG1GC                                  = true                                      {product} {ergonomic}
     bool UseLargePagesIndividualAllocation        = false                                  {pd product} {ergonomic}

Logging:
Log output configuration:
 #0: stdout all=warning uptime,level,tags foldmultilines=false
 #1: stderr all=off uptime,level,tags foldmultilines=false

Environment Variables:
PATH=C:\Program Files\Common Files\Oracle\Java\javapath;C:\WINDOWS\system32;C:\WINDOWS;C:\WINDOWS\System32\Wbem;C:\WINDOWS\System32\WindowsPowerShell\v1.0\;C:\WINDOWS\System32\OpenSSH\;C:\Program Files\Git\cmd;C:\Program Files\nodejs\;C:\Program Files\MySQL\MySQL Shell 8.0\bin\;C:\Users\trung\AppData\Local\Microsoft\WindowsApps;C:\Program Files\JetBrains\IntelliJ IDEA 2025.2\bin;C:\Users\trung\AppData\Local\Programs\Microsoft VS Code\bin;C:\Users\trung\AppData\Roaming\npm
USERNAME=trung
OS=Windows_NT
PROCESSOR_IDENTIFIER=AMD64 Family 23 Model 96 Stepping 1, AuthenticAMD
TMP=C:\Users\trung\AppData\Local\Temp
TEMP=C:\Users\trung\AppData\Local\Temp




Periodic native trim disabled

---------------  S Y S T E M  ---------------

OS:
 Windows 11 , 64 bit Build 26100 (10.0.26100.1591)
OS uptime: 0 days 0:02 hours
Hyper-V role detected

CPU: total 16 (initial active 16) (16 cores per cpu, 2 threads per core) family 23 model 96 stepping 1 microcode 0x8600104, cx8, cmov, fxsr, ht, mmx, 3dnowpref, sse, sse2, sse3, ssse3, sse4a, sse4.1, sse4.2, popcnt, lzcnt, tsc, tscinvbit, avx, avx2, aes, clmul, bmi1, bmi2, adx, sha, fma, vzeroupper, clflush, clflushopt, hv, rdtscp, rdpid, f16c
Processor Information for all 16 processors :
  Max Mhz: 2900, Current Mhz: 2900, Mhz Limit: 2900

Memory: 4k page, system-wide physical 15789M (5629M free)
TotalPageFile size 16813M (AvailPageFile size 3873M)
current process WorkingSet (physical memory assigned to process): 371M, peak: 371M
current process commit charge ("private bytes"): 445M, peak: 445M

vm_info: Java HotSpot(TM) 64-Bit Server VM (21.0.8+12-LTS-250) for windows-amd64 JRE (21.0.8+12-LTS-250), built on 2025-06-27T08:11:22Z by "mach5one" with MS VC++ 17.6 (VS2022)

END.
